{"direction": "ltr", "title": "Deleting a Samsung account from the TV", "content": [{"media_type": "text/plain", "text": "( MENU/123 ) MENU Smart Hub Samsung Account Remove Accounts from TV You can remove a Samsung account and password information from your TV. The account information for any external accounts linked to the account is also removed from the TV. \" To remove the account information, you must be logged in to your Samsung account. GAMES My Page Spotlight Most Popular What's New Arcade/Action Sports/Racing Party/Music Trending Shooting/Strategy Games You can download, play, and manage games or games purchased with your Samsung account. Select a game displayed on the screen or select a genre category such as Spotlight , Most Popular , What's New from the top of the screen, and then select a game in the genre you selected. You can also manage downloaded games in My Page . \" This function is not available on certain models in specific geographical areas. \" To use this feature, the TV must be connected to the Internet. \" The genre categories at the top of the screen may differ with the model and geographical area."}], "parent_id": "99356049-bcd2-47fc-9271-69fb96771be2", "type": "h3", "id": "a184ef34-7502-41db-9c67-cf9bc213da88"}