{"direction": "ltr", "title": "Changing the broadcast signal", "content": [{"media_type": "text/plain", "text": "( MENU/123 ) MENU Broadcasting Antenna Try Now You can choose the appropriate DTV mode for your viewing environment. Select Air or Cable . Air is suitable for homes equipped with a separate, over-the-air antenna. Cable is suitable for homes that have subscribed to a local cable-service or satellite-service provider. \" You do not need to use this function if your TV is connected to a cable or satellite box."}], "parent_id": "673fb663-8701-43dd-afc9-9100d31cf1b2", "type": "h3", "id": "1b8152d7-02d9-4b28-b975-20278ba8da99"}