{"direction": "ltr", "title": "Selecting the broadcast audio language", "content": [{"media_type": "text/plain", "text": "( MENU/123 ) MENU Broadcasting Audio Options Try Now You can select the TV's audio language. This is the language you will hear while watching TV if the language is included in the broadcast signal. Audio Options functions differently for analog and digital channels. \" To view the current broadcast's audio signal information, press the INFO button on the standard remote control. Or, press the MENU/123 button on the Samsung Smart Control, and then select INFO on the On-Screen Remote."}], "parent_id": "41ad07c6-683d-411c-89bc-5faf5a5b087a", "type": "h3", "id": "963f0920-7100-4c11-90fb-3c29ac8174e3"}