{"direction": "ltr", "title": "If the clock is wrong in auto mode...", "content": [{"media_type": "text/plain", "text": "( MENU/123 ) MENU System Time Clock Time Offset Try Now You can offset the clock in 1-hour increments by as much as -/+ 12 hours if the TV fails to display the correct automatically set time. \" Time Offset adjusts the time through a network connection. This function is only available if Clock Mode is set to Auto and the TV is connected to the Internet though a local area network. \" Time Offset adjusts the time if the TV fails to receive time information through normal digital broadcast signals."}], "parent_id": "a5821cef-75a0-442d-a703-ac2ae10abafb", "type": "h4", "id": "4e3f3c86-fda3-4e6f-9426-6e70c4daa648"}