{"direction": "ltr", "title": "Connecting mobile devices without a wireless router (Wi-Fi Direct)", "content": [{"media_type": "text/plain", "text": "( MENU/123 ) MENU Network Wi-Fi Direct Try Now You can connect a mobile device with the Wi-Fi Direct feature directly to the TV without using a wireless router or AP. By connecting a mobile device to the TV through Wi-Fi Direct , you can play photo, video, and music files saved on the mobile device on the TV. 1. Enable Wi-Fi Direct on the mobile device, and then run Wi-Fi Direct on the TV. The TV automatically scans for and displays a list of available devices. The TV's name also appears on the mobile device. 2. Select the device from the list to initiate a connection. If a connection request is made by the TV, a permission message appears on the mobile device and vice versa. 3. Allow the connection. The TV and mobile device connect. \" For more information, refer to \"Playing multimedia content in a computer or mobile device.\" \" To confirm whether a mobile device allows or denies a connection, select MENU Network Multimedia Device Manager . \" To connect more easily, activate Wi-Fi Direct on your TV and mobile device, and then place the mobile device close to the TV. The connection permission confirmation window appears on the bottom left of the TV screen so that you can easily connect the device."}], "parent_id": "a148035c-9791-48f4-93d5-63af0ddeb075", "type": "h3", "id": "1268aed0-ad9b-4bc1-a533-7e326ac9f958"}