{"direction": "ltr", "title": "Turning off the TV using the off timer", "content": [{"media_type": "text/plain", "text": "( MENU/123 ) MENU System Time Off Timer Try Now You can set Off Timer to turn off the TV automatically at a specified time. You can set up to three separate configurations: Off Timer 1 , 2 and 3 . Off Timer is only available when Clock has already been set. \u25cf Setup Sets days of the week that the TV is turned off automatically. If you select Manual , you can select each specific day. \u25cf Time Sets the time for the TV to turn off automatically."}], "parent_id": "ab10d590-7f86-4b8e-b1f2-9751aa3733cf", "type": "h4", "id": "840ce6f5-f49b-480f-a683-02ee94986e9b"}