{"direction": "ltr", "title": "Editing registered channels", "content": [{"media_type": "text/plain", "text": "You can access the following options by selecting Options at the bottom left of the screen. The available options may differ with the broadcast signal. \u25cf Select All / Deselect All Selects or deselects all channels displayed on the Edit Channel screen. \u25cf Antenna Allows you to select Air or Cable as the DTV mode. \u25cf Category Displays the channels of a selected category in the list. The channels stored in the TV are grouped into the following categories: All and Added Ch. . \u25cf Edit Favorites Sets favorite channels. \" For more information, refer to \"Creating a Personal Favorites List.\" \u25cf Rename Channel Renames analog channels. The new name can be up to 5 characters long. \u25cf Information Displays detailed information about the current program."}], "parent_id": "ddcadcb7-8abc-41d2-a19b-9ca04b547d0e", "type": "h3", "id": "26505256-6607-4ca5-bf69-9b5d2aba0808"}