{"direction": "ltr", "title": "Using the buttons on the remote control while recording a program", "content": [{"media_type": "text/plain", "text": "\u25cf Pause / Play Press the or button on the remote control to pause the recording screen or resume the paused recording screen. When the recording is paused, you can use the following functions. However, no audio is heard while the recording is paused. - Step : Press the MENU/123 button on the Samsung Smart Control, and then select the button to scan through a video one frame at a time. \" On the standard remote control, press the button. - Slow Motion : Press the MENU/123 button on the Samsung Smart Control, and then select the button to play the video back at 1/2 the normal speed. \" On the standard remote control, press the button. \u25cf Rewind / Fast forward Press the MENU/123 button on the Samsung Smart Control, and then select or button to speed up rewind or fast forward. \" On the standard remote control, press the or button. \" This function is not available while you are watching a program that is currently being broadcast."}], "parent_id": "52b87d1c-7995-4888-8f3f-ae9489bca24a", "type": "h3", "id": "88a7fc93-6557-4052-928e-634c26a9d91a"}