{"direction": "ltr", "title": "Displaying Multiple Screens", "content": [{"media_type": "text/plain", "text": "You can surf the web or run an app while viewing the TV. You can change the size of each screen by dragging the circle in the middle of the screen to the left or right. \" The image of the remote control may differ with the TV model. \" For more information, refer to \"Viewing Multiple Screens or Features with Multi-Link Screen.\""}], "parent_id": "977a7650-9865-4a8c-be51-631e41348991", "type": "h2", "id": "97c8d058-e410-4955-88c1-d0dd1f367e19"}