{"direction": "ltr", "title": "Activating sports mode", "content": [{"media_type": "text/plain", "text": "( MENU/123 ) MENU System Sports Mode or Soccer Mode Set Sports Mode to On . The TV automatically configures the picture and sound settings so that they are suitable for soccer matches. System Accessibility Setup Sports Mode Menu Language English Smart Security Universal Remote Setup Voice Recognition \" You can zoom in the screen while you are using the sports mode. Move the focus to the part of screen to magnify. \" Your TV's menu may differ from the image above, depending on the model. \" The actual name may differ by specific geographical area. \" For more information, refer to \"Making Sports Programs More Realistic with Sports Mode.\""}], "parent_id": "b8e27382-6ef3-47b3-bd51-34f384b0ac97", "type": "h3", "id": "eda3be63-e689-4dd6-ac71-65d549adb865"}