{"direction": "ltr", "title": "Functions on the media content list screen", "content": [{"media_type": "text/plain", "text": "You can use the following functions on the media content list screen of a storage device. \u25cf Filter By Filters the media content to display the type of media you want. \u25cf Sort By Sorts the content list. The sorting methods change depending on the type of content you have selected. \" This function is not available when Filter By is set to All . \u25cf Delete Deletes the recorded media content from the media content list. \" This function is not available in the U.S.A. and Canada. \" This function is only available when the storage device has recorded media content. \u25cf Play Selected Plays the selected media content from the media content list. \" This function is not available when Filter By is set to All ."}], "parent_id": "7dff1d2c-9e76-4f0d-be88-2c0d6686d4ed", "type": "h3", "id": "7d83f0f7-10db-4b0e-a069-3be6b799d4c1"}