{"direction": "ltr", "title": "Connecting a Bluetooth keyboard", "content": [{"media_type": "text/plain", "text": "\" This function is not available on certain models in specific geographical areas. 1. Place the Bluetooth keyboard into standby status. 2. Select MENU System Device Manager Keyboard Settings Add Bluetooth Keyboard . The TV automatically scans for available keyboards. \" If your keyboard was not detected, position the keyboard close to the TV, and then select Refresh . The TV scans for available keyboards again. 3. Select the Bluetooth keyboard from the scan list, and then select Pair and connect . A number appears on the screen. 4. Enter the number using the Bluetooth keyboard. This pairs the Bluetooth keyboard to the TV."}], "parent_id": "bee66eda-f3c1-43c5-9c68-f2c3f870ecb6", "type": "h4", "id": "99f35cbd-63cc-46d3-80d1-ca197b582796"}