{"direction": "ltr", "title": "Displaying and using the On-Screen Remote", "content": [{"media_type": "text/plain", "text": "You can display and use the On-Screen Remote on the TV's screen by pressing MENU/123 button on the Samsung Smart Control. Button Description Menu Displays the menu on the screen. Voice Recognition Runs the Voice Recognition function. \" For more information, refer to \" Read Before Using Voice, Motion, or Face Recognition.\" Picture Size Changes the picture size. Caption Turns captions on or off. Network Settings Displays screens that allow you to change your network settings. 3D Turns the 3D function on or off. Info Displays information about the current program or content. Guide Displays the Guide screen. Channel List Launches the Channel List . Multi-Link Screen Splits the TV screen and allows you to use multiple functions - such as watching TV, surfing the web, and playing a video - at the same time. \" For more information, refer to \"Viewing Multiple Screens or Features with Multi-Link Screen\". Sports Mode or Soccer Mode Enables/Disables Sports Mode. \" The actual name may differ by specific geographical area. \" For more information, refer to the \" Making Sports Programs More Realistic with Sports Mode\" section. Extra Displays related information about the current program. Button Description e-Manual Opens the e-Manual. Picture Mode Changes the picture mode. Speaker List Allows you to select the speakers that will play the TV's audio. MTS Allows you to change the broadcast audio to stereo, mono, or SAP (Second Audio Program) for analog channels. Sleep Timer Shuts off the TV automatically after a preset period of time. Tools Displays the Tools menu on the screen. Source Displays the Source screen. Power Turns off the TV. Use these colored buttons to access additional options specific to the feature in use. \" These buttons are only available in the U.S.A. and Canada. Move Number Pad to the Right / Move Number Pad to the Left Moves the number pad to the left or right. \" This function is not available on certain models in specific geographical areas. \" The On-Screen Remote buttons may vary, depending on the TV model and the TV functions you are using. \" To change the order of the menu options on the first row, select a menu option to move, press and hold the Enter button, and then select the directional buttons displayed to specify a new position."}], "parent_id": "25bb7132-bdfe-47ae-8beb-befc20e237a7", "type": "h3", "id": "c8c058a3-15f6-467a-9273-ffceb67a39ac"}