{"direction": "ltr", "title": "Extracting highlights automatically", "content": [{"media_type": "text/plain", "text": "( MENU/123 ) MENU System Soccer Mode Auto Highlights Try Now You can set Auto Highlights to On to configure the TV to extract highlights of a sporting event automatically. However, Auto Highlights is not available: - When you are switching the input signal using the SOURCE button. - When 3D mode is active - When Video Description is on - When you are viewing the content in MY CONTENT - When the Screen Mirroring function is running - When you are viewing highlights of the current soccer game in the UHD resolution by using the Highlight Player function \" This function is not available in the U.S.A. and Canada. \" The performance of Auto Highlights depends on the characteristics of the transmitted signal. \" It is advisable to use Auto Highlights only while watching a soccer game. If you use this function for other sporting events, it may display irrelevant picture frames."}], "parent_id": "c977e91e-ac6b-4ebe-afab-965b8d31962e", "type": "h3", "id": "7c8f7fc6-bd6a-490f-b4d5-ebef37137f42"}