{"direction": "ltr", "title": "Preventing screen burn", "content": [{"media_type": "text/plain", "text": "( MENU/123 ) MENU System Auto Protection Time Try Now You can use the Screen Burn Protection function to protect the screen. Still images can leave burned-in after-images if left on the screen for a long period of time. Select a time setting from the list. If a still image is shown on the screen for longer than the time that you selected, the TV automatically activates the Screen Burn Protection function."}], "parent_id": "9f96ebc6-acc5-487d-a7ea-48382b44ee0b", "type": "h3", "id": "13cad060-d280-4aaf-9aa5-ee0e4c27cfd9"}