{"direction": "ltr", "title": "Operating the TV with the POINTER button", "content": [{"media_type": "text/plain", "text": "Place a finger on the POINTER button and move the Samsung Smart Control. The pointer on the screen moves in the direction you moved the Samsung Smart Control. Move the pointer to one of the following icons on the screen, and then press the POINTER button. \u25cf : Displays the On-Screen Remote. \u25cf : Allows you to adjust the volume or select speakers. \u25cf : Displays the channel list. \u25cf : Launches Smart Hub. Configure the basic settings for using the Samsung Smart Control. System Universal Remote Setup Voice Recognition Motion Control Time Notifications Device Manager Smart Control Settings"}], "parent_id": "32b62f4d-638e-4ae1-a297-c54a6bd315d5", "type": "h3", "id": "299cd44d-18e1-414e-9530-5a034cb4064d"}