{"direction": "ltr", "title": "3D precautions", "content": [{"media_type": "text/plain", "text": "[ Warning \u25cf When viewing a 3D video under a fluorescent lamp (50 Hz - 60 Hz) or 3-wavelength lamp, you may notice a small amount of screen flickering. \" If this symptom occurs, dim or turn off the light. \u25cf Switching the input mode while watching a 3D movie may disable the 3D function on the TV. \" If this symptom occurs, the 3D glasses may automatically turn off. \u25cf If you lie on your side while watching TV with 3D active glasses, the picture may appear dark or may not be visible. The actual 3D effect may be experienced differently depending on the viewer. The 3D effect may not be visible if the visual ability of your left eye differs greatly from the visual ability of your right eye. \u25cf If a part of the 3D glasses or lenses is defective or damaged, it cannot be repaired and the glasses should be replaced. If the glasses stop working within the warranty period, the glasses can be repaired or replaced for free. If the glasses have been damaged due to the fault of the customer or the warranty period has expired, a new pair of glasses will have to be purchased. \u25cf If the eye sight in one of your eyes differs greatly from the eye sight in the other eye, you may perceive 3D effects to a lesser degree than other persons or may not perceive 3D effects at all. \u25cf Ensure you are within the working distance of the glasses when you view a 3D video. \" The images may not be viewable in 3D if you move outside of the working distance for 3 seconds. \" If the 3D glasses are moved outside of their working distance, the signal from the TV will disconnect and the glasses' 3D function will turn off after several seconds. When this happens, the red LED will turn on for 3 seconds. \u25cf The 3D glasses may not work properly due to interference from other 3D products or electronic devices that operate on the 2.4 GHz frequency such as a microwave oven or Internet AP. If the 3D function malfunctions due to interference, please move all other electronic or wireless communication devices as far away from the glasses and the TV as possible. \u25cf The vividness of the image may appear degraded if you view 3D video in a place that is exposed to direct sunlight or illumination. \u25cf The 3D glasses may malfunction if there is an electric field or metallic object such as a steel plate nearby. Keep the glasses as far away as possible from electric fields and metallic objects. \u25cf With SSG-3570 model glasses, the glasses may power off if you remain stationary while viewing 3D video for an extended period of time. \u25cf With SSG-3570 model glasses, if the 3D glasses do not function immediately after you put them on when the TV is in 3D mode, take them off and then put them back on. [ Caution IMPORTANT HEALTH AND SAFETY INFORMATION FOR 3D VIEWING. READ THE FOLLOWING CAUTIONS BEFORE YOU OR YOUR CHILD USE THE 3D FUNCTION. \u25cf Adults should frequently check on children who are using the 3D function. If there are any complaints of tired eyes, headaches, dizziness, or nausea, stop the child from viewing the 3D TV and ensure that they rest. \u25cf Do not use the 3D glasses for other purposes such as general wear, sunglasses, protective goggles, etc. \u25cf Some viewers may experience discomfort such as dizziness, nausea, and headaches while viewing 3D TV. If you experience any of these symptoms, stop viewing the 3D TV, remove the 3D glasses, and rest for awhile. \u25cf Watching 3D pictures for an extended period of time may cause eye strain. If you experience any eye strain, stop viewing the 3D TV, remove the 3D glasses, and rest for awhile. \u25cf Do not use the 3D function or 3D glasses while walking or moving around. Using the 3D function or 3D Active Glasses while moving around may result in injury from running into objects, tripping, and/or falling. \u25cf Do not sleep with the 3D glasses on. You can damage or break the temples. \u25cf The temples on your 3D glasses are not foldable. Forcing the temples to fold will damage the 3D glasses. \u25cf With SSG-3570 model glasses, do not shake your 3D glasses repeatedly. Shaking the glasses will power them on and can cause the battery to discharge faster than it would normally. \u25cf With SSG-5100GB and SSG-5150GB models glasses, there is a danger of explosion if you replace the battery with the wrong type of battery. \u25cf With SSG-5100GB and SSG-5150GB models glasses, make sure to replace the battery with the same type of battery. [ Safety precautions The following safety instructions are provided to ensure your personal safety and prevent property damage. Please read the following to ensure the proper use of the product. \u25cf Do not place the product in a location exposed to direct sunlight, heat, fire, or water. Exposure may result in a product malfunction or fire. \u25cf Do not apply force to the lenses of the 3D glasses. Do not drop or bend the glasses. Applying force, dropping, or bending may result in a 3D glasses malfunction. \u25cf Keep the components of the 3D glasses out of reach of children. Especially, ensure children do not swallow any of the components. If your child swallows a component, consult your doctor immediately. \u25cf When cleaning the glasses, do not spray water or cleaner directly onto its surface. Spraying water or cleaner directly onto the glasses may result in fire or electric shock, damage to the glasses's surface, or cause the indicator labels on the glasses's surface to come loose. \u25cf Do not apply chemicals containing alcohol, solvent, or surfactant such as wax, benzene, thinner, pesticide, air freshener, lubricant, or cleaner to the glasses. These chemicals may cause the glasses's exterior to discolor or crack, or the labels or instructions to be removed. Use only a soft cloth such as superfine fibers or cotton flannels to clean the glasses as the surface and the lenses easily crack. Because the glasses can be easily scratched by foreign substances, make sure to dust off the cloth before using. \u25cf Do not disassemble, or attempt to repair or modify your 3D active glasses by yourself. \u25cf Be careful not to let the temple ends of the 3D active glasses harm your eye. \u25cf Do not sleep with the 3D glasses on. You can break the arms. \u25cf Use your hands to put on or remove the 3D glasses. \u25cf For SSG-5100 and SSG-5150 model glasses, use only the specified standard batteries. When replacing the battery, insert the battery so that its polarity (+, -) is correct. Failing to do so may damage the battery or result in fire, personal injury or environmental damage caused by liquid leaking from the battery. \u25cf For SSG-5100 and SSG-5150 model glasses, keep used batteries out of the reach of children so that they do not accidently swallow it. If your child swallows a battery, consult your doctor immediately. \u25cf Swallowing the cylindrical (button type) battery can cause serious damage to your internal organs. If this happens, contact a doctor immediately."}], "parent_id": "acbc20a4-e63d-4d3e-80c7-e054315d1c81", "type": "h3", "id": "708c5d09-599c-4101-8cf4-c638e5a07a44"}