{"direction": "ltr", "title": "Controlling the TV with your voice", "content": [{"media_type": "text/plain", "text": "Press and hold the MENU/123 button on the Samsung Smart Control. The Voice Recognition screen appears. When the Voice Recognition icon appears on the screen, say commands slowly into the microphone on the Samsung Smart Control in a moderately loud voice. \" The Samsung Smart Control may not be provided with specific model and country. \" For more information, refer to \"Controlling the TV with Your Voice.\""}], "parent_id": "66a55208-6bab-4dc4-8db2-9a7c30752734", "type": "h3", "id": "17ce7193-176e-44b9-a926-41a21ee9e9d7"}