{"direction": "ltr", "title": "If HDMI UHD Color is set to On", "content": [{"media_type": "text/plain", "text": "Frame rate (fps) Color Depth / Chroma Sampling RGB 4:4:4 YCbCr 4:4:4 YCbCr 4:2:2 YCbCr 4:2:0 50 / 60 8 bit O O O O 10 bit - - O O 12 bit - - O O \" For the 6401 to 6800, 641D to 700D, 7000, 7200, and 8000 series models, make sure to connect to the HDMI IN (STB/DVI) port of the TV. \" HDMI UHD Color is not available on the 6100 to 6400, 639D and 640D series models."}], "parent_id": "bd217ab0-f27f-4201-8516-a3cd23587dbc", "type": "h3", "id": "b9d72aaa-0efd-42ad-9fde-9bcc88d76479"}