{"direction": "ltr", "title": "Using Screen Mirroring", "content": [{"media_type": "text/plain", "text": "( MENU/123 ) MENU Network Screen Mirroring Try Now You can wirelessly connect a mirroring-enabled mobile device to the TV and play the video and audio files stored on the device on the TV. Mirroring refers to the function that plays the video and audio files located on a mobile device on a TV and on the mobile device simultaneously."}], "parent_id": "a148035c-9791-48f4-93d5-63af0ddeb075", "type": "h3", "id": "5b015013-8cef-47e8-862d-802bcb7f87b3"}