{"direction": "ltr", "title": "Managing the connection status of previously connected mobile devices", "content": [{"media_type": "text/plain", "text": "1. Select MENU Network Multimedia Device Manager . The TV displays a list of devices that have previously connected to the TV or have tried to connect to the TV and been denied. The status of the connection (Allow/Deny) is also displayed. 2. Select a device. 3. Select connection type or delete the device from the list. \" This function is only available if the devices have previously connected to the TV or have previously attempted to connect and been denied."}], "parent_id": "1268aed0-ad9b-4bc1-a533-7e326ac9f958", "type": "h4", "id": "6d0e992d-ddf6-4861-8d25-0afd70635375"}