{"direction": "ltr", "title": "Smart Features", "content": [{"media_type": "text/plain",
  "text": "Viewing Multiple Screens or Features with Multi-Link Screen 39 Using Multi-Link Screen Smart Hub 41 Removing or pinning an item in the Recent group 41 Launching Smart Hub automatically 41 Testing Smart Hub connections 42 Using the Smart Hub tutorial 42 Resetting Smart Hub Using Smart Hub with a Samsung Account 43 Creating a Samsung account 44 Signing in to a Samsung account 44 Linking your Samsung account to external service accounts 45 Changing and adding information to a Samsung account 45 Deleting a Samsung account from the TV Using the GAMES Service 46 Managing games with the pop-up Options menu 46 Viewing the Detailed Information screen 47 Installing and running a game 47 Managing downloaded or purchased games Using the APPS Service 49 Managing Apps with the pop-up Options menu 49 Viewing the Detailed Information screen 50 Installing an app 50 Enabling automatic apps updates 51 Removing an app from the TV 51 Locking and unlocking apps 51 Updating apps 51 Rearranging apps 51 Rating purchased apps 51 Using other app features and functions Using the e-Manual 52 Launching the e-Manual 52 Using the buttons in the e-Manual Using the Web Browser 53 Browsing preferences Using the MY CONTENT Service 54 Read before playing media content 55 Playing multimedia content in a computer or mobile device 55 Playing media content saved on a USB device 56 Buttons and functions available while viewing photos 57 Buttons and functions available while viewing videos 59 Buttons and functions available while playing music 60 Functions on the media content list screen Using the NewsON Service 61 Using NewsON content Using the Soccer Service 62 Configuring the Soccer service screen to display your favorite soccer teams 62 Using additional functions 63 Viewing soccer videos Controlling the TV with Your Voice 65 Read before using voice recognition 65 Learning voice recognition basics 66 Using interactive voice recognition at a short distance 66 Using the voice recognition tutorial Controlling the TV using Motions (Motion Control) 67 Testing ambient illumination using the TV camera 68 Activating motion control 70 Changing the motion control screens Using Face Recognition 72 Registering your face to your Samsung account 73 Changing your login method to face recognition 73 Signing in to a Samsung account using face recognition"}], "parent_id": "3109cccb-1708-4056-b0ca-e2e5a883a23f", "type": "h3", "id": "432b97c0-ff37-4932-9195-da7ff4087ca4"}