{"direction": "ltr", "title": "Rearranging a favorites list", "content": [{"media_type": "text/plain", "text": "Select Edit Favorites . Select Change Fav. to move to the favorites list that has the channels you want to rearrange. Select the channels, and then select Change Order . The Change Order highlight appears. Press the up/down arrow buttons to indicate the new location for the channels. Press the Enter button to set the channels into their new location."}], "parent_id": "47ae5a3a-8aa8-45d2-8c17-0f829e5663cb", "type": "h4", "id": "5c516f90-5e10-4dbc-9a93-527cc4302ff4"}