{"direction": "ltr", "title": "Using additional functions", "content": [{"media_type": "text/plain", "text": "Select on the QWERTY keyboard screen. The following options are available: \u25cf Recommended text Enables or disables the recommended text feature. The keyboard displays recommended words so that you can enter the text more easily. \u25cf Reset recommended text data Deletes both the recommended words and the memorized words to clear the list. \u25cf Predict Next Character (when using direction buttons) Enables or disables the Text Prediction feature. \u25cf Language Select a language from the list."}], "parent_id": "e236eb34-46ba-477b-8eff-a70446499f64", "type": "h3", "id": "2792e347-3e25-4ca1-b3ad-b0784d35165b"}