{"direction": "ltr", "title": "Setting up a schedule viewing an analog channel", "content": [{"media_type": "text/plain", "text": "( MENU/123 ) MENU Broadcasting Schedule Manager Try Now You can set up a schedule viewing for an analog channel. Select Schedule Schedule Viewing . Specify the Source , Channel , Repeat , and Start Time options for the program you want to watch, and then select OK to finish."}], "parent_id": "aeabcce0-9a37-462a-8eb5-83d6e97c0e24", "type": "h4", "id": "3675043e-d582-4501-af7d-ebbe0b3a8e94"}