{"direction": "ltr", "title": "Precautions for wireless Internet", "content": [{"media_type": "text/plain", "text": "\u25cf This TV supports the IEEE 802.11 a /b /g /n /ac communication protocols. Samsung recommends using IEEE 802.11n. Video files stored on a device connected to the TV via a Home Network may not play back smoothly. \" IEEE 802.11 ac communication protocol is not available on certain models. \u25cf To use wireless Internet, the TV must be connected to a wireless router or modem. If the wireless router supports DHCP, the TV can use a DHCP or static IP address to connect to the wireless network. \u25cf Select a channel that is not currently in use for the wireless router. If the channel set for the wireless router is currently being used by another device, the result is usually interference and/or a communications failure. \u25cf Most wireless networks have an optional security system. To enable a wireless network's security system, you need to create a password using characters and numbers. This password is then needed to connect to a security-enabled AP."}], "parent_id": "518bfab0-92f3-4b36-b0f5-8f47614c0a12", "type": "h4", "id": "d54953d1-0976-4d52-bfd1-3e3fb412b41d"}