{"direction": "ltr", "title": "Blocking programs based on their Canadian English Rating", "content": [{"media_type": "text/plain", "text": "You can block programs based on their Canadian English Rating . This rating system applies to all rated material viewed on English-Canadian TV channels. Select a lock beside one of the rating categories to block that category and all higher categories. To unblock a category, select the lock icon. \u25cf C : Programming intended for children under age 8 \u25cf C8+ : Programming generally considered acceptable for children 8 years and over to watch on their own \u25cf G : General programming, suitable for all audiences. \u25cf PG : Parental Guidance \u25cf 14+ : Programming containing themes or content which may not be suitable for viewers under the age of 14 \u25cf 18+ : Adult programming"}], "parent_id": "d4d4eda8-2e76-4b0a-8194-9c24bc0a9d6e", "type": "h4", "id": "2756a5c1-7319-4dad-883c-78ff510ff402"}