{"direction": "ltr", "title": "Connection notes for HDMI", "content": [{"media_type": "text/plain", "text": "\u25cf Use an HDMI cable with a thickness of 0.55 inches (14 mm) or less. \u25cf Using a non-certified HDMI cable may result in a blank screen or a connection error. \u25cf Some HDMI cables and devices may not be compatible with the TV due to different HDMI specifications. \u25cf This TV does not support HDMI Ethernet Channel. Ethernet is a Local Area Network (LAN) built with coaxial cables standardized by the IEEE. \u25cf Use a cable shorter than 10 feet (3m) to get the best UHD viewing quality. \u25cf Many computer graphics adaptors do not have HDMI ports, but have DVI ports instead. If your computer graphics adaptor has a DVI port, use an HDMI-to-DVI cable to connect the computer to the TV. \" For more information, refer to \"Connecting with an HDMI-to-DVI cable.\" \u25cf If you are using an HDMI adapter to connect an MHL device, the TV recognizes the signal as an HDMI signal and may respond differently than it would to an MHL-to-HDMI cable connection. \u25cf Certain functions such as Smart Hub may not be available if the Source is set to HDMI and 3D Auto View is set to Auto1 or Auto2 . If this is the case, set 3D Auto View or 3D Mode to Off ."}], "parent_id": "fe257402-d6c0-4e73-a836-b4fc69122a04", "type": "h3", "id": "a8d41ce8-6da4-4385-a685-736fe46c4b49"}