{"direction": "ltr", "title": "Starting 3D", "content": [{"media_type": "text/plain", "text": "( MENU/123 ) MENU Picture 3D Put on and then turn on the Samsung 3D glasses, and then select a 3D Mode . Note that the 3D modes that are available at any given time depend on the format of the 3D content you are watching. \u25cf Of f (Off) Deactivates 3D viewing. \u25cf (Normal) Converts normal images to 3D images. \" The supported resolutions vary for each mode. For more information, refer to \"Supported Resolutions for 3D Modes.\" The ideal viewing distance is three times the height of the screen or more. 3D images may not appear if you do not adhere to the recommended viewing angle or distance. The 3D function may not work properly if there is another 3D product or an electronic device running nearby. If there is a problem, keep other electronic devices as far away as possible from the 3D Active Glasses. The left and right 3D images may initially overlap when the TV is turned on. It takes a moment for the display to optimize and the overlapping to stop. When you use the 3D mode, note the following limitations: \u25cf The 3D mode is automatically disabled when you launch Smart Hub. \u25cf PIP cannot be used. \u25cf Certain picture options are disabled. Configures the viewpoint, depth, and other 3D settings for a custom viewing experience. \" All 3D effects with the exception of 3D Auto View can only be used while watching 3D content. \u25cf 3D Perspective Adjusts overall 3D perspective for images on the screen. \u25cf 3D Depth Adjusts overall 3D depth for images on the screen. \u25cf L/R Change Try Now Switches the left image to the right image and vice versa. \u25cf 3D \u2192 2D Try Now Converts 3D images to 2D images. \" This function is not available if 3D Mode is set to (Normal) or Of f (Off). \u25cf 3D Auto View Activates 3D Mode automatically whenever it detects 3D content or a 3D broadcast. Auto1 automatically switches the TV screen to a 3D screen for a current 3D content or broadcast whenever the TV detects that it contains 3D information. Auto2 automatically switches the TV screen to a 3D screen for a current 3D content or broadcast regardless of whether it contains 3D information. \u25cf 3D Optimize Try Now Allows you to optimize 3D pictures with an adjustment bar. \" You might not be able to view the TV in 3D mode while some applications are running. To view the TV in 3D mode, exit those applications."}], "parent_id": "f4b1bef2-5023-412b-8074-47b46322449e", "type": "h3", "id": "f961d604-ad68-46e7-a2aa-bef3b714d2df"}