{"direction": "ltr", "title": "Read Before Using Apps", "content": [{"media_type": "text/plain", "text": "\u25cf Due to the product characteristics featured on Samsung Smart Hub, as well as limitations in available content, certain features, applications, and services may not be available on all devices or in all territories. Some Smart Hub features may also require additional peripheral devices or membership fees. Visit http://www.samsung.com for more information on specific device information and content availability. Services and content availability are subject to change without prior notice. \u25cf Samsung Electronics takes no legal responsibility whatsoever for any interruption of app services caused by the service provider for any reason. \u25cf Application services may be provided in English only and available content may differ with the geographical area. \u25cf For more information about applications, visit the applicable service provider's website. \u25cf An unstable Internet connection may cause delays or interruptions. In addition, applications may terminate automatically depending on the network environment. If this occurs, check your Internet connection and try again. \u25cf Application services and updates may become unavailable. \u25cf Application content is subject to change by the service provider without prior notice. \u25cf Specific services may differ with the version of the application installed on the TV. \u25cf An application's functionality may change in future versions of the application. If this occurs, run the application's tutorial or visit the service provider's website. \u25cf Depending on the service provider's policies, certain applications may not support multitasking."}], "parent_id": "977a7650-9865-4a8c-be51-631e41348991", "type": "h2", "id": "1d156a00-f13d-421c-a423-44ce9c8a6daf"}