{"direction": "ltr", "title": "Selecting speakers", "content": [{"media_type": "text/plain", "text": "( MENU/123 ) Speaker List or ( MENU/123 ) MENU Sound Speaker List Try Now On the standard remote control, do one of the following: \u25cf TOOLS Speaker List \u25cf MENU Sound Speaker List \u25cf After adjusting the volume, and then press the button. You can select which speakers the TV uses for audio output. When you connect multiple Samsung Multiroom speakers to the TV, you can select some of the Samsung Multiroom speakers according to the number of the speakers and their locations, and you can also use Bluetooth devices for audio output. \" When Speaker List is set so that sound comes from external speakers only, the Volume and Mute buttons and some Sound functions are disabled. \" Multiroom speaker is only available when at least one Samsung Multiroom compatible speaker is connected to the TV. \" The sound quality may be affected by the condition of your wireless network. \" Multiroom speakers are disconnected when you activate Screen Mirroring . \" The networked speakers may disconnect on their own, depending on your network environment. \" For more information about the Multiroom function, refer to the Samsung web site. (www.samsung.com OWNERS & SUPPORT Manuals & Downloads) \" The audio from the secondary device(s) may lag behind the audio and video of the main device which is playing the source content."}], "parent_id": "2fc92ce3-51c0-4f1a-b379-21d190950f9e", "type": "h3", "id": "d3ef4c97-3756-4365-91c4-4a940bd9638e"}