{"direction": "ltr", "title": "Selecting the caption language", "content": [{"media_type": "text/plain", "text": "( MENU/123 ) MENU System Accessibility Caption Caption Mode \u25cf Default / CC1 ~ CC4 / Text1 ~ Text4 (Analog channels only) Operates in either analog TV channel mode or when a signal is supplied from an external device to the TV. (Depending on the broadcast signal, the analog caption function may or may not work with digital channels.) \u25cf Default / Service1 ~ Service6 / CC1 ~ CC4 / Text1 ~ Text4 (Digital channels only) Works with digital channels. Service1 - Service6 may not be available in digital caption mode depending on the broadcast. You can change the font color, background color, and size settings. \u25cf Size Changes the font size. Size is not supported by analog channels. \u25cf Font Style Changes the font style for the subtitles. \u25cf Font Color Changes the font color. \u25cf Background Color Changes the caption's background color. \u25cf Window Color Selects the color of the digital caption window. \u25cf Font Opacity Changes the caption's opacity. \u25cf Background Opacity Changes the background's opacity. \u25cf Window Opacity Adjusts the transparency level of the digital caption window. \u25cf Edge Type Selects the outline type for the digital captions. \u25cf Edge Color Selects the color outline for the digital captions. \u25cf Return to Default Restores all caption display options to the Default setting. The Default setting applies the TV station's transmitted settings to the captions. \" The foreground and background color and opacity settings cannot be the same. You can activate an audio guide that provides an audio description of video scenes for the visually impaired. This function is only available with broadcasts that provide this service. Press and hold the button on the Samsung Smart Control to turn Video Description on or off. \" On the standard remote control, press and hold the CC button to turn the Video Description function on or off."}], "parent_id": "f9658b25-1a29-42e1-be35-b1165baec49f", "type": "h4", "id": "191103d6-869b-411c-acbd-c4400adbebe1"}