{"direction": "ltr", "title": "Getting support through Remote Management", "content": [{"media_type": "text/plain", "text": "( MENU/123 ) MENU Support Remote Management Try Now You can use this feature to let Samsung Electronics diagnose your TV remotely when you need assistance with your TV. You will need to read and agree to the service agreement before using this feature. \" This function requires an Internet connection."}], "parent_id": "a8b94a4b-0e18-4972-9acb-9d0e8061b6e6", "type": "h3", "id": "8c3e7940-53ef-4a1d-996c-d6e380baa1b8"}