{"direction": "ltr", "title": "Checking digital channel signal info and strength", "content": [{"media_type": "text/plain", "text": "( MENU/123 ) MENU Support Self Diagnosis Signal Information Try Now You can check the digital channel's signal information and strength. \" If your TV is attached to a separate, over-the-air antenna, you can use the signal strength information to adjust the antenna for increased signal strength and improved HD channel reception. \" This function is only available for digital channels."}], "parent_id": "673fb663-8701-43dd-afc9-9100d31cf1b2", "type": "h3", "id": "ebe8fafa-2779-4df3-a96e-42388fd1928b"}