{"direction": "ltr", "title": "Controlling the TV using Motions (Motion Control)", "content": [{"media_type": "text/plain", "text": "\" This function is only supported by the 6401 series models or higher and 641D series models or higher. ( MENU/123 ) MENU System Motion Control Try Now To use the Motion Control feature, you must install a separately-sold camera on the TV. Motion Control is not available: - When you are playing UHD-level video saved on a USB device - When you are viewing a digital channel with UHD-level resolution - When you are using the Samsung Smart Control or a mouse \" This function is not supported by some apps. \" For more information, refer to \"Read Before Using Voice, Motion, or Face Recognition.\" [ The optional TV camera must be connected to the dedicated USB port at the back of the TV. The other USB ports do not support the camera or Motion Control."}], "parent_id": "977a7650-9865-4a8c-be51-631e41348991", "type": "h2", "id": "96d5be94-3fc6-4b4b-8184-143a83b16a78"}