{"direction": "ltr", "title": "Enabling sports mode", "content": [{"media_type": "text/plain", "text": "( MENU/123 ) MENU System Sports Mode or Soccer Mode Sports Mode or Soccer Mode You can set Sports Mode to On to optimize the picture and sound modes of the TV automatically for soccer events. \" Enabling Sports Mode changes Picture Mode to Stadium and Sound Mode to Stadium , and disables some Picture and Sound menus."}], "parent_id": "c977e91e-ac6b-4ebe-afab-965b8d31962e", "type": "h3", "id": "0a88458f-f6e4-4a17-be3b-45ddf01464d7"}