{"direction": "ltr", "title": "Changing the name of the TV on a network", "content": [{"media_type": "text/plain", "text": "( MENU/123 ) MENU Network Device Name Try Now You can change the device name of the TV. This is the name that will appear on mobile devices and computers connected to your network. 1. Select Device Name from the Network menu. 2. Select a name from the list that appears. Alternatively, select User Input to enter a name manually."}], "parent_id": "e5372516-de3c-4770-b0d9-efb0583c7444", "type": "h4", "id": "682657a8-a647-474f-a72f-2a53ace6fa5a"}