{"direction": "ltr", "title": "Connecting Video Devices", "content": [{"media_type": "text/plain", "text": "Your TV has a variety of connections for video input from external devices. Below is a list of featured connections shown in descending order of picture quality. \u25cf HDMI \u25cf Component \u25cf Composite (A/V) Connect a video device to the TV with an HDMI connection for the best picture quality. If the device does not have an HDMI connection, try a component connection. \" For the 6390 and 639D series models, the component port and composite (A/V) port are not be supported. Instead of this ports, you can use an HDMI port or an optical port on the TV to enable video or audio input of external devices."}], "parent_id": "977a7650-9865-4a8c-be51-631e41348991", "type": "h2", "id": "0d62ef63-c479-47dd-9703-33fdcca8e189"}