{"direction": "ltr", "title": "Read Before Connecting a Computer (Supported Resolutions)", "content": [{"media_type": "text/plain", "text": "When you connect your TV to a computer, set the computer's video card to one of the standard resolutions listed in the tables below or on the next page. The TV will automatically adjust to the resolution you choose. Note that the optimal and recommended resolution is 3840 x 2160 at 60 Hz. Choosing a resolution not included in the tables can result in a blank screen or just the power indicator turning on. Refer to the user manual of your graphics card for compatible resolutions. \" For the 6000 to 6400 and 640D series models, optimal and recommended resolution is 3840 x 2160 at 30Hz."}], "parent_id": "977a7650-9865-4a8c-be51-631e41348991", "type": "h2", "id": "7f81c865-36af-4f24-be96-331531ffbac5"}