{"direction": "ltr", "title": "Using the instant and schedule recording options on the program info window", "content": [{"media_type": "text/plain", "text": "To start instant recording or a schedule recording of a program, press the Enter button. The Program Info window appears. To start instant recording of a current program, select . To start a schedule recording of a program that will air in the future, press the left or right directional button to move to that program, press the Enter button, and then select . \" On the standard remote control, press the Enter button or INFO button."}], "parent_id": "f0c72e53-6689-4cef-aa6b-6c4b4ebb0d6e", "type": "h4", "id": "00e11d70-dd7e-4c5f-973a-af0b5951e92a"}