{"direction": "ltr", "title": "Using the TV as a display model (for retail stores)", "content": [{"media_type": "text/plain", "text": "( MENU/123 ) MENU Support Use Mode Try Now You can turn the TV into a display model for retail environments by setting Use Mode to Store Demo . \" For all other uses, select Home Use . \" With Store Demo , some functions are disabled, and the TV automatically resets itself after a preset amount of time."}], "parent_id": "1dc57a67-0f56-4c9c-805b-a625f950eac5", "type": "h3", "id": "11c5e8a0-90b4-4808-9b27-2ec29a5013a3"}