{"direction": "ltr", "title": "Reducing the energy consumption of the TV", "content": [{"media_type": "text/plain", "text": "( MENU/123 ) MENU System Eco Solution Try Now You can adjust the brightness level of the TV and prevent overheating to reduce overall power consumption. \u25cf Energy Saving Try Now Allows you to select a brightness setting from the list to reduce the TV's power consumption. \u25cf Eco Sensor Try Now Automatically adjusts the brightness level of the TV, according to the ambient light level, to reduce power consumption. If the Eco Sensor has adjusted the screen's brightness level, you can select Min. Backlight or Min. Cell Light (in applicable models) to manually adjust the minimum screen brightness. \u25cf No Signal Power Off Try Now Allows you to select a length of time from the list. If no signal has been received for the length of time you selected, the TV automatically cuts off the power to reduce power consumption. \u25cf Auto Power Off Try Now Automatically turns off the TV to prevent overheating when the TV remains on for the specified period of time without any user input. \u25cf Motion Lighting Adjusts the brightness in response to on-screen movements to reduce power consumption. \" This feature is only available when the Picture Mode is set to Standard and is not available in 3D mode. \" This function is deactivated when you adjust a picture quality setting, such as Contrast and Brightness ."}], "parent_id": "9f96ebc6-acc5-487d-a7ea-48382b44ee0b", "type": "h3", "id": "3ba203c5-6f0c-4c4f-abe1-55c8e2b21dd1"}