{"direction": "ltr", "title": "TV Viewing", "content": [{"media_type": "text/plain", "text": "Viewing Digital Broadcast Information at a Glance 74 Using the guide 75 Checking current program info 75 Changing the broadcast signal 75 Checking digital channel signal info and strength Recording Programs 76 Recording programs 77 Using the functions available while recording a program 77 Using the buttons on the remote control while recording a program 77 Managing the schedule recording list 78 Viewing recorded programs 80 Managing recorded files Setting Up a Schedule Viewing 81 Setting up a schedule viewing for a channel 81 Editing a schedule viewing 81 Canceling a schedule viewing Using Timeshift 82 Using the buttons on the remote control while using Timeshift Using the Channel List Registering, Removing, and Editing Channels 84 Registering and removing channels 85 Editing registered channels 86 Using Program Rating Lock Creating a Personal Favorites List 89 Registering channels as favorites 89 Viewing and selecting channels on Favorites lists only Editing a Favorites List 90 Using the Edit Favorites screen menu items Making Sports Programs More Realistic with Sports Mode 92 Enabling sports mode 92 Extracting highlights automatically 93 Using the functions available while watching sports in sports mode 93 Using the functions available while recording sports in sports mode 94 Viewing a game recorded in sports mode Making Sports Programs More Realistic with Hockey Mode TV-Viewing Support Functions 95 Setting a service provider 95 Showing captions 97 Enabling audio for the video description function 97 Scanning for available channels 97 Selecting the broadcast audio language 98 Fine-tuning analog broadcasts 98 Removing pay channels"}], "parent_id": "3109cccb-1708-4056-b0ca-e2e5a883a23f", "type": "h3", "id": "987abdf0-ace5-4d5f-a0de-26b5827d9305"}