{"direction": "ltr", "title": "Before using the timeshift function", "content": [{"media_type": "text/plain", "text": "\" Timeshift is not supported in the U.S.A and Canada. \u25cf A USB hard drive with a speed of 5,400 rpm or above is recommended. However, RAID-type USB hard drives are not supported. \u25cf USB memory sticks or flash drives are not supported. \u25cf The total recording capacity may differ with the amount of available hard drive space and the recording quality level. \u25cf If the available storage space falls below 500MB while both the Schedule Recording and Timeshift functions are in progress, only the recording will stop. \u25cf The maximum amount of time available for the Timeshift function is 90 minutes. \u25cf The Timeshift function is not available for locked channels. \u25cf Time-shifted videos are played according to the TV settings. \u25cf The Timeshift function may be terminated automatically once it reaches its maximum capacity. \u25cf The Timeshift function requires at least 1.5GB of free space available on the USB storage device."}], "parent_id": "71b279ca-e1af-49f6-ae44-e43b80d9fb04", "type": "h3", "id": "90d1cf6a-24be-4699-9d36-c67c37654cf0"}