{"direction": "ltr", "title": "Other restrictions", "content": [{"media_type": "text/plain", "text": "\u25cf Codecs may not function properly if there is a problem with the content. \u25cf Video content does not play or does not play correctly if there is an error in the content or container. \u25cf Sound or video may not work if they have standard bit rates/frame rates above the TV's compatibility ratings. \u25cf If the Index Table is has an error, the Seek (Jump) function will not work. \u25cf When playing video over a network connection, the video may not play smoothly because of data transmission speeds. \u25cf Some USB/digital camera devices may not be compatible with the TV. \u25cf HEVC codec is only available in MKV / MP4 / TS containers."}], "parent_id": "d4d91bfa-8ffc-417b-b24c-d106921c4b50", "type": "h4", "id": "3d07bfe4-19a4-4a65-81ed-6510efd14dca"}