{"direction": "ltr", "title": "Setting up Motion Control", "content": [{"media_type": "text/plain", "text": "( MENU/123 ) MENU System Motion Control Perform the Motion Control Environment Test , and then configure the settings required to run Motion Control , such as adjusting the Pointer Speed and deciding whether to display the Animated Motion Guide . System Setup Sports Mode Menu Language English Smart Security Universal Remote Setup Voice Recognition Motion Control On \" Your TV's menu may differ from the image above, depending on the model."}], "parent_id": "06578a89-b370-48ce-9d5e-f21142a07f16", "type": "h3", "id": "45c7b9ba-aafa-43a7-ab35-b4d946f62dc3"}