{"direction": "ltr", "title": "Learning motion control basics", "content": [{"media_type": "text/plain", "text": "The following actions are available: \u25cf Moving the pointer Move your hand to move the pointer accordingly. \u25cf Selecting an item Fold down and raise your index finger to select items. You can select a TV menu or run a function. Keeping your index finger lowered is like holding down a remote control button. \u25cf Returning to the previous menu Make a circle with your hand in the counterclockwise direction to return to the previous menu screen. \u25cf Displaying the context-sensitive menu / Viewing broadcast information Fold your index finger down for 1 second and then raise it. This action displays the context-sensitive menu. While viewing broadcasts, fold down your index finger for 1 second, and then raise it at any blank point on the screen. You can view the broadcast information saved automatically for all channels."}], "parent_id": "1fc3140a-c85b-4d0c-832e-6f75773337e8", "type": "h4", "id": "9fe5dd11-41cf-4f59-8aab-43f8b9ffb72d"}