{"direction": "ltr", "title": "Restrictions on using Bluetooth", "content": [{"media_type": "text/plain", "text": "\u25cf The Samsung Bluetooth Speaker function is only available for devices supporting TV SoundConnect . \u25cf You can't use Bluetooth devices, TV SoundConnect ( MENU Sound Additional Settings TV SoundConnect ), and the Surround feature simultaneously. \u25cf Compatibility issues may occur, depending on the Bluetooth device. (A Mobile exclusive headphone may not be available, depending on the environment.) \u25cf Lip-sync errors may occur. \u25cf The TV and Bluetooth device may disconnect, depending on the distance between them. \u25cf A Bluetooth device may hum or malfunction: - When a part of your body is in contact with the receiving/transmitting system of the Bluetooth device or the TV. - When the device is subject to electrical variation from obstructions caused by a wall, corner, or office partitioning. - When the device is exposed to electrical interference from same frequency-band devices including medical equipment, microwave ovens, and wireless LANs. \u25cf If the problem persists, try connecting the device using the digital optical port or the HDMI (ARC) port."}], "parent_id": "61c52c25-f30f-4289-9fee-aa2dcadbcfd7", "type": "h3", "id": "5b00bf75-a258-427a-b264-6dee681670e3"}