{"direction": "ltr", "title": "Configuring the Soccer service screen to display your favorite soccer teams", "content": [{"media_type": "text/plain", "text": "You can configure the Soccer service screen to display only your favorite soccer teams. To add a team to the favorite soccer team list located at the top of the screen, select + next to the list, and then select a team. After adding teams, if you select a team in the favorite soccer team list, its ranking in the league, game results, game videos, and schedules are displayed in the content area of the Soccer service screen. \" You can add up to 6 teams to the favorite soccer team list."}], "parent_id": "101ef35c-1928-41e2-a67d-ed40cdbdb654", "type": "h3", "id": "38fd9ee7-2c89-46b4-bf57-d282c95f0e79"}