{"direction": "ltr", "title": "Learning voice recognition basics", "content": [{"media_type": "text/plain", "text": "\u25cf View all voice commands: Press the down directional button on Samsung Smart Control to display a complete list of voice commands by category. Alternatively, say \" Help .\" \u25cf Deactivating voice recognition: Say \" Close \", or press the RETURN button to terminate voice recognition. \" The TV recognizes predefined voice commands only. These voice commands may differ from the manual depending on the version of the TV."}], "parent_id": "1eb06b57-c578-4037-8c56-5aac66424149", "type": "h3", "id": "3f60a2e0-9f1f-47e5-9d4e-10b14ad67bab"}