{"direction": "ltr", "title": "Registering a coupon", "content": [{"media_type": "text/plain", "text": "Enter the coupon number on the My Page screen to register it. APPS My Apps What's New Most Popular Kids Video Game Sports Information Lifestyle Education You can enjoy a wide range of content including news, sports, weather and games by installing the corresponding apps on your TV. You can download the apps from Smart Hub. Select an app displayed on the screen or select a genre category such as Most Popular or What's New on the top of the screen, and then select an app in the genre you selected. You can also manage downloaded apps in My Apps . \" To use this feature, the TV must be connected to the Internet. \" When Smart Hub is launched for the first time, the default apps are automatically installed. The default apps may differ by region."}], "parent_id": "44a87100-6e42-4f6d-8e3a-f3cd30c7a26b", "type": "h4", "id": "29e88edb-f623-4f7e-87dd-4604c777df82"}