{"direction": "ltr", "title": "Voice Recognition", "content": [{"media_type": "text/plain", "text": "\u25cf Voice Recognition is not available in all languages, dialects, or regions. Its performance differs with the language chosen, voice volume, and ambient noise levels in the surrounding area. \u25cf Voice Text Input requires that you agree to any third-party app's voice privacy policy. \u25cf Voice Text Input lets you enter text using voice commands instead of a mouse, keyboard, or remote control. This feature is particularly useful for searching, browsing the web, and using applications. \u25cf You must agree to the following privacy notices before using Interactive Voice Recognition : - Voice Recognition Privacy Notice, Nuance Privacy Notice"}], "parent_id": "bcc5fe56-9428-4035-897c-3f0d0daad750", "type": "h4", "id": "ef0a589b-38dd-40de-917d-c8682c8ceb6e"}