{"direction": "ltr", "title": "Using NewsON content", "content": [{"media_type": "text/plain", "text": "\u25cf Watching news videos You can watch the latest news videos and related news videos. \u25cf Reading articles You can read news articles on the screen. \u25cf Viewing weather information You can view the current weather forecast and forecasts for the next 7 days for cities you select. \" You can select up to 5 cities."}], "parent_id": "23eb9981-bb8c-4d7b-9013-5b604ac386a6", "type": "h3", "id": "a7bf4f31-5dd0-4d19-84b1-fef84cd190a6"}