{"direction": "ltr", "title": "Making Sports Programs More Realistic with Hockey Mode", "content": [{"media_type": "text/plain", "text": "( MENU/123 ) MENU System Hockey Mode Hockey Mode You can use Hockey Mode to get optimal picture and sound settings for hockey events, making them appear and sound as if you are there. \" This function is available on certain models in specific geographical areas. \" Enabling Hockey Mode changes the Picture Mode to Stadium and the Sound Mode to Stadium , and disables some Picture and Sound menus. \" Press the HOCKEY button to turn Hockey Mode on or off."}], "parent_id": "977a7650-9865-4a8c-be51-631e41348991", "type": "h2", "id": "51341d54-0af2-4c95-a704-b40b59bf73c4"}