{"direction": "ltr", "title": "Quick Guides", "content": [{"media_type": "text/plain", "text": "Using Smart Hub 1 Connecting to the Internet 1 Setting up Smart Hub 1 Using Smart Hub Controlling the TV with Your Voice 2 Setting up Voice Recognition 2 Controlling the TV with your voice Controlling the TV with Motion 3 Setting up Motion Control 3 Controlling the TV using motions Using the Samsung Smart Control 4 Operating the TV with the POINTER button 5 Setting up the Samsung Smart Control 5 Pairing the TV to the Samsung Smart Control Improving Your Viewing Experience of Sports Events 6 Activating sports mode Displaying Multiple Screens"}], "parent_id": "3109cccb-1708-4056-b0ca-e2e5a883a23f", "type": "h3", "id": "998fa445-4b1a-4b9a-89d2-1a5849275bd7"}