{"direction": "ltr", "title": "Updating the TV automatically", "content": [{"media_type": "text/plain", "text": "( MENU/123 ) MENU Support Software Update Auto Update Try Now If the TV is connected to the Internet, you can have the TV's software update itself automatically while you are watching the TV. When the background update is completed, it is applied the next time the TV is turned on. \" This function may take a longer time if another network function is running concurrently. \" This function requires an Internet connection. \" If you agree to the Smart Hub terms and conditions, Auto Update is set to On automatically. If you do not want the TV's software to update itself automatically, set Auto Update to Off ."}], "parent_id": "1c4697a8-7ac5-4d71-b671-cae756d395b5", "type": "h3", "id": "1e5843ce-dca3-4c0f-a306-ec88226048a3"}