{"direction": "ltr", "title": "Using the TV camera", "content": [{"media_type": "text/plain", "text": "\u25cf Under some circumstances and under certain legal conditions, the use/misuse of the TV camera may result in illegal actions. There may be obligations under local privacy laws regarding the protection of individuals concerning personal data and on the free movement of such data, and possibly other laws including criminal laws regulating camera surveillance both in the workplace and elsewhere. \u25cf By using the TV camera, users agree that it will not be used (i) in locations where cameras are generally prohibited (such as bathrooms, locker rooms or changing rooms), (ii) in any manner that will result in an invasion of a person's privacy, or (iii) in violation of any applicable laws, regulations or statutes. \u25cf When you are no longer using the camera, close the lens cover of the camera or retract it. This prevents any inadvertent or unintentional camera operation."}], "parent_id": "bcc5fe56-9428-4035-897c-3f0d0daad750", "type": "h4", "id": "a87b62a9-fa64-424e-b842-ebf4dd1bfa22"}