{"direction": "ltr", "title": "Using the NewsON Service", "content": [{"media_type": "text/plain", "text": "or SMART HUB Featured NewsON NewsON You can find daily information on a wide variety of topics in a smart and convenient way, updated in real time. NewsON brings you the latest headlines, top stories, popular issues, and weather forecasts. \" This function is not available in the U.S.A. and Canada. \" Before you use the NewsON service, check if the TV is connected to the Internet."}], "parent_id": "977a7650-9865-4a8c-be51-631e41348991", "type": "h2", "id": "23eb9981-bb8c-4d7b-9013-5b604ac386a6"}