{"direction": "ltr", "title": "Listening to the TV through Bluetooth devices", "content": [{"media_type": "text/plain", "text": "( MENU/123 ) MENU Sound Additional Settings Bluetooth Audio You can connect Bluetooth devices to the TV. They must be paired using the TV's Bluetooth function. For more information on pairing, refer to the Bluetooth device's operating manual. \u25cf Bluetooth Audio Devices Displays a list of Bluetooth devices that can be paired with the TV. Select a Bluetooth device to display its menu options. From this menu, you can activate/deactivate (i.e., pair/unpair) the Bluetooth device or remove it from the list. \u25cf Multi-output Audio Allows you to listen to audio through the TV's speakers and the connected Bluetooth devices simultaneously. \" When Multi-Link Screen is terminated, the Bluetooth device is disconnected from the TV. \" If the TV fails to find a Bluetooth device, place the device closer to the TV, and then select Refresh . \" When you turn on a paired Bluetooth device, the TV detects it automatically, and then displays a pop-up window. Use this pop-up window to activate/deactivate the Bluetooth device. \" Before using a Bluetooth device, refer to \"Read Before Using Bluetooth Devices.\""}], "parent_id": "2fc92ce3-51c0-4f1a-b379-21d190950f9e", "type": "h3", "id": "9425c67d-b5ca-41d9-aeb0-ef95b4bb72bf"}