{"direction": "ltr", "title": "Connecting via a mobile device", "content": [{"media_type": "text/plain", "text": "1. Launch the Screen Mirroring function on your mobile device. The mobile device searches for available devices to connect to. 2. Select the TV from the list, and then enter the password. The TV automatically allows the connection and the device connects. 3. Select Allow to connect the mobile device. \" All previously allowed mobile devices will automatically connect without needing approval. \" If you select Deny , the device cannot connect. To change the connection status of a denied device, Select MENU Network Multimedia Device Manager , select the device, and select Allow ."}], "parent_id": "5b015013-8cef-47e8-862d-802bcb7f87b3", "type": "h4", "id": "e9b0e52b-216f-49d1-804f-c3fec006d0c5"}