{"direction": "ltr", "title": "How does remote support work?", "content": [{"media_type": "text/plain", "text": "You can get Samsung Remote Support easily by following these steps: Call the Samsung Contact Center and ask for remote support. Open the menu on your TV, and then go to the Support section . Select Remote Management , and then read and agree to the service agreements. When the PIN screen appears, provide the PIN number to the agent. The agent accesses your TV . You can view the address of the Samsung website, the call center phone number, your TV's model number, your TV's software version, the Smart Hub info, and other information you may need to get service support from a Samsung call agent or the Samsung website. \" To view the Open Source License, press the button."}], "parent_id": "8c3e7940-53ef-4a1d-996c-d6e380baa1b8", "type": "h4", "id": "af5b1e8d-311d-43a4-bebd-95fbd5afd5c8"}