{"direction": "ltr", "title": "Connecting with a digital audio (optical) cable", "content": [{"media_type": "text/plain", "text": "You can listen to digital audio by connecting an AV receiver to the TV via a digital audio (optical) cable. Connect the optical cable to the digital audio output connection of the TV and the digital audio input connection of the receiver as shown in the image below."}], "parent_id": "56c10c87-399f-499c-98ab-78e793a39c25", "type": "h3", "id": "b71c5c8b-43e7-46a3-842a-663ee97b0245"}