{"direction": "ltr", "title": "Displaying the Direction Control icon while not viewing a broadcast", "content": [{"media_type": "text/plain", "text": "To display the Direction Control icon while not viewing a broadcast, move to the center of the top side of the screen, and then fold down your index finger. After the Direction Control icon appears, move the focus to the or , and then fold down your index finger to display the On-Screen Remote or launch Smart Hub . The Direction Control icon disappears when there is no user action for 5 or more seconds. Displaying the hidden direction control icon while using various services when not viewing broadcasts"}], "parent_id": "07b5ec77-6c7d-45c1-94a9-29b8a4f023f9", "type": "h4", "id": "aad24034-1cb6-4017-b007-2d5e1b439a88"}