{"direction": "ltr", "title": "Removing a game", "content": [{"media_type": "text/plain", "text": "1. Select on the My Page screen, and then select Delete My Games . 2. Select a game to remove, and then press the Enter button. Repeat the process to select additional games to remove. To select all games, select Select All . \" You can remove a game by selecting the game, and then pressing and holding the Enter button. 3. When your are done selecting games, select Delete ."}], "parent_id": "44a87100-6e42-4f6d-8e3a-f3cd30c7a26b", "type": "h4", "id": "377bf7c2-9dfe-4466-9f11-e9c228c6ecc7"}