{"direction": "ltr", "title": "Pairing the TV to the Samsung Smart Control", "content": [{"media_type": "text/plain", "text": "When you turn on the TV for the first time, the Samsung Smart Control pairs to the TV automatically. If the Samsung Smart Control does not pair to the TV automatically, point it at the remote control sensor of the TV, and then press and hold the buttons labeled \u2460 and \u2461 in the diagram simultaneously for 3 seconds or more."}], "parent_id": "32b62f4d-638e-4ae1-a297-c54a6bd315d5", "type": "h3", "id": "5f199f65-bfb3-4cfa-a9e3-f0d13e146ba2"}