{"direction": "ltr", "title": "Connection notes for wireless PC mirroring", "content": [{"media_type": "text/plain", "text": "\u25cf The working distance may differ due to obstacles (e.g., human bodies, metal objects, or walls) or electromagnetic environment. To ensure stable functioning, it is recommended to use the Wireless PC Mirroring Adapter (VG-SWD1000) in the same location where the TV is placed. \u25cf When a Wireless PC Mirroring Adapter (VG-SWD1000) is connected, the TV may not play videos properly depending on whether there is another device that emits radio signals nearby. \u25cf Do not place the Wireless PC Mirroring Adpater (VG-SWD1000) near any heat source, in a humid location, or under direct sunlight. This action may cause product malfunction or a fire. \u25cf Do not apply any of the following to the Wireless PC Mirroring Adapter (VG-SWD1000): chemicals (e.g., wax, benzene, thinner, mosquito repellent, air freshener, lubricant) and cleaning agent that contains alcohol or solvent or that is surface active. This action may cause the dongle's exterior to discolor or its label to peel off. \u25cf Do not disassemble, repair or modify the Wireless Mirroring Adpater (VG-SWD1000) by yourself. Stop using the dongle if it is damaged or broken. \u25cf Make sure to use a genuine Wireless PC Mirroring Adapter (VG-SWD1000) supplied by Samsung Electronics."}], "parent_id": "fe257402-d6c0-4e73-a836-b4fc69122a04", "type": "h3", "id": "09901237-5bcf-4708-bdb6-cf2d22ce783a"}