{"direction": "ltr", "title": "Requirements for using Face Recognition", "content": [{"media_type": "text/plain", "text": "\u25cf Be sure to use Face Recognition within the recommended distance of between 4.9 ft (1.5 m) and 13.1 ft (4 m). The actual recognition range may differ with the camera angle and other factors. \u25cf The appropriate ambient brightness is 50 to 500 lux. (A bathroom typically has 100 Lux, a living room 400 Lux.) \u25cf Face Recognition can recognize up to 5 different users at a time. \u25cf The TV may have difficulty recognizing twins and people with similar faces as two different individuals. \u25cf Note the following when using Face Recognition: - Do not cover your face with a hat, a pair of sunglasses, or your hair. - Your entire face must be visible to the camera. Avoid shadows over your face. Shadows prevent the camera from recognizing faces accurately. - Keep your expression as neutral as possible. In addition, keep your mouth closed and as neutral as possible. - When you log into your Samsung account, your facial expression must be the same as the facial expression you had when you registered."}], "parent_id": "2db9f03c-da28-484c-9acc-10477da9bc66", "type": "h4", "id": "521b46f1-835d-4816-840e-23c725c99f01"}