{"direction": "ltr", "title": "Setting up as an Anynet+ (HDMI-CEC)-enabled device", "content": [{"media_type": "text/plain", "text": "1. Press the SOURCE button. The Source screen appears. Select a connected device, and then press the down directional button. 2. Select Anynet+ (HDMI-CEC) from the menu. The selected device is set up as an Anynet+ (HDMI-CEC)-enabled device. The following menu options are available. \" The menu options displayed on the menu may differ by external device. \u25cf Anynet+ (HDMI-CEC) Sets up the selected device as an Anynet+ (HDMI-CEC)-enabled device, and then displays a list of all external devices connected to the TV. If you select an external device in the list, it is used as the input source. If you select View TV , the TV exits Anynet+ (HDMI-CEC) so that you can watch regular TV without interference from any external device."}], "parent_id": "4bb6a561-3925-41d5-a0b4-0c4957c12d84", "type": "h4", "id": "c2d13895-ae9a-4f56-a529-8d3b618ffa23"}