{"direction": "ltr", "title": "Adjusting the menu transparency", "content": [{"media_type": "text/plain", "text": "( MENU/123 ) MENU System Accessibility Menu Transparency Try Now You can adjust the menu's transparency. \" Setting High Contrast ( MENU System Accessibility High Contrast ) to On automatically switches the menu display mode to opaque. You cannot manually change the Menu Transparency settings."}], "parent_id": "1dc57a67-0f56-4c9c-805b-a625f950eac5", "type": "h3", "id": "0e1697eb-3630-4e58-87d1-4212edd9ab8a"}