{"direction": "ltr", "title": "Connecting to a wireless Internet network with WPS", "content": [{"media_type": "text/plain", "text": "( MENU/123 ) MENU Network Network Settings If your router has a WPS (Wi-Fi protected setup) push button, you can use it to connect the TV to the router automatically. 1. Select Wireless . The TV automatically displays a list of available wireless networks. 2. Select Stop and then select WPS (PBC) . 3. Press the WPS or PBC button on your wireless router within the next two minutes. 4. The TV connects to the network automatically."}], "parent_id": "e5372516-de3c-4770-b0d9-efb0583c7444", "type": "h4", "id": "a2dd23e8-3521-4515-b941-839c5ccdd33e"}