{"direction": "ltr", "title": "Recording Programs", "content": [{"media_type": "text/plain", "text": "The appears next to programs and channels for which a Schedule Recording has been set. \" This function is not available in the U.S.A. and Canada. \" Read all precautions before using the recording feature. Refer to \" Before Using the Recording and Timeshift Functions\" for more information."}], "parent_id": "977a7650-9865-4a8c-be51-631e41348991", "type": "h2", "id": "52b87d1c-7995-4888-8f3f-ae9489bca24a"}