{"direction": "ltr", "title": "Setting up a password", "content": [{"media_type": "text/plain", "text": "( MENU/123 ) MENU System Change PIN Try Now You can set the Personal Identification Number (PIN) used when you lock channels, reset the TV, and change TV settings. The PIN input window appears. Enter a PIN. Enter it again to confirm it. The default PIN is 0000. \" If you forget your PIN, you can reset it with your remote control. With the TV turned on, press the following buttons on the remote control in the order shown to reset the PIN to 0000: \u2192 (Volume Up) \u2192 RETURN \u2192 (Volume Down) \u2192 RETURN \u2192 \u2192 RETURN ."}], "parent_id": "1dc57a67-0f56-4c9c-805b-a625f950eac5", "type": "h3", "id": "46e6ed52-6e7d-406e-8128-91a127d6078c"}