{"direction": "ltr", "title": "Wireless security protocols", "content": [{"media_type": "text/plain", "text": "The TV only supports the following wireless network security protocols. The TV cannot connect to non-certified wireless routers. - Authentication Modes: WEP, WPAPSK, WPA2PSK - Encryption Types: WEP, TKIP, AES In compliance with the newest Wi-Fi certification specifications, Samsung TVs do not support WEP or TKIP security encryption in networks running in the 802.11n mode. If the wireless router supports WPS (Wi-Fi Protected Setup), you can connect the TV to your network using PBC (Push Button Configuration) or a PIN (Personal Identification Number). WPS automatically configures the SSID and WPA key settings."}], "parent_id": "518bfab0-92f3-4b36-b0f5-8f47614c0a12", "type": "h4", "id": "2d070e2b-23da-4952-95c7-73fae280451f"}