{"direction": "ltr", "title": "Accessing the associated menu screen from an e-Manual topic page", "content": [{"media_type": "text/plain", "text": "Press the MENU/123 button on the Samsung Smart Control, then select e-Manual on the On-Screen Remote to read the e-Manual topic about a current screen menu function. \" On the standard remote control, press the E-MANUAL button. \" The e-Manual cannot be accessed from some menu screens."}], "parent_id": "f641b761-8f58-4d12-8b0e-300346ba34d2", "type": "h4", "id": "6111733e-7fd3-4a72-8ac7-fe6e64d3d42a"}