{"direction": "ltr", "title": "Restoring the TV to the factory settings", "content": [{"media_type": "text/plain", "text": "( MENU/123 ) MENU Support Self Diagnosis Reset Try Now You can restore all TV settings (excluding the Internet and network settings) to the factory defaults. 1. Select Reset . The security PIN entry window appears. 2. Enter the security PIN, and then select Yes . All settings are then reset. The TV turns off and on again automatically and displays the Setup screen. \" For more information on Setup , refer to the user manual that came with the TV."}], "parent_id": "1dc57a67-0f56-4c9c-805b-a625f950eac5", "type": "h3", "id": "f27351dc-7a36-46d3-a99c-1a40dd34e1ab"}