{"direction": "ltr", "title": "Controlling the TV using motions", "content": [{"media_type": "text/plain", "text": "( MENU/123 ) MENU System Motion Control Motion Control 1. Set Motion Control to On . 2. Face the TV camera, raise your hand to a comfortable position, fully extended your index finger upwards, and then move your index finger slowly to the left or right. 3. Curl your index finger down to select a function, and then raise it again to run the selected function. \" To use Motion Control , you must connect a TV camera (sold separately) to the TV. \" Motion Control is available in either direction control or motion pointing mode. \" For more information, refer to \"Controlling the TV using Motions (Motion Control).\""}], "parent_id": "06578a89-b370-48ce-9d5e-f21142a07f16", "type": "h3", "id": "3aa07bdc-d854-4122-901e-690b268e3cc4"}