{"direction": "ltr", "title": "Smart Hub", "content": [{"media_type": "text/plain", "text": "or SMART HUB or ( MENU/123 ) MENU Smart Hub Open Smart Hub Try Now RECENT FEATURED GAMES Search YouTube TuneIn Vimeo YuppTV AccuWeat... MY CON APPS \" The image may differ with the specific model and area. You can surf the web and download apps with Smart Hub. In addition, you can enjoy photo, video, and music files stored on external storage devices. Place a finger on the POINTER button on the Samsung Smart Control, and then select at the bottom of the screen. \" To run Smart Hub while you are using a service provided by Smart Hub, use the same path described above."}], "parent_id": "977a7650-9865-4a8c-be51-631e41348991", "type": "h2", "id": "169b04e3-d989-431e-8947-830fa26bb12e"}