{"direction": "ltr", "title": "Managing games with the pop-up Options menu", "content": [{"media_type": "text/plain", "text": "Move the focus to a game, and then press and hold the Enter button. An option menu appears displaying some or all of the following options. \u25cf Download / Delete \u25cf Play \u25cf Cancel \u25cf In-App Purchases \u25cf View Details \u25cf Update \" The pop-up menu may differ with the app you select."}], "parent_id": "99356049-bcd2-47fc-9271-69fb96771be2", "type": "h3", "id": "2a964994-d8ba-43e6-b1ba-f5fd92944ae5"}