{"direction": "ltr", "title": "Enabling voice guides for the visually impaired", "content": [{"media_type": "text/plain", "text": "( MENU/123 ) MENU System Accessibility Voice Guide You can activate voice guides that describe the menu options aloud to aid the visually impaired. To activate this function, set Voice Guide to On . With Voice Guide on, the TV provides voice guides for channel change, volume change, information on current and upcoming programs, schedule viewing, other TV functions, and various content on Web Browser , in Search , or in MY CONTENT . \" The Voice Guide is provided in the language that is specified on the Menu Language screen. However, some languages are not supported by Voice Guide even though they are listed in the Menu Language screen. English is always supported. \" If Voice Guide is set to On , the Samsung Smart Control's motion sensor does not work. To use the motion sensitivity sensor, set Voice Guide to Off ."}], "parent_id": "1dc57a67-0f56-4c9c-805b-a625f950eac5", "type": "h3", "id": "c198f10d-26bd-430f-a752-ce930e96a370"}