{"direction": "ltr", "title": "Viewing Anynet+ (HDMI-CEC)-compliant devices", "content": [{"media_type": "text/plain", "text": "After connecting external devices to the TV, select ( MENU/123 ) MENU System Anynet+ (HDMI-CEC) Device Search . The TV displays a list of Anynet+ (HDMI-CEC)-compliant devices that you can set up as Anynet+ (HDMI-CEC)-enabled devices (i.e., devices that can be controlled with the TV's remote control). To set up an Anynet+ (HDMI-CEC)-compliant device as an Anynet+ (HDMI-CEC)- enabled device, you must select it on the Source screen. Follow the instructions in the next section. \" If an external device is set up as both an Anynet+-enabled device (i.e., a device that can be controlled with the TV's remote control) and a Universal Remote-enabled device (i.e., a device that can be controlled with the Universal Remote), it can be only controlled with the Universal Remote."}], "parent_id": "4bb6a561-3925-41d5-a0b4-0c4957c12d84", "type": "h4", "id": "d133cffc-93da-467d-81e5-6f9dbae88753"}