{"direction": "ltr", "title": "Setting up Voice Recognition", "content": [{"media_type": "text/plain", "text": "( MENU/123 ) MENU System Voice Recognition Configure the settings required for voice recognition, such as selecting the language to use and whether to use TV Voice . System Accessibility Setup Sports Mode Menu Language English Smart Security Universal Remote Setup Voice Recognition \" Your TV's menu may differ from the image above, depending on the model."}], "parent_id": "66a55208-6bab-4dc4-8db2-9a7c30752734", "type": "h3", "id": "d32f5404-62bf-4563-98b2-ac2d07c288d5"}