{"direction": "ltr", "title": "Using Timeshift", "content": [{"media_type": "text/plain", "text": "You can pause and rewind live TV as you would a DVD by using Timeshift . Activating this function disables the Broadcasting function. \" This function is not available in the U.S.A. and Canada. \" Read all precautions before using the Timeshift function. For more information, refer to \" Before Using the Recording and Timeshift Functions.\" To activate the Timeshift function while watching TV, press the Enter button, and then select on the Program Info window. The TV displays a progress bar and the following buttons at the top of the screen: \u25cf Information Displays detailed information about the current program. \" The program information may differ with the type of incoming signal and may not be available at all for certain programs. \" This button is only available when you are watching a live program. \u25cf Record Starts instant recording of the current program. \u25cf Go to Live TV / Stop Timeshift Shifts to live TV or exits Timeshift."}], "parent_id": "977a7650-9865-4a8c-be51-631e41348991", "type": "h2", "id": "ddcadcb7-8abc-41d2-a19b-9ca04b547d0e"}