{"direction": "ltr", "title": "Removing or pinning an item in the Recent group", "content": [{"media_type": "text/plain", "text": "To remove or pin an item in the Recent group, select that appears above the item. The following icons are available. \" On the standard remote control, press the button. \u25cf : Deletes the item. Although you have removed an item from the Recent group, it is not removed from your TV. \u25cf : Pin the item to the first position. To unpin the item, select again. \u25cf : Runs the item in a multiple screen with the Multi-Link Screen function. (( MENU/123 ) MENU Picture Open Multi-Link Screen ) \" This icon may not be displayed depending on the item."}], "parent_id": "169b04e3-d989-431e-8947-830fa26bb12e", "type": "h3", "id": "5bc79a62-7726-4582-b28c-fcaafbcfd4af"}