{"direction": "ltr", "title": "Connecting through your home network", "content": [{"media_type": "text/plain", "text": "You can quickly access and play photo, video, and music files stored on a computer on the TV. 1. Connect the TV and the computer to the same router or AP. If you connected your TV to your network when you set up your TV, this is already done. 2. On the computer, select [Control Panel] [Network and Internet] [Network and Sharing Center] [Change advanced sharing settings], and select [Choose media streaming options...] to activate media streaming. 3. On the list of available devices displayed by the computer, set the TV to [Allowed]. \" For more information about playing content, refer to \" Playing multimedia content in a computer or mobile device.\""}], "parent_id": "71140765-77fd-4f07-a678-9e98e8366794", "type": "h3", "id": "ada7c509-227d-4231-8722-e239ff626aa4"}