{"direction": "ltr", "title": "Checking Notifications", "content": [{"media_type": "text/plain", "text": "( MENU/123 ) MENU System Notifications You can view the list of event messages generated by the TV. Notifications appear on the screen when events such as an update release for an app or Samsung Account login/logout occurs. \" To delete all notifications, select Delete All . \" To check the SMART TV's service notifications in a web browser, select Service Notice ."}], "parent_id": "1dc57a67-0f56-4c9c-805b-a625f950eac5", "type": "h3", "id": "d9fb52e1-3e7a-4066-8817-c8151537ea51"}