{"direction": "ltr", "title": "Applying the current picture settings to other input sources", "content": [{"media_type": "text/plain", "text": "( MENU/123 ) MENU Picture Apply Picture Mode Try Now You can apply the picture quality settings to the current source and other input sources. \u25cf All Sources Applies the settings to all external devices connected to the TV. \u25cf Current Source Applies the settings to the current source only. You can fine-tune how images are displayed on the TV screen for the Standard and Movie picture modes. \" Advanced Settings is only available when Picture Mode is set to Standard or Movie . \" When the TV is connected to a computer via an HDMI-to-DVI cable, only White Balance and Gamma are available. \u25cf Dynamic Contrast Try Now Automatically adjusts the screen contrast for an optimal contrast setting. \u25cf Black Tone Try Now Adjusts the black color depth. \u25cf Flesh Tone Try Now Darkens or lightens skin tones. \u25cf RGB Only Mode Try Now Adjusts the red, green, and blue levels individually. \u25cf Color Space Try Now Adjusts the range of colors that can be displayed on the screen. - Auto : Automatically adjusts the color space to match the input signal. - Native : Applies a range of colors that is wider than the input signal's range. - Custom : Allows you to adjust the color space manually. Select Color , and then change its Red , Green , and Blue saturations. Reset allows you to restore the default values for Color Space . \" You can configure the Color function only when Color Space is set to Custom . \u25cf White Balance Try Now Adjusts the color temperature of the picture to make white objects look white and the overall picture appear natural. - 2 Point : Allows you to adjust red, green, and blue luminosity with the offset menu and brightness with the gain menu. Reset allows you to restore the default values. - 10 Point : Divides red, green, and blue into 10 sections each, and allows you to modify the white balance by adjusting the brightness of each section. Level allows you to select the section to adjust. \" You can use the 10 Point function only when Picture Mode is set to Movie . This function may not be supported by some external devices. \u25cf Gamma Try Now Adjusts the primary color intensity. You can adjust the picture options to optimize your viewing experience. Select a picture mode, and then adjust the picture options. \u25cf Color Tone Try Now Adjusts the color tone. The color tone you select is stored in the TV's memory. When you change the current picture mode, the stored color tone is applied to the new picture mode automatically. \" Cool and Standard are only available when Picture Mode is set to Dynamic . \" Color Tone is only available when the TV is connected to a computer via an HDMI-to-DVI cable. \u25cf Digital Clean View Try Now Reduces static and ghosting caused by a weak signal. When you select Auto Visualization , the TV displays the signal strength on the bottom of the screen. Green indicates the best possible signal. \" This function is available for analog channels only. \u25cf MPEG Noise Filter Try Now Reduces MPEG noise and improves video quality. \u25cf HDMI Black Level Try Now Compensates for effects caused by a low black level, such as low contrasts and dull colors. \" This function is only available when the input signal, connected to the TV via an HDMI connector, is set to RGB444. \u25cf Film Mode Try Now Optimizes the picture quality for movies. \" This function is only available when the input signal is TV, AV, Component (480i, 1080i), or HDMI (1080i). \u25cf HDMI UHD Color Allows you to set the HDMI UHD Color mode to On or Off for each HDMI connector on the TV. When set to On , the TV optimizes processing of UHD 50P/60P signals. \" If you set the HDMI connection to On , the TV turns off and then on automatically. \" The HDMI connection with HDMI UHD Color set to Off supports up to UHD 50P/60P 4:2:0 input signals, while the HDMI connection with HDMI UHD Color set to On supports up to UHD 50P/60P 4:4:4 and 4:2:2 input signals. For more information, refer to \"Supported Resolutions for UHD Input Signals\". \" For the 7100, 7500, 7700, 8500, 8600 series, and 710D, 750D or higher series models, each HDMI connection can be individually optimized for HDMI UHD Color . When you connect the TV to the external device that supports only UHD 24 or 30 Hz frequency or any FHD frequency, the HDMI UHD Color function may not be available. In this case, set HDMI UHD Color to Off . \" For the 6401 to 6800, 641D to 700D, 7000, 7200, and 8000 series models, make sure to connect to the HDMI IN (STB/DVI) port of the TV. \" HDMI UHD Color is not available on the 6100 to 6400, 639D and 640D series models. \u25cf Auto Motion Plus Removes blurring and judder from scenes with rapid movement. If you select Custom , you can configure Blur Reduction and Judder Reduction manually and set LED Clear Motion to On for a sharper LED image. To return to the default settings, select Reset . \" This function is not available on certain models in specific geographical areas. \" When LED Clear Motion is set to On , the screen appears darker than when it is Off . \u25cf Smart LED Controls the brightness of individual areas on the screen to maximize contrast automatically. \" This function is not available on certain models in specific geographical areas. \u25cf Cinema Black In Movie mode, this function dims the top and bottom areas of the video image to provide a more immersive viewing experience. \" This function is not available on certain models in specific geographical areas. \u25cf LED Clear Motion Controls LED backlight duty to move picture more clearly. \" This function is not available on certain models in specific geographical areas."}], "parent_id": "7af79a9c-30e6-4f9f-9929-6725d5a9c041", "type": "h4", "id": "9ed96168-259b-46f1-935c-f2fd0a444252"}