{"direction": "ltr", "title": "Blocking movies base on their Movie Rating (MPAA)", "content": [{"media_type": "text/plain", "text": "You can block movies based on their MPAA rating. This rating system applies to all material with supplied ratings in the U.S.A. From the MPAA: \"The Motion Picture Association of America (MPAA) has implemented a rating system that provides parents or guardians with advanced information on which films are appropriate for children.\" Select a lock beside one of the rating categories to block that category and all higher categories. To unblock a category, select the lock icon. \u25cf G : General audience (no restrictions). \u25cf PG : Parental guidance suggested. \u25cf PG-13 : Parents strongly cautioned. \u25cf R : Restricted. Children under 17 should be accompanied by an adult. \u25cf NC-17 : No children under age 17. \u25cf X : Adults only. \u25cf NR : Not rated."}], "parent_id": "d4d4eda8-2e76-4b0a-8194-9c24bc0a9d6e", "type": "h4", "id": "5acbc6de-1b50-46aa-aca9-1861ab624e72"}