{"direction": "ltr", "title": "Installing games", "content": [{"media_type": "text/plain", "text": "Select a game to install, and then press and hold the Enter button. Select Download in the context-sensitive window or install the game from the detailed game information screen. \" To get the information about the game controllers that are compatible with the downloaded game, select GAMES Options Game Controller Guide . Alternatively, select on the game's detailed information screen. \" When the TV's internal memory is insufficient, you can install a game on a USB device. \" You can play a game installed on a USB device only when the USB device is connected to the TV. If the USB device is disconnected during game playing, the game is terminated. \" You cannot play a game installed on a USB device on a PC or another TV."}], "parent_id": "f5fb98d7-5b85-4a4a-a86b-95b049e75255", "type": "h4", "id": "5afa17f4-fe8f-49d2-bbce-9a07799fb2e8"}