{"direction": "ltr", "title": "Listening to the TV through Bluetooth devices (for the hearing impaired)", "content": [{"media_type": "text/plain", "text": "( MENU/123 ) MENU System Accessibility Multi-output Audio You can turn on both the TV speaker and Bluetooth devices at the same time. When this function is active, you can set the volume of the Bluetooth devices higher than the volume of the TV speaker. \" This function is not available on certain models in specific geographical areas. \" When you connect the Bluetooth devices to the TV, the Multi-output Audio menu is activated. For more information about connecting Bluetooth devices to the TV, refer to \" Listening to the TV through Bluetooth devices.\" You can use this function to change the menu language. Choose a language from the list."}], "parent_id": "1dc57a67-0f56-4c9c-805b-a625f950eac5", "type": "h3", "id": "144a2b24-6218-41b3-90cb-85e2538d02ee"}