{"direction": "ltr", "title": "The TV Won't Connect to the Internet", "content": [{"media_type": "text/plain", "text": "The problem Try this! The wireless network connection failed. Confirm your wireless modem/router is on and connected to the Internet. The software update over the Internet has failed. Check the network connection status (( MENU/123 ) MENU Network Network Status ). If the TV is not connected to a network, connect to a network. The upgrade stops if you already have the latest software version."}], "parent_id": "977a7650-9865-4a8c-be51-631e41348991", "type": "h2", "id": "50284b68-f3e1-425d-a5c3-802f591a1e6f"}