{"direction": "ltr", "title": "Viewing a picture-in-picture (PIP)", "content": [{"media_type": "text/plain", "text": "( MENU/123 ) MENU Picture PIP Try Now While viewing video from an external device such as a Blu-ray player on the main screen, you can watch a TV broadcast in a picture-in-picture (PIP) window. \u25cf PIP Activates/deactivates PIP. \u25cf Antenna Selects Air or Cable as the digital channel mode. \u25cf Channel Selects the PIP channel. \u25cf Size Sets the PIP window size. \u25cf Position Sets the PIP window position. \u25cf Select Sound Selects the audio source. To adjust the connected audio device's volume, you must use the Sound Share function or connect the audio source to the TV's HDMI (ARC) port. \" PIP cannot be used while Smart Hub or 3D is active. \" Playing a game or using the karaoke function on the main screen can result in lower PIP picture quality. \" The PIP function is only available under the following conditions: 1) The main screen's source is a Component or HDMI connection. 2) The input resolution is less than FHD (Full HD). \" The PIP window supports digital channels only and does not support UHD channels. ( MENU/123 ) MENU Picture Picture Size Picture Size Try Now You can change the size of the picture displayed on the TV screen. \u25cf 16:9 Sets the picture size to the 16:9 wide screen format. \u25cf Zoom Magnifies 16:9 pictures vertically. A magnified picture can be moved up and down. \u25cf Custom Magnifies or shrinks 16:9 pictures vertically and/or horizontally. A magnified or shrunk picture can be moved left, right, up, and down. \u25cf 4:3 Sets the picture size to the basic 4:3 mode. [ Do not watch your TV in 4:3 mode for extended periods of time. This action can cause the black bars, which appear at the top, bottom, left, and right sides of the screen in 4:3 mode, to \"burn in\" and appear as temporary or permanent after images on the screen. Damage to the screen caused by screen \"burn in\" is not covered by your Warranty. \" Supported picture sizes differ with the input signal. For more information about supported picture sizes, refer to \"Picture sizes and input signals.\" You can configure the TV so that the full picture fits the screen without any cutoff in the size you have chosen. \" This function is not available when you set the Picture Size to the 4:3 mode."}], "parent_id": "4598a91a-0cc6-4699-a804-ccab707a236f", "type": "h3", "id": "194d730e-034c-460f-9f67-4f786768c938"}