{"direction": "ltr", "title": "Motion Control", "content": [{"media_type": "text/plain", "text": "\u25cf Motion Control functions through the camera connected to the TV. For Motion Control to work, you must be within the camera's recognition range. The camera's recognition range differs with the ambient light level and other factors. \u25cf Run the Motion Control Environment Test before using Motion Control to determine the camera's recognition range. \u25cf You may experience physical fatigue when using Motion Control for extended periods."}], "parent_id": "bcc5fe56-9428-4035-897c-3f0d0daad750", "type": "h4", "id": "e86a2df4-cb7f-4731-8895-a1df116d4ed3"}