{"direction": "ltr", "title": "Showing captions", "content": [{"media_type": "text/plain", "text": "( MENU/123 ) MENU System Accessibility Caption You can watch TV broadcasts with captions. Press and hold the button to turn the Caption function on or off. \" This function is not available on certain models in specific geographical areas. \" Captions are not displayed by programs that do not support captions. \" On the standard remote control, press and hold the CC button to turn the Caption function on or off."}], "parent_id": "41ad07c6-683d-411c-89bc-5faf5a5b087a", "type": "h3", "id": "f9658b25-1a29-42e1-be35-b1165baec49f"}