{"direction": "ltr", "title": "Before using the recording and schedule recording functions", "content": [{"media_type": "text/plain", "text": "\" Recording is not supported in the U.S.A and Canada. \u25cf To set up a Schedule Recording, you must first set the TV's clock. Set the Clock (( MENU/123 ) MENU System Time Clock ). \u25cf You can set up a maximum total of 30 Schedule Viewing and Schedule Recording entries. \u25cf Recordings are DRM-protected and therefore cannot be played back on a computer or on a different TV. In addition, these files cannot be played back on your TV if its video circuit has been replaced. \u25cf A USB hard drive with a speed of 5,400rpm or above is recommended. However, RAID-type USB hard drives are not supported. \u25cf USB memory sticks are not supported. \u25cf The total recording capacity may differ with the amount of available hard drive space and the recording quality level. \u25cf Schedule Recording requires at least 100MB of free space on the USB storage device. Recording will stop if the available storage space falls below 50MB while recording is in progress. \u25cf If the available storage space falls below 500MB while both the Schedule Recording and Timeshift functions are in progress, only the recording will stop. \u25cf The maximum recording time is 720 minutes. \u25cf Videos are played according to the TV settings. \u25cf If the input signal is changed while recording is in progress, the screen will go blank until the change is made. In this case, recording will resume, but will not be available. \u25cf When using the Record or Schedule Recording function, the actual recording may start a second or two later than the specified time. \u25cf If the Schedule Recording function is operating while a recording is being made on an HDMI-CEC external device, the priority is given to the Schedule Recording. \u25cf Connecting a recording device to the TV automatically deletes abnormally saved recording files. \u25cf If the Off Timer or Auto Power Off has been set, the TV will override these settings, continue to record, and turn off after the recording has ended."}], "parent_id": "71b279ca-e1af-49f6-ae44-e43b80d9fb04", "type": "h3", "id": "2c370ef5-a599-43ac-b4ea-adfd379438dd"}