{"direction": "ltr", "title": "Picture and Sound", "content": [{"media_type": "text/plain", "text": "Adjusting the Picture Quality 99 Choosing a picture mode 100 Adjusting the picture quality 101 Adjusting advanced settings 102 Adjusting picture options Viewing in 3D 104 Starting 3D 105 Adjusting 3D effects Picture Support Functions 106 Viewing a picture-in-picture (PIP) 107 Changing the picture size and position 108 Listening to audio only (Picture Off) 108 Resetting the picture mode settings Adjusting the Sound Quality 109 Choosing a sound mode 110 Applying sound effects Using the Sound Support Functions 111 Selecting speakers 111 Listening to TV sound through a Samsung Bluetooth audio device 112 Listening to the TV through Bluetooth devices 112 Configuring additional functions 113 Listening to 3D audio in 3D mode 113 Specifying the TV's installation type 113 Resetting all sound settings"}], "parent_id": "3109cccb-1708-4056-b0ca-e2e5a883a23f", "type": "h3", "id": "03c61700-0010-486c-ab5a-bcfe2be52477"}