{"direction": "ltr", "title": "Connecting to a wireless Internet network automatically", "content": [{"media_type": "text/plain", "text": "( MENU/123 ) MENU Network Network Settings Make sure that you have the wireless router's SSID (name) and password settings before attempting to connect. 1. Select Wireless . The TV automatically displays a list of available wireless networks. 2. Select a network. If the network you want doesn't appear in the list, the screen returns to the Network Settings screen. 3. If your network is security enabled, enter the password using the displayed on-screen keyboard. If your network is not security-enabled, the TV will bypass the on-screen keyboard and attempt to connect right away."}], "parent_id": "e5372516-de3c-4770-b0d9-efb0583c7444", "type": "h4", "id": "db34645f-d44b-4055-9ba3-f7cad9d764c4"}