{"direction": "ltr", "title": "Playing media content saved on a USB device", "content": [{"media_type": "text/plain", "text": "1. Select a USB device name on the MY CONTENT screen. The TV displays a thumbnail list of the media content saved on the USB device. 2. Select the media content to play from the list. The media content plays. 3. Select the button to stop playing or press the RETURN button. \" While video with UHD-level resolution is being played, Motion Control is not available. \" Alternatively, if you select a USB device on the Source screen, the TV jumps to the MY CONTENT screen automatically."}], "parent_id": "7dff1d2c-9e76-4f0d-be88-2c0d6686d4ed", "type": "h3", "id": "6ef7f5d9-7a72-4977-80ac-0f12c008c63b"}