{"direction": "ltr", "title": "Updating the TV's software to the latest version", "content": [{"media_type": "text/plain", "text": "( MENU/123 ) MENU Support Software Update Update now Try Now You can update your TV's software by downloading the update from the Internet directly to your TV or by copying the update from a USB device that contains it to your TV. \" This function requires an Internet connection. \" Save the update package in the USB device's top-level folder. Otherwise, the TV will not be able to locate the update package. [ DO NOT turn off the TV's power until the update is complete. The TV will turn off and on automatically after completing the software update. All video and audio settings return to their default settings after a software update."}], "parent_id": "1c4697a8-7ac5-4d71-b671-cae756d395b5", "type": "h3", "id": "af97c30c-1997-4f65-9479-0c08bdaea1ae"}