{"direction": "ltr", "title": "Setting up the universal remote control", "content": [{"media_type": "text/plain", "text": "1. Connect the external device to control with the universal remote control to an HDMI port on the TV, and then turn on the external device. 2. Press the SOURCE button on your remote control to bring up the Source screen. 3. Select Universal Remote Setup on the Source screen, and then follow the directions on the screen to complete the set up and register the device. The directions will be different, depending on the device you want to control. \" If the external device does not respond after being registered, register it again using its model number. \" The TV memorizes both the external device and the connection (HDMI 1, HDMI 2, etc.) the device is connected to."}], "parent_id": "c68a30b6-4a9a-475e-91f3-14584a364f21", "type": "h3", "id": "2b273825-8a34-47d3-860d-a8adb7a9fb38"}