{"direction": "ltr", "title": "Selecting a gender for the TV voice", "content": [{"media_type": "text/plain", "text": "( MENU/123 ) MENU System Voice Recognition Voice Gender You can select the gender of the voice the TV will use when you use the Voice Recognition function. You can select a language to use with the Voice Recognition function. \" Interactive voice recognition is not available in some languages. If the language you want is not available, select a different language."}], "parent_id": "3f60a2e0-9f1f-47e5-9d4e-10b14ad67bab", "type": "h4", "id": "a8e117e1-68a9-485e-9ff3-00960486f486"}