{"direction": "ltr", "title": "Connecting by automatically allowing the connection", "content": [{"media_type": "text/plain", "text": "1. Select Network Screen Mirroring , You can also start screen mirroring by pressing the SOURCE button on your remote and selecting Screen Mirroring from the list at the top of the screen. 2. Launch the Screen Mirroring function on your mobile device. The mobile device searches for available devices to connect to. 3. Select the TV from the list. The TV automatically allows the connection and the device connects. \" If the mobile device cannot connect, turn the TV and mobile device off and then on."}], "parent_id": "5b015013-8cef-47e8-862d-802bcb7f87b3", "type": "h4", "id": "e8d682a8-fe8d-4995-b77a-82eb6d9567ed"}