{"direction": "ltr", "title": "Canceling a schedule viewing", "content": [{"media_type": "text/plain", "text": "( MENU/123 ) MENU Broadcasting Schedule Manager On the Scheduled screen, select a schedule viewing. A pop-up menu appears. Select Delete . Select OK in the pop-up menu. The schedule viewing is removed. \" You can set up a maximum total of 30 Schedule Viewing and Schedule Recording entries."}], "parent_id": "079d8d43-bf84-4814-becc-1ffccd462d1d", "type": "h3", "id": "44fbf31f-1ff2-4112-9da4-9c7d871b940f"}