{"direction": "ltr", "title": "Pairing a laptop to the TV (wireless PC mirroring)", "content": [{"media_type": "text/plain", "text": "You can view the enhanced or dual mode screen of a laptop on your TV by pairing the laptop to the TV wirelessly. Connect a Wireless PC Mirroring Adapter (VG-SWD1000) to the laptop's HDMI port, and then connect the USB cable that came with the package between a USB port of the Wireless PC Mirroring Adapter (VG-SWD1000) and a USB port of the laptop. A pairing message appears on the TV's screen. If you allow the pairing, the laptop's screen is displayed on the TV's screen. \" This function is not available on certain models in specific geographical areas. \" This function is not available on third-party TVs or non-laptop devices. \" If two Samsung TVs are located closely, turn off the TV to which you don't want to pair the laptop, and then try to pair."}], "parent_id": "977a7650-9865-4a8c-be51-631e41348991", "type": "h2", "id": "f2967b25-5df1-4412-bdf1-dc3efecea440"}