{"direction": "ltr", "title": "Listening to TV sound through a Samsung Bluetooth audio device", "content": [{"media_type": "text/plain", "text": "( MENU/123 ) MENU Sound Additional Settings TV SoundConnect You can connect Samsung Bluetooth audio devices to the TV. They must be paired using the TV's Bluetooth function. For more information on pairing, refer to the Samsung Bluetooth audio device's operating manual. \" This function is not available on certain models in specific geographical areas. \u25cf Add New Device Adds a new device to the list of paired devices. If Add New Device is set to Off , the connection signals from new devices are ignored. \u25cf Samsung Audio Device List Displays a list of paired Samsung audio devices. Select a device to display its menu options. You can activate/deactivate the audio device or remove it from the list. \" This function is only available for Samsung audio devices that support TV SoundConnect . \" TV SoundConnect , Surround , and Bluetooth devices can't be used simultaneously. \" Before using a Bluetooth device, refer to \"Read Before Using Bluetooth Devices.\""}], "parent_id": "2fc92ce3-51c0-4f1a-b379-21d190950f9e", "type": "h3", "id": "36740e8f-3763-4361-9258-1bfb39b61808"}