{"direction": "ltr", "title": "Connecting a Bluetooth mouse", "content": [{"media_type": "text/plain", "text": "\" This function is not available on certain models in specific geographical areas. 1. Place the Bluetooth mouse in standby status. 2. MENU System Device Manager Mouse Settings Add Bluetooth Mouse 3. Select the Bluetooth mouse from the scanned list, and then select Pair and connect . This pairs the Bluetooth mouse to the TV."}], "parent_id": "f20cee0b-701e-4a45-b17d-c3bf7a33f685", "type": "h4", "id": "c57fd47e-0132-46ee-8053-b9f4a87184e4"}