{"direction": "ltr", "title": "Using the Web Browser", "content": [{"media_type": "text/plain", "text": "You can surf the Internet on the TV as you would on a PC - even while watching a TV program using PIP. Select Help to view the information about the Internet web browser. \" For a more convenient web browsing experience, connect a keyboard and mouse to the TV. \" You can scroll the Web browser page with the 4 directional buttons. \" The Web browser page may differ from that on a PC."}], "parent_id": "977a7650-9865-4a8c-be51-631e41348991", "type": "h2", "id": "8bd26516-0786-468a-bbfa-0725fd76dc36"}