{"direction": "ltr", "title": "Connecting a Computer", "content": [{"media_type": "text/plain", "text": "The kinds of connections you can make are listed below. To use the TV as a computer monitor \u25cf Connect through the HDMI port with an HDMI cable. \u25cf Connect though the HDMI (DVI) port with an HDMI-to-DVI cable. To view or play the content saved in a computer on the TV \u25cf Connect through your home network."}], "parent_id": "977a7650-9865-4a8c-be51-631e41348991", "type": "h2", "id": "71140765-77fd-4f07-a678-9e98e8366794"}