{"direction": "ltr", "title": "Connecting a Mobile Device", "content": [{"media_type": "text/plain", "text": "You can connect a mobile device such as a smartphone or tablet directly to the TV, or connect it to your network and display the mobile device's screen or play its content on the TV. The kinds of connections you can make are listed below. \u25cf Connect by using an MHL-to-HDMI cable and view the mobile device's screen on the TV. \u25cf Connect by mirroring the mobile device's screen on the TV (Screen Mirroring). \u25cf Connect mobile devices without a wireless router (Wi-Fi Direct). \u25cf Connect a mobile device via Samsung Smart View 2.0."}], "parent_id": "977a7650-9865-4a8c-be51-631e41348991", "type": "h2", "id": "a148035c-9791-48f4-93d5-63af0ddeb075"}