{"direction": "ltr", "title": "Choosing a sound mode", "content": [{"media_type": "text/plain", "text": "( MENU/123 ) MENU Sound Sound Mode Try Now You can select a sound mode to optimize your listening experience. \u25cf Standard Is the default mode suitable for most environments. \u25cf Music Emphasizes music instead of voices. \u25cf Movie Provides the best sound for movies. \u25cf Clear Voice Emphasizes voices. \u25cf Amplify Increases the overall intensity of high-frequency sound to help hearing-impaired listeners. \u25cf Stadium When you set Sports Mode ( MENU System Sports Mode or Soccer Mode ) to On , Sound Mode is set to Stadium automatically so that the picture and sound settings are fixed at settings most suitable for soccer events. Produces sound that makes you feel like you are sitting in a movie theater or concert hall. \u25cf Dialog Clarity Try Now Increases voice intensity to make dialog clearer. \u25cf Headphone Surround Experience home theater-like surround sound through your headphones. \" This function is not available on certain models in specific geographical areas. \u25cf Balance Try Now Allows you to adjust the sound settings of the left and right speakers for a better sound balance. To restore the defaults, select Reset . \u25cf Equalizer Try Now Allows you to adjust the loudness of specific frequency ranges and control the richness of the sound. To restore the defaults, select Reset . \" This function is not available when you are listening to audio through external speakers. \" This function is only available when Sound Mode is set to Standard ."}], "parent_id": "e25ebba0-f747-4137-b5ea-8345a08db83f", "type": "h3", "id": "eee462f6-8c1f-4889-91ac-63c52a520375"}