{"direction": "ltr", "title": "Listening to 3D audio in 3D mode", "content": [{"media_type": "text/plain", "text": "( MENU/123 ) MENU Sound 3D Audio Try Now You can adjust audio depth so that the TV provides immersive sound that matches the pop-up effect of the 3D video that you are viewing. \" This function is not available on certain models in specific geographical areas. \" This function is only available in 3D mode."}], "parent_id": "2fc92ce3-51c0-4f1a-b379-21d190950f9e", "type": "h3", "id": "5a1ed872-4914-441f-9a5e-7f2671406708"}