{"direction": "ltr", "title": "Audio decoders", "content": [{"media_type": "text/plain", "text": "\u25cf WMA 10 Pro supports up to 5.1 channels. Supports up to the M2 profile. WMA lossless audio is not supported. \u25cf QCELP and AMR NB/WB are not supported. \u25cf Vorbis is supported for up to 5.1 channels. \u25cf Dolby Digital Plus is supported for up to 5.1 channels. \u25cf The DTS LBR codec is only available for MKV / MP4 /TS containers. \u25cf The supported sample rates are 8, 11.025, 12, 16, 22.05, 24, 32, 44.1, and 48 KHz, and differ by the codec."}], "parent_id": "d4d91bfa-8ffc-417b-b24c-d106921c4b50", "type": "h4", "id": "2f7601ef-f89e-4675-8b8a-6a86b57372bc"}