{"direction": "ltr", "title": "Controlling External Devices with the TV Remote-Using the Universal Remote", "content": [{"media_type": "text/plain", "text": "( MENU/123 ) MENU System Universal Remote Setup You can control external devices connected to the TV using the TV's remote control. \" This function is not available on certain models in specific geographical areas. \" You can also use the Anynet+ (HDMI-CEC) function to operate external Samsung devices with your TV's remote control without any additional setup. Refer to \"Using Anynet+ (HDMI-CEC)\" for more information. \" Certain external devices connected to the TV may not support the universal remote feature."}], "parent_id": "977a7650-9865-4a8c-be51-631e41348991", "type": "h2", "id": "c68a30b6-4a9a-475e-91f3-14584a364f21"}