{"direction": "ltr", "title": "Buttons and functions available while watching a soccer video", "content": [{"media_type": "text/plain", "text": "\u25cf Play / Pause Pauses or plays the video. \u25cf Previous / Next Plays the previous or next video. \u25cf Rewind / Fast Forward Rewinds or fast forwards the video. \u25cf Repeat Plays the video repeatedly. \u25cf Options Function Description Picture Size Changes the size of the screen. Picture Mode Allows you to change the picture mode of the current video. Sound Mode Changes the sound mode of the current video when you play the video though the TV speaker. Speaker List Gives you a choice of speakers to play the video sound through."}], "parent_id": "05703fb0-94ed-4e57-8ab3-540a8761267e", "type": "h4", "id": "ad159f19-fd9f-421b-84e7-9f6483541a46"}