{"direction": "ltr", "title": "Creating a Samsung account", "content": [{"media_type": "text/plain", "text": "( MENU/123 ) MENU Smart Hub Samsung Account Some of the Smart Hub services are paid services. To use a paid service, you must have an account with the service provider or a Samsung account. You can create a Samsung account using your email address as your ID. \" To create a Samsung account, you must agree to the Samsung account end user agreement and privacy policy. To view the entire content of the agreement, select MENU Smart Hub Samsung Account Terms and Conditions, Privacy Policy . \" You can also create a Samsung account at http://content.samsung.com. Once you have an account, you can use the same ID on both the TV and the Samsung website."}], "parent_id": "99356049-bcd2-47fc-9271-69fb96771be2", "type": "h3", "id": "b342dd6f-2d27-4a9f-9e84-464373f8ebb9"}