{"direction": "ltr", "title": "Adding back removed channels", "content": [{"media_type": "text/plain", "text": "You can add back removed channels from the All list only. Removed channels are displayed in gray in the All list. To display the All list. select Options Category All . Then, to add back a removed channel, select it, and then select Add . To add back all removed channels, select Options Select All Add ."}], "parent_id": "7b690fd0-a512-4b1b-998c-e5c8a7651070", "type": "h4", "id": "7f4f047a-9dd9-47ba-8fe1-0dbd326a8677"}