{"direction": "ltr", "title": "Testing ambient illumination using the TV camera", "content": [{"media_type": "text/plain", "text": "( MENU/123 ) MENU System Motion Control Motion Control Environment Test Try Now Run this test before using Motion Control to ensure proper functionality. 1. Stand 5 to 11.5 feet (1.5 to 3.5 m) from the TV screen. Launch the Motion Control Environment Test , and then select Start . If the TV screen is reflecting light or there are objects moving in the background, the TV may not recognize the motion of your hand. 2. Face the TV camera, and follow the onscreen instructions."}], "parent_id": "96d5be94-3fc6-4b4b-8184-143a83b16a78", "type": "h3", "id": "1fc3140a-c85b-4d0c-832e-6f75773337e8"}