{"direction": "ltr", "title": "Using the functions available while playing a recording", "content": [{"media_type": "text/plain", "text": "Press the Enter button. The following buttons appear. To hide the buttons, press the RETURN button. \" Buttons that appear may differ depending on the file being played. \u25cf Pause / Play Pauses the recorded program file or resumes playing the file if paused. When the video is paused, you can use the following functions. However, while the video is paused, there is no audio output. - Step : Select the button to scan through a video one frame at a time. - Slow Motion : Select the button to play the video back at 1/2 the normal speed. \u25cf Rewind / Fast forward Speeds up rewind/fast forward. To restore normal playback speed, press the button. \u25cf Previous / Next To restart the current video from the beginning, select the button once. To play the next recorded program file, select the button. \u25cf Repeat Plays the current file repeatedly or all files in the same folder repeatedly. \u25cf Highlight Player Displays highlights of the current recording. \" This function is only available if you have saved highlights of a program which was recorded in Sports Mode . \u25cf Options Function Description Picture Size Changes the size of the screen. The supported picture sizes differ by video. Caption Turns the subtitles on or off. Picture Mode Displays a list of Picture modes and lets you change the mode. Sound Mode Displays a list of Sound modes and lets you change the mode. Speaker List Gives you a choice of speakers to play the audio through. Multi-Track Sound Displays a list of languages and lets you select the audio language that will be used when you play videos. This function is only available with files that support multi-track sound. Information Displays detailed information about the current file."}], "parent_id": "8c4d659d-3f90-4d88-8942-b1f7630eae2c", "type": "h4", "id": "ce71fe26-ac09-47b9-9d75-8e579afc0eca"}