{"direction": "ltr", "title": "Read before using Multi-Link Screen", "content": [{"media_type": "text/plain", "text": "\" Before using Multi-Link Screen, make sure the TV is connected to the Internet. \" Before using Smart Hub with Multi-Link Screen, make sure to finish configuring Smart Hub. \" UHD content and channels cannot be viewed simultaneously. \" Certain TV features and apps may not be supported by Multi-Link Screen. If an app or feature you are using is not supported, exit from Multi-Link Screen, and then use the feature. \" You can hear the selected audio while you are using Multi-Link Screen through the TV's speakers and you can hear the other screen's audio through Bluetooth devices."}], "parent_id": "993d10d1-2012-4515-a4f8-539d2bcd329f", "type": "h4", "id": "91a7b545-c5be-4bb3-9779-8995d0bee9ec"}