{"direction": "ltr", "title": "Connecting with an HDMI-to-DVI cable", "content": [{"media_type": "text/plain", "text": "If the graphics adapter of your TV does not support the HDMI interface, connect the computer to the TV with a DVI (Digital Visual Interactive)-to-HDMI cable. Note that the HDMI-to-DVI connection is only supported by the HDMI (DVI) port and does not transmit audio. To listen to the computer sound, connect external speakers to the audio output connection of the computer. Connect the HDMI-to-DVI cable to the HDMI (DVI) port of the TV and the DVI output port of the computer as shown in the image below."}], "parent_id": "71140765-77fd-4f07-a678-9e98e8366794", "type": "h3", "id": "5dbf18e1-734b-49db-a826-08ff515c8825"}