{"direction": "ltr", "title": "There Is a Problem with the Broadcast", "content": [{"media_type": "text/plain", "text": "The problem Try this! The TV is not receiving all channels. \u25cf Confirm that the coaxial cable is securely connected to the TV. \u25cf Run Setup (( MENU/123 ) MENU System Setup ) or Auto Program (( MENU/123 ) MENU Broadcasting Auto Program ). \u25cf If you are using an antenna, verify it is positioned correctly and all the connections are secure. There are no captions with digital channels. Go to Caption (( MENU/123 ) MENU System Accessibility Caption ) and change the Caption Mode . Some channels may not have caption data. The picture is distorted. The compression of the video content may cause picture distortions. This is especially true with fast moving pictures from sports programs and action movies. A weak signal can cause picture distortions. This is not a problem with the TV. The \"Mode Not Supported\" message appears. Set your PC's output resolution so it matches a resolution supported by the TV. The video is OK but there is no audio. If you are using an HDMI connection, check the audio output setting on your PC. If you are using an HDMI-to-DVI cable, a separate audio cable is required."}], "parent_id": "977a7650-9865-4a8c-be51-631e41348991", "type": "h2", "id": "913e0196-47af-4b9b-b713-125d4a66afad"}