{"direction": "ltr", "title": "Learning about the remote control (for the visually impaired)", "content": [{"media_type": "text/plain", "text": "( MENU/123 ) MENU System Accessibility Learn Remote Control This function helps individuals with a visual impairment to learn the positions of the buttons on the remote control. When this function is activated, you can press a button on the remote control and the TV will tell you its name. To return to the previous screen, press the RETURN button twice. To exit, press the EXIT button twice. \" This function is only available in the U.S.A. and Canada."}], "parent_id": "1dc57a67-0f56-4c9c-805b-a625f950eac5", "type": "h3", "id": "18d6a50b-5876-48a1-9045-fe851d7e4823"}