{"direction": "ltr", "title": "Using the Edit Favorites screen menu items", "content": [{"media_type": "text/plain", "text": "You can access the following options by selecting Options on the Edit Favorites screen. \u25cf Select All / Deselect All Selects or deselects all channels saved on the TV. \u25cf Copy to Favorites Copies channels from one favorite channels list to another. \" For more information, refer to \"Copying channels from one favorites list to another.\" \" This option is available only if you have registered one or more channels to at least one favorites list. \u25cf Rename Favorites Rename an existing favorite channels list. \" For more information, refer to \"Renaming a favorites list.\" \" This option is available only if you have registered one or more channels to at least one favorites list. \u25cf Antenna Allows you to select Air or Cable . \u25cf Edit Channel Allows you to manage the channels saved on the TV. \" For more information, refer to \"Registering, Removing, and Editing Channels.\""}], "parent_id": "c5bcb219-8983-449c-a826-3fe51b95a3bd", "type": "h3", "id": "47ae5a3a-8aa8-45d2-8c17-0f829e5663cb"}