{"direction": "ltr", "title": "Using the MY CONTENT Service", "content": [{"media_type": "text/plain", "text": "or SMART HUB Featured MY CONTENT Try Now MY CONTENT Mobile Device USB 2 PC Connection Guides You can play media content saved on storage devices, such as USB devices, mobile devices, and cameras, on the TV. When you connect a storage device to the TV, the TV displays a tab with the name of the connected device. Select the tab to confirm the content saved on the storage device. \" You cannot play media content if the content or the storage device is not supported by the TV. For more information, refer to \"Read Before Playing Photo, Video, or Music Files.\" \" Backup important files before connecting a USB device. Samsung is not responsible for damaged or lost files."}], "parent_id": "977a7650-9865-4a8c-be51-631e41348991", "type": "h2", "id": "7dff1d2c-9e76-4f0d-be88-2c0d6686d4ed"}