{"direction": "ltr", "title": "Viewing and selecting channels on Favorites lists only", "content": [{"media_type": "text/plain", "text": "( MENU/123 ) MENU Broadcasting Channel List You can display a favorites list and select a channel using the channel up/down buttons. 1. Press the left directional button. A favorites list appears. 2. Highlight a channel from the selected favorites list using the channel up/down buttons, and then select it. The channel changes. \" A favorites list can be selected only if it contains at least one favorite channel."}], "parent_id": "dd94475e-49fb-4963-b7fe-00af2ec3e931", "type": "h3", "id": "712f0436-cf68-4a45-b82c-dda461299121"}