{"direction": "ltr", "title": "Requesting service", "content": [{"media_type": "text/plain", "text": "( MENU/123 ) MENU Support Request Support You can request service when you encounter a problem with the TV. Select the item matching the problem that you encountered, and then select Send . \" This function is not available in specific geographical areas. \" This function is only available when you agree to the terms and conditions for the service request."}], "parent_id": "a8b94a4b-0e18-4972-9acb-9d0e8061b6e6", "type": "h3", "id": "d4f4df6d-8bec-482f-9b33-1f4b42759727"}