{"direction": "ltr", "title": "Using the keyboard", "content": [{"media_type": "text/plain", "text": "You can use the following keys on a USB or Bluetooth keyboard connected to the TV to control the following remote features. Keyboard Remote control functions Directional keys Moves the focus Windows key Displays the menu Menu list key Displays the On-Screen Remote Enter key Selects or runs a focused item ESC key Returns to the previous screen F1 / F2 / F3 / F4 key / / / F5 key Launches the button F6 key Displays the Source screen F7 key Launches the Channel List F8 key Mutes the sound F9 / F10 key Adjusts the volume F11 / F12 key Changes the channel"}], "parent_id": "f4234452-de87-4802-8a8b-9800a9fbf78b", "type": "h3", "id": "cec25a7d-6f78-4d6a-ae85-0599f91728f3"}