{"direction": "ltr", "title": "Using channel bound apps", "content": [{"media_type": "text/plain", "text": "A channel bound app provides information about offerings and services available on one channel. You can receive information about TV programs and other relevant services while watching TV by using a channel bound app that is installed on the TV and linked to a specific channel. \" This function is only available when an app supporting Channel-bound Apps & Ticker is installed on the TV."}], "parent_id": "bd133373-46f6-4713-856c-5fcf8ce2975a", "type": "h4", "id": "4f77da64-50c1-450d-8804-afcb23803be4"}