{"direction": "ltr", "title": "Using LAN cables", "content": [{"media_type": "text/plain", "text": "There are three ways to connect the TV to your Internet access points, as shown in the following illustrations: \u25cf Wall-mounted LAN Outlet LAN \u25cf External Modem LAN \u25cf \u2460 IP Router + \u2461 External Modem LAN 1 2 \" Use a CAT 7 (*STP type) cable for the connection. * Shielded Twist Pair \" The TV will not be able to connect to the Internet if the network speed is below 10Mbps."}], "parent_id": "9552bd60-24bd-4095-b6c0-6eef235f7941", "type": "h4", "id": "6e9066e2-26ee-4038-97fb-45f6acabe3ca"}