{"direction": "ltr", "title": "Setting up Anynet+ (HDMI-CEC)", "content": [{"media_type": "text/plain", "text": "( MENU/123 ) MENU System Anynet+ (HDMI-CEC) Try Now \u25cf Anynet+ (HDMI-CEC) Try Now You can enable or disable Anynet+ (HDMI-CEC). Set to Off or On to disable or enable all Anynet+ related functions. \u25cf Auto Turn Off Try Now When set to Yes , turns off Anynet+ compatible external devices when the TV is turned off. \" This function is not supported by some Anynet+ compatible devices. \u25cf Device search Try Now Automatically searches for and identifies Anynet+ (HDMI-CEC) compatible external devices that are connected to the TV."}], "parent_id": "acdba95f-670c-4790-b135-64638d5e8196", "type": "h3", "id": "2269ca5d-68c4-4562-86c9-a53eabab4723"}