{"direction": "ltr", "title": "Editing a nickname", "content": [{"media_type": "text/plain", "text": "1. Select on the GAMES service screen, and then select Edit Nickname . 2. Enter your nickname with the on-screen keyboard, and then select Done . \" Your nickname is displayed on the My Page screen. To update games automatically, set App Auto Update to On . Games will be updated automatically when an update becomes available. \" The actual name may differ by specific geographical area."}], "parent_id": "44a87100-6e42-4f6d-8e3a-f3cd30c7a26b", "type": "h4", "id": "8dff73ac-1656-4bf1-a8d4-e6067bf6608f"}