{"direction": "ltr", "title": "Using Program Rating Lock", "content": [{"media_type": "text/plain", "text": "( MENU/123 ) MENU Broadcasting Program Rating Lock Try Now You can block programs based on their ratings by using Program Rating Lock . This function is useful for controlling what children watch on TV. Program Rating Lock does not block programs originating from external sources, such as Blu-ray players, DVD players, or USB files. Every time you access Program Rating Lock , you must enter the security PIN. You must also enter this PIN to watch a blocked program. The default PIN is 0000. To change the PIN, go to System Change PIN . \" The Program Rating Lock may not supported depending on the input signal you are using."}], "parent_id": "ddcadcb7-8abc-41d2-a19b-9ca04b547d0e", "type": "h3", "id": "d4d4eda8-2e76-4b0a-8194-9c24bc0a9d6e"}