{"direction": "ltr", "title": "Launching the e-Manual", "content": [{"media_type": "text/plain", "text": "( MENU/123 ) MENU Support e-Manual You can view the embedded e-manual that contains information about your TV's key features. Press the MENU/123 button on the Samsung Smart Control, and then select e-Manual . \" On the standard remote control, press the E-MANUAL button. 1. Select a category from the e-Manual screen. The content of the selected category appears on the screen. 2. Select an item from the list. The corresponding e-Manual topic appears. \" Alternatively, you can download a copy of the e-Manual from Samsung's website. \" Words in blue (e.g., Picture Mode ) indicate a menu item. The arrows in the menu navigator indicate the menu path. For example, MENU/123 MENU Picture Picture Mode means that you press the MENU/123 button on the Samsung Smart Control, and then select the on-screen items, Menu , Picture , and Picture Mode sequentially. \" On the standard remote control, press the MENU button, and then select Picture , Picture Mode sequentially."}], "parent_id": "d1c373e9-0bae-462d-a57e-04312c440265", "type": "h3", "id": "7190a682-92d2-4c55-8574-0eb6375fcca9"}