{"direction": "ltr", "title": "Connection notes for audio devices", "content": [{"media_type": "text/plain", "text": "\u25cf For better audio quality, it is a good idea to use an AV receiver. \u25cf Connecting a device using an optical cable does not automatically turn off the TV speakers. To turn off the TV's speakers, set Speaker List to something other than TV Speaker. A menu navigator may differ by specific model and area. The following actions are available: \u25cf MENU/123 Speaker List \u25cf MENU/123 MENU Sound Speaker List On the standard remote control, do one of the following: \u25cf TOOLS Speaker List \u25cf MENU Sound Speaker List \u25cf After adjusting the volume, and then press the button. \u25cf An unusual noise coming from a connected audio device while you are using it may indicate a problem with the audio device itself. If this occurs, ask for assistance from the audio device's manufacturer. \u25cf Digital audio is only available with 5.1-channel broadcasts."}], "parent_id": "fe257402-d6c0-4e73-a836-b4fc69122a04", "type": "h3", "id": "c2c0b1fb-eb56-4c14-8670-851d9f3cf1e9"}