{"direction": "ltr", "title": "Testing Smart Hub connections", "content": [{"media_type": "text/plain", "text": "( MENU/123 ) MENU Support Self Diagnosis Smart Hub Connection Test If Smart Hub is not working, select Smart Hub Connection Test . The Connection Test diagnoses the problem by checking the Internet connection, your ISP, the Samsung server, and the Apps service. You can learn the basics of using Smart Hub and the Smart Hub service in detail."}], "parent_id": "169b04e3-d989-431e-8947-830fa26bb12e", "type": "h3", "id": "2105cd96-8a4b-4b96-baf8-05467fa8c679"}