{"direction": "ltr", "title": "Running the accessibility functions quickly", "content": [{"media_type": "text/plain", "text": "You can use the Accessibility Shortcuts menu to quickly run the accessibility functions for the impaired. Press and hold the button on the Samsung Smart Control. The Accessibility Shortcuts menu lists the Voice Guide , Video Description , Caption , Menu Transparency , High Contrast , Enlarge , Learn Remote Control and Multi-output Audio menu options. \" With Accessibility shortcuts menu, some functions are not available in specific countries. \" On the standard remote control, press the CC button. \" Even if Voice Guide is set to Off or the Mute mode is activated, you can run the Voice Guide function from the Accessibility Shortcuts menu."}], "parent_id": "1dc57a67-0f56-4c9c-805b-a625f950eac5", "type": "h3", "id": "4da8859a-a535-4e35-86d7-bc5e34ba7740"}