{"direction": "ltr", "title": "Operating the TV with the directional buttons and the Enter button", "content": [{"media_type": "text/plain", "text": "Press the directional buttons (up, down, left, and right) to move the pointer, focus, or cursor in the direction you want or to change a setting shown on a focused item. Press the Enter button to select an item or run a focused item. Press and hold the Enter button to view the Guide while watching the TV. \" To adjust the pointer speed, select MENU System Smart Control Settings Motion Sensitivity . Try Now \" To use the POINTER button and the movement of the Samsung Smart Control to operate your TV, Voice Guide must be set to Off . \" To view a tutorial that shows how to use the POINTER button, select MENU Support Smart Control Tutorial . Try Now"}], "parent_id": "25bb7132-bdfe-47ae-8beb-befc20e237a7", "type": "h3", "id": "aa0c4fe7-e6b4-4226-8c2e-6ce0341a6611"}