{"direction": "ltr", "title": "Troubleshooting", "content": [{"media_type": "text/plain", "text": "Getting Support 128 Getting support through Remote Management 129 Finding the contact information for service 129 Requesting service There Is a Problem with the Picture 130 Testing the picture I Can't Hear the Sound Clearly 132 Testing the sound I Can't See 3D Images Clearly 133 Testing 3D picture quality There Is a Problem with the Broadcast My Computer Won't Connect The TV Won't Connect to the Internet The Schedule Recording/Timeshift Function Isn't Working Anynet+ (HDMI-CEC) Isn't Working I Have Trouble Launching/Using Apps My File Won't Play I Want to Reset the TV Other Issues"}], "parent_id": "3109cccb-1708-4056-b0ca-e2e5a883a23f", "type": "h3", "id": "7c34c8dd-e799-4ca9-ad84-c69c40f6df41"}