{"direction": "ltr", "title": "Read before connecting an Anynet+ (HDMI-CEC)", "content": [{"media_type": "text/plain", "text": "\" You can configure the TV's Universal Remote to control to control third-party cable boxes, Blu-ray players, and home theaters that do not support HDMI-CEC. For more information, refer to \" Controlling External Devices with the TV Remote - Using the Universal Remote.\" \" Anynet+ cannot be used to control external devices that do not support HDMI-CEC. \" Anynet+ (HDMI-CEC)-enabled devices must be connected to the TV with an HDMI cable. Note that some HDMI cables may not support Anynet+ (HDMI-CEC). \" The TV remote control may not work under certain circumstances. If this occurs, set up the device as a Anynet+ (HDMI-CEC)-enabled device again. \" Anynet+ (HDMI-CEC) works only with external devices that support HDMI-CEC and only when those devices are either in standby mode or turned on. \" Anynet+ (HDMI-CEC) can control up to 12 compliant external devices (up to 3 of the same type) except for home theaters. Anynet+ (HDMI-CEC) can control only one home theater system. \" To listen to 5.1-channel audio from an external device, connect the device to the TV via an HDMI cable and connect a 5.1 home theater system directly to the TV's digital audio output connector."}], "parent_id": "4bb6a561-3925-41d5-a0b4-0c4957c12d84", "type": "h4", "id": "afea8fe5-00c0-49e1-abba-acba7ec06435"}