{"direction": "ltr", "title": "Connection notes for mobile devices", "content": [{"media_type": "text/plain", "text": "\u25cf To use the Screen Mirroring function, the mobile device must support a mirroring function such as AllShare Cast or Screen Mirroring. To check whether your mobile device supports the mirroring function, please visit the mobile device manufacturer's website. \u25cf To use Wi-Fi Direct, the mobile device must support the Wi-Fi Direct function. Please check if your mobile device supports Wi-Fi Direct. \u25cf The mobile device and your Smart TV must be connected to each other on the same network. \u25cf The video or audio may stop intermittently, depending on network conditions."}], "parent_id": "fe257402-d6c0-4e73-a836-b4fc69122a04", "type": "h3", "id": "ba5fe294-afd8-4c54-b603-3d31bb65e17b"}