{"direction": "ltr", "title": "Selecting the Broadcast Audio Language for Digital Broadcasts", "content": [{"media_type": "text/plain", "text": "\u25cf Selecting a Language Try Now Select Audio Options Preferred Language , and then select a language. Digital programs that include the language you selected in their broadcast signal are automatically played using that language. If the language you selected is not supported by the broadcast signal, the TV will use the default audio language broadcast by the TV station. Select Audio Options Multi-Track Sound . Configure the audio for the current broadcast. MultiTrack Sound can be set to mono or stereo, depending on the broadcast signal or program. This option is automatically set to mono if the broadcast signal or program does not support stereo. Select Program to see if the program you are watching is being transmitted with a track containing a simultaneous translation into a language you want. If it is, select the track to listen to the translation."}], "parent_id": "963f0920-7100-4c11-90fb-3c29ac8174e3", "type": "h4", "id": "48e66dbf-f252-47b1-87c2-fad882c51dad"}