{"direction": "ltr", "title": "Quickly installing apps", "content": [{"media_type": "text/plain", "text": "1. Select a category on the APPS screen. 2. Move the focus to an app, and then press and hold the Enter button. The context-sensitive menu appears. 3. Select Download . The selected app is installed on the TV. \" You can view installed apps on the My Apps screen. \" You can also install an app from its detailed information screen. \" When the TV's internal memory is insufficient, you can install an app on a USB device. \" You can run an app installed on a USB device only when the USB device is connected to the TV. If the USB device is disconnected while an app is running, the app is terminated. \" You cannot run an app installed on the USB device on a PC or another TV."}], "parent_id": "95634113-45e5-4c87-8656-1a32164614ec", "type": "h4", "id": "12c81967-5d09-42ae-afb9-3393f1a87264"}