{"direction": "ltr", "title": "Using the functions on the recorded files screen", "content": [{"media_type": "text/plain", "text": "\u25cf Filter By Displays only files that match the selected filter. \u25cf Sort By Sorts files according to the selected viewing mode. \" This function is unavailable if Filter By is set to All . \u25cf Delete Deletes selected files, except for locked files. \" This function is unavailable if Filter By is set to All . \u25cf Play Selected Plays selected files. Select files from the file list and then select Play . If the viewing mode is set to Folder view, you can only select files in the same folder. To add files contained in other folders to the playlist, change the viewing mode. \" This function is unavailable if Filter By is set to All ."}], "parent_id": "41ffac70-2e44-4437-9259-070008dec02a", "type": "h4", "id": "949f9e5f-588f-439a-8ceb-9b36f2f10eff"}