{"direction": "ltr", "title": "Linking your Samsung account to external service accounts", "content": [{"media_type": "text/plain", "text": "You can automatically log in to external service accounts when you log into your Samsung account by linking your Samsung account to the external service accounts. \" To use Link Service Accounts , you must first log into your Samsung account."}], "parent_id": "99356049-bcd2-47fc-9271-69fb96771be2", "type": "h3", "id": "31a51d02-9664-4092-bc7e-5fdcf155d953"}