{"direction": "ltr", "title": "System and Support", "content": [{"media_type": "text/plain", "text": "Setting the Time and Using the Timer 114 Setting the current time 115 Using the timers Using the Screen Burn Protection and Energy Saving Functions 117 Preventing screen burn 117 Reducing the energy consumption of the TV Using Anynet+ (HDMI-CEC) 118 Setting up Anynet+ (HDMI-CEC) 118 Using Anynet+ (HDMI-CEC) Updating the TV's Software 120 Updating the TV's software to the latest version 120 Updating the TV automatically Protecting the TV from Hacking and Malicious Code 121 Checking the TV and connected storage for malicious code 122 Configuring additional functions Using Other Functions 123 Running the accessibility functions quickly 123 Enabling voice guides for the visually impaired 124 White text on black background (high contrast) 124 Adjusting the menu transparency 124 Enlarging the font (for the visually impaired) 124 Learning about the remote control (for the visually impaired) 124 Listening to the TV through Bluetooth devices (for the hearing impaired) 125 Changing the menu language 125 Setting up a password 125 Checking Notifications 125 Enabling game mode 126 Richer colors and superior picture quality (BD Wise) 126 Enabling/Disabling sound feedback 126 Locking/Unlocking the Control Stick 126 Showing/Hiding the Samsung logo while booting 126 Enabling the TV to boot faster 127 Registering the TV as a DivX-certified device (watching for pay DivX movies) 127 Restoring the TV to the factory settings 127 Using the TV as a display model (for retail stores)"}], "parent_id": "3109cccb-1708-4056-b0ca-e2e5a883a23f", "type": "h3", "id": "2ab32088-02ef-4f64-be1d-f987e0e64691"}