{"direction": "ltr", "title": "Setting up a schedule viewing for a digital channel", "content": [{"media_type": "text/plain", "text": "You can set up a schedule viewing for a digital channel on the Guide or Information screen. \u25cf The Guide screen On the Guide screen, press the left or right directional button to move to a program you would like to view, and then press the Enter button. You can select Schedule Viewing on the pop-up menu that appears. The program is scheduled for viewing. \u25cf The Program Info window Press the Enter button while you are watching the TV. The Program Info window appears. Press the left or right directional button to move to a program you would like to view, and then Press the Enter button. Select that appears on the Program Info window. The program is scheduled for viewing. \" On the standard remote, press the Enter or INFO button."}], "parent_id": "aeabcce0-9a37-462a-8eb5-83d6e97c0e24", "type": "h4", "id": "cc32e7e4-0199-401e-89a6-0b72846d812d"}