{"direction": "ltr", "title": "Creating a Samsung account using a Facebook account", "content": [{"media_type": "text/plain", "text": "( MENU/123 ) MENU Smart Hub Samsung Account Create Samsung Account with Facebook Enter your Facebook ID and password, and then follow the on-screen instructions to complete account setup. Once a Samsung account is created, you are automatically signed in to your Samsung account. \" Your Samsung account and Facebook account are automatically linked when you create a Samsung account with your Facebook account. You can automatically sign in to your Samsung account and use the Smart Hub feature."}], "parent_id": "b342dd6f-2d27-4a9f-9e84-464373f8ebb9", "type": "h4", "id": "54179197-d00d-4b11-b71a-f9f4632c896a"}