{"direction": "ltr", "title": "Viewing in 3D", "content": [{"media_type": "text/plain", "text": "\" This function is not available on certain models in specific geographical areas. ( MENU/123 ) MENU Picture 3D Try Now You can view 3D media content and broadcasts. To view 3D content, you need to wear current Samsung 3D Active Glasses. IR-type Samsung 3D Active Glasses and third-party 3D glasses are not supported. \" The Samsung 3D Active Glasses may not be provided with the certain models in specific geographical areas. Make sure to purchase 3D glasses. \" Before viewing 3D content, carefully read the health and safety information concerning 3D viewing. For more information, refer to \"3D precautions.\" \" Whether 3D video is displayed in true HD is usually determined by the quality and format of the video."}], "parent_id": "977a7650-9865-4a8c-be51-631e41348991", "type": "h2", "id": "f4b1bef2-5023-412b-8074-47b46322449e"}