{"direction": "ltr", "title": "Signing in to a Samsung account using face recognition", "content": [{"media_type": "text/plain", "text": "( MENU/123 ) MENU Smart Hub Samsung Account Edit Profile 1. Select your Samsung account. 2. If you have set the Samsung account sign in option to Face Recognition, the TV automatically recognizes your face. If recognition fails, try again. \" Your entire face must be visible to the camera. Avoid shadows over your face. Shadows prevent the camera from recognizing your face accurately. \" Keep your expression as neutral as possible. Also, keep your mouth closed and as neutral as possible. \" Once recognition succeeds, the TV logs in to Smart Hub automatically. If the TV recognizes two or more registered faces, a list of corresponding accounts appears. Select the appropriate account. If the TV detects an unregistered face, it displays \"Unregistered\" on the screen."}], "parent_id": "c095992a-2dd9-44fe-a311-8cf7877f0708", "type": "h3", "id": "7d3224e9-fa8e-4178-a879-bb619769b726"}