{"direction": "ltr", "title": "Buttons and functions available while viewing photos", "content": [{"media_type": "text/plain", "text": "You can press the Enter button while viewing photos to display available options. You can also view the thumbnails of photos saved on the TV while viewing photos. The options disappear when you press the RETURN button. \u25cf Pause / Play Start or stop a slideshow. Using slideshow, you can display all the photos in a folder one after another, automatically. \u25cf Previous / Next View the previous or the next photo. \u25cf Options Function Description Slideshow Speed Sets the slideshow speed. Slideshow Effect Applies transition effects to the slide show. Zoom & Rotate Zooms in by up to a factor of 4. Rotates the photo. Background Music Plays background music while the TV displays photos. \" The music files must be saved in the same USB device as the photo files. \" When background music plays, the music icon appears on the screen. Using the music icon, you can pause the current music file or play another music file. Sound Mode Displays a list of sound modes and lets you change the mode. \" This function is available only when background music is playing. Speaker List Gives you a choice of speakers to play the background music through. Picture Mode Displays a list of Picture Modes and allows you to change the mode. Information Displays detailed information about the current photo. \" The available options may differ by model and setting values. \" Speaker List and Sound Mode are only available while the TV is playing background music."}], "parent_id": "7dff1d2c-9e76-4f0d-be88-2c0d6686d4ed", "type": "h3", "id": "0308d91b-2301-4909-b82e-801a82e9ea09"}