{"direction": "ltr", "title": "Remote Control and Peripherals", "content": [{"media_type": "text/plain", "text": "About the Samsung Smart Control Using the Samsung Smart Control 31 Operating the TV with the POINTER button 31 Operating the TV with the directional buttons and the Enter button 32 Displaying and using the On-Screen Remote 33 Pairing the TV to the Samsung Smart Control Controlling External Devices with the TV Remote-Using the Universal Remote 34 Setting up the universal remote control Controlling the TV with a Keyboard 35 Connecting a keyboard 36 Using the keyboard Controlling the TV with a Mouse 37 Connecting a mouse 37 Using a mouse Connecting a Bluetooth Gamepad Entering Text using the On-Screen QWERTY Keyboard 38 Using additional functions"}], "parent_id": "3109cccb-1708-4056-b0ca-e2e5a883a23f", "type": "h3", "id": "b6bc74e6-840b-4019-9c33-d74cdcbf5d67"}