{"direction": "ltr", "title": "Configuring additional functions", "content": [{"media_type": "text/plain", "text": "( MENU/123 ) MENU Sound Additional Settings Try Now You can personalize the sound quaility, by adjusting the following settings. \u25cf HDMI Audio Format Sets the format of the audio input signal so that it is suitable for the external device connected to one of the TV's HDMI ports. \u25cf Audio Format Try Now Selects the digital audio output (S/PDIF) format. The available formats depend on the input source. \u25cf Audio Delay Try Now Helps correct timing mismatches between the audio and video tracks when you are watching TV and listening to audio through a digital audio device. You can adjust the delay by up to 250 ms. \u25cf Dolby Digital Comp Try Now Sets the Dolby Digital compression mode. \u25cf HD Audio Provides the TV sound resampled at HD audio quality. \" Standard audio signals are sampled at 48 kHz while HD audio signals are sampled at 96 kHz. \" Some S/PDIF receivers may not be compatible. For incompatible receivers, deactivate this mode and use normal audio mode instead. \" The HD audio signals available on the TV are not available on external audio players connected via HDMI, Bluetooth, or Wi-Fi networks. \u25cf Auto Volume Try Now Automatically adjusts the TV's volume level when you change channels, video sources, or content so that the volume level remains the same for all sources. Auto Volume can modify the volume up to 12 db to equalize the sound. Normal applies a normal level of volume adjustment, and Night applies a slightly lower volume level. This option is ideal for late-night TV viewing. \" If you want to use the volume control of a connected source device to control the sound, deactivate Auto Volume . When you use Auto Volume with a source device, the device's volume control may not function properly."}], "parent_id": "2fc92ce3-51c0-4f1a-b379-21d190950f9e", "type": "h3", "id": "460fd987-61bb-4228-a329-d1ed293f7c29"}