{"direction": "ltr", "title": "Connecting a mobile device via Samsung Smart View 2.0", "content": [{"media_type": "text/plain", "text": "\" This function is not available on certain models in specific geographical areas. When you install and then launch Samsung Smart View 2.0 on a mobile device connected to the TV, you can play the mobile device's multimedia content, such as videos, photos, and music, on the TV. You can also send text messages or control the TV using the mobile device."}], "parent_id": "a148035c-9791-48f4-93d5-63af0ddeb075", "type": "h3", "id": "d2514227-2820-4923-9f8a-46b7ec1949c5"}