{"direction": "ltr", "title": "Checking the Internet connection status", "content": [{"media_type": "text/plain", "text": "( MENU/123 ) MENU Network Network Status Try Now Network Network Status Network Settings Wi-Fi Direct Multimedia Device Manager Screen Mirroring Device Name Tizen_Device \" Your TV's menu may differ from the image above, depending on the model. View the current network and Internet status."}], "parent_id": "e5372516-de3c-4770-b0d9-efb0583c7444", "type": "h4", "id": "6cd5756d-f9d1-4b82-9c3d-0c1a6703c338"}