{"direction": "ltr", "title": "Choosing a picture mode", "content": [{"media_type": "text/plain", "text": "( MENU/123 ) MENU Picture Picture Mode Try Now You can select the picture mode that provides the best viewing experience. \u25cf Dynamic Makes the picture clearer when the ambient lighting is so bright that it makes the picture difficult to see. \u25cf Standard Is the default mode suitable for most environments. \u25cf Natural Reduces eye strain. \u25cf Movie Darkens the screen, reduces glare, and relieves eye fatigue. Use this mode while viewing the TV in a darkened room or watching a movie. \u25cf Entertain Sharpens images for a more dynamic viewing experience. \" When the Input source is set to PC, only the Standard and Entertain modes are available. \" When a PC is connected to the TV, if the Entertain mode is not available, set Edit Device Type to DVI PC or PC . \u25cf Stadium When you set Sports Mode ( MENU System Sports Mode or Soccer Mode Sports Mode or Soccer Mode ) to On , both Picture Mode and Sound Mode are automatically set to Stadium . The TV changes the picture and sound settings so that they are suitable for soccer events. You can adjust the following picture quality settings manually for each combination of input source and picture mode. \u25cf Backlight Try Now Adjusts the brightness of individual pixels. Decrease the brightness to reduce power consumption. \u25cf Contrast Try Now Adjusts the screen contrast. \u25cf Brightness Try Now Adjusts the overall brightness. \u25cf Sharpness Try Now Sharpens or dulls the edges of objects. \u25cf Color Try Now Adjusts the overall color saturation. \u25cf Tint (G/R) Try Now Adjusts the ratio of green to red. Increase the green value to saturate the greens and the red value to saturate the reds. \" The TV saves the adjusted values for the current input source and picture mode. These values remain in effect each time you select the same input source and picture mode. \" The Color and Tint (G/R) settings cannot be adjusted when the TV is connected to a computer via an HDMI-to-DVI cable."}], "parent_id": "46a89a8c-4f83-4437-9e7e-5506149e276b", "type": "h3", "id": "7af79a9c-30e6-4f9f-9929-6725d5a9c041"}