{"direction": "ltr", "title": "Controlling the TV with Your Voice", "content": [{"media_type": "text/plain", "text": "\" This function is only supported by the models with the Samsung Smart Control. MENU/123 Voice Recognition \" The Voice Recognition screen may differ from the image above, depending on the model. \" The Samsung Smart Control may not be provided with specific model and country. \" When you run Voice Recognition, the Voice Recognition User Guide appears at the top of the screen. This Guide is different for each language supported by Voice Recognition. You can run Voice Recognition in two modes: \u25cf The short distance recognition mode that uses the microphone built into the Samsung Smart control: - Press the MENU/123 button, and then select Voice Recognition . - Or, press and hold the MENU/123 button. \" Press and hold the MENU/123 button and say commands 4 to 6 inches from the microphone on the Samsung Smart Control. The optimal volume for voice commands is between 75 dB and 80 dB. You can access and select certain menu options and functions using voice commands. For more effective voice recognition, speak slowly and clearly in the language specified in the MENU System Voice Recognition Language option. \" For more information about voice recognition, refer to \" Read Before Using Voice, Motion, or Face Recognition.\""}], "parent_id": "977a7650-9865-4a8c-be51-631e41348991", "type": "h2", "id": "1eb06b57-c578-4037-8c56-5aac66424149"}