{"direction": "ltr", "title": "Connecting with an MHL-to-HDMI Cable", "content": [{"media_type": "text/plain", "text": "You can use the Mobile High-definition Link (MHL) function to display a mobile device's screen on the TV. However, MHL is only available through the TV's HDMI (MHL) port and only when used in conjunction with an MHL-enabled mobile device. For information on configuring MHL on your mobile device, refer to the device's User Manual. \" If you connect a mobile device to the TV with an MHL-to-HDMI cable, the TV automatically switches the picture size of the content saved on the mobile device to the original picture size of the content. Connect the MHL-to-HDMI cable to the HDMI (MHL) input connection of the TV and the mobile device's USB port as shown in the image below."}], "parent_id": "a148035c-9791-48f4-93d5-63af0ddeb075", "type": "h3", "id": "1858d7b1-ad9d-4b12-a0b7-f366149d5e7d"}