{"direction": "ltr", "title": "Read Before Using the Web Browser", "content": [{"media_type": "text/plain", "text": "\u25cf Select Web Browser . The browsing screen may differ from the one on your computer. \u25cf The web browser is not compatible with Java applications. \u25cf You can download the supported types of files, such as videos, mp3 files, and images, but you cannot download files that are not supported by the TV. If you attempt to download an unsupported file, you will receive an error message instead. \u25cf The web browser may not be able to access certain websites. \u25cf The TV does not support playback of flash videos. \u25cf E-commerce for online purchases is not supported. \u25cf With websites that have scrollable windows, scrolling a window can result in corrupted characters. \u25cf ActiveX is not supported. \u25cf Certain options are not accessible in Link Browsing mode. (Switch to Pointer Browsing to activate those options.) \u25cf Only a limited number of fonts are supported. Certain symbols and characters may not be displayed properly. \u25cf The response to remote commands and the resulting on-screen display may be delayed while a webpage is loading. \u25cf Loading a webpage may be delayed or suspended completely with certain operating systems. \u25cf The copy and paste operations are not supported. \u25cf When composing an email or a simple message, certain functions such as the font size and color selection may not be available. \u25cf There is a limit to the number of bookmarks and the size of the log file that can be saved. \u25cf The number of windows that can be opened concurrently differs with the search conditions and the TV model. \u25cf The web browsing speed will differ with the network environment. \u25cf Embedded videos can play at the same time the PIP (picture-in-picture) function is operating. \u25cf The web browser supports .mp3 audio files only. \u25cf If the Clock (( MENU/123 ) MENU System Time Clock ) has not been set, the browsing history will not be saved. \u25cf The browsing history is saved from latest to oldest, with the oldest entries being overwritten first. \u25cf Depending on the types of video/audio codecs supported, it might not be possible to play certain video and audio files while playing Flash content. \u25cf Video sources from PC-optimized streaming service providers may not play properly on our proprietary web browser. \u25cf Using the on-screen QWERTY keyboard automatically disables PIP (except when you are entering a URL)."}], "parent_id": "977a7650-9865-4a8c-be51-631e41348991", "type": "h2", "id": "2004e198-527b-4834-864d-506e5660e6ed"}