{"direction": "ltr", "title": "The Schedule Recording/Timeshift Function Isn't Working", "content": [{"media_type": "text/plain", "text": "\" This function is not available in the U.S.A. and Canada. The problem Try this! Schedule Recording cannot be used. Check if there is a USB device connected to the TV. Recording will automatically stop if the signal becomes too weak. The Timeshift function will not work if there isn't enough storage space on the USB device. Anynet+ does not work. Confirm that the device is an Anynet+ device. The Anynet+ system supports Anynet+ devices only. Check if the power cord of the Anynet+ device is properly connected. Check the cable connections of the Anynet+ device. Go to Anynet+ (HDMI-CEC) (( MENU/123 ) MENU System Anynet+ (HDMI-CEC) ) and see if Anynet+ (HDMI-CEC) has been set to On . Check whether the TV remote control is in TV mode. Check whether the remote control is Anynet+ compatible. Anynet+ may not function when some other functions are active, including Channel Search, Smart Hub, Initial Setup, etc. If you have disconnected and then reconnected the HDMI cable, scan for devices again or turn your TV off and on. I want to start Anynet+. Check if the Anynet+ device is properly connected to the TV, and then select the Anynet+ (HDMI-CEC) (( MENU/123 ) MENU System Anynet+ (HDMI-CEC) ) menu to see if Anynet+ (HDMI-CEC) is set to On . I want to exit Anynet+. Select View TV from the Anynet+ menu. Select a non-Anynet+ device from the Source list. The message \"Connecting to Anynet+ device...\" or \"Disconnecting from Anynet+ device\" appears on the screen. You cannot use the remote control when you are configuring Anynet+ or switching to a viewing mode. Use the remote control after the TV has completed the Anynet+ configuration or has switched to a viewing mode. The Anynet+ device won't play. You cannot use the play function when Setup is in progress. The connected device is not displayed. Check whether the device supports Anynet+. Check whether the HDMI cable is properly connected. Go to Anynet+ (HDMI-CEC) (( MENU/123 ) MENU System Anynet+ (HDMI-CEC) ) and see if Anynet+ (HDMI-CEC) has been set to On . Scan for Anynet+ devices again. Anynet+ devices must be connected to the TV using an HDMI cable. Make sure the device is connected to your TV with an HDMI cable. Some HDMI cables may not support Anynet+. If the connection is terminated because there has been a power failure or the HDMI cable has been disconnected, please scan for the device again. The TV audio is not being played through the receiver. Connect an optical cable to the TV and the receiver. ARC enables the TV to output digital sound via the HDMI (ARC) port. However, ARC is only available when the TV is connected to an audio receiver that supports ARC. I launched an app, but it's in English. How can I change the language? Languages supported by the app may be different from the user interface language. The ability to change the language depends on the service provider. My application is not working. Check with the service provider. Refer to the Help section on the application service provider's website."}], "parent_id": "977a7650-9865-4a8c-be51-631e41348991", "type": "h2", "id": "25cd8674-f589-4d13-9b2c-aa55264c70e3"}