{"direction": "ltr", "title": "Using Face Recognition", "content": [{"media_type": "text/plain", "text": "You can register your face using the TV camera, and sign in to your Samsung accounts using the face recognition function. Only one face can be registered per account. Depending on the ambient illumination level and/or shadows over a face, the TV may have difficulty recognizing it. \" This function is only supported by the 6401 series models or higher and 641D series models or higher. \" To use the Face Recognition feature, you need to install a camera (sold separately) on the TV. \" For more information, refer to \"Read Before Using Voice, Motion, or Face Recognition.\" [ The optional TV camera must be connected to the dedicated USB port at the back of the TV. The other USB ports do not support the TV camera or Face Recognition."}], "parent_id": "977a7650-9865-4a8c-be51-631e41348991", "type": "h2", "id": "c095992a-2dd9-44fe-a311-8cf7877f0708"}