{"direction": "ltr", "title": "About the Samsung Smart Control", "content": [{"media_type": "text/plain", "text": "\" The Samsung Smart Control may not be provided with specific model and country. Button Description / Press this button to mute the sound temporarily. Press and hold this button to bring up the Accessibility Shortcuts menu that enables or disables the Accessibility menu functions ( MENU System Accessibility ). MENU/123 Displays numeric buttons, the content control button, and other function buttons on the screen so that you can run a function conveniently. Press and hold this button to run the Voice Recognition function. \" For more information, refer to \"Displaying and using the On-Screen Remote.\" POINTER Place a finger on the POINTER button and move the Samsung Smart Control. The pointer on the screen moves in the direction you moved the Samsung Smart Control. Press the POINTER button to select or run a focused item. \" For more information, refer to \"Operating the TV with the POINTER button.\" 4 directional buttons Moves the focus and changes the values shown in the TV's menu. Enter button Selects or runs a focused item. Press and hold this button to launch the Guide while you are watching the TV. RETURN / EXIT Returns to the previous menu or channel. Press and hold to exit the currently running function on the TV's screen. Launches Smart Hub applications. , Controls the content when you are playing movies or music or viewing pictures. EXTRA Displays related information about the current program. SOURCE Displays and selects the available video sources. \" Your Samsung Smart Control may differ from the images of the Samsung Smart Control in this e-Manual, depending on the model. \" Use the Samsung Smart Control at a distance of less than 20 feet. The usable distance may differ with the wireless environmental condition. \" The buttons and functions of the Samsung Smart Control may differ by model."}], "parent_id": "977a7650-9865-4a8c-be51-631e41348991", "type": "h2", "id": "d48a5bfd-28db-4a67-b76b-b58353b28bc4"}