{"direction": "ltr", "title": "Copying channels from one favorites list to another", "content": [{"media_type": "text/plain", "text": "Select Edit Favorites . Select Change Fav. to move to the source favorites list, and then select the channels to copy. Select Options Copy to Favorites . Select the destination favorites list, and then select OK . Select OK again. \" Copy to Favorites is only available if there are channels in at least one favorites list."}], "parent_id": "47ae5a3a-8aa8-45d2-8c17-0f829e5663cb", "type": "h4", "id": "3ac3ba31-b3a5-432b-b5c4-5cde4ccaa317"}