{"direction": "ltr", "title": "Creating a Samsung account", "content": [{"media_type": "text/plain", "text": "( MENU/123 ) MENU Smart Hub Samsung Account Create Account Create Samsung Account You can create a Samsung account by following the on-screen instructions. Once a Samsung account is created, you are automatically signed in to your Samsung account. \" If you want to review the Terms and Conditions, select View Details . \" If you want your account to be protected, select Profile image selection and password entry (High security) in the field below the password field. \" If you want the TV to log you in to your account automatically when you turn the TV on, click Sign me in automatically ."}], "parent_id": "b342dd6f-2d27-4a9f-9e84-464373f8ebb9", "type": "h4", "id": "a1a3761d-925b-4798-a82a-0d5722b6c72c"}