{"direction": "ltr", "title": "Video decoders", "content": [{"media_type": "text/plain", "text": "\u25cf H.264 FHD is supported up to Level 4.1. (does not support FMO/ASO/RS) \u25cf H.264 UHD is supported up to Level 5.1. \u25cf HEVC FHD is supported up to Level 4.1, and HEVC UHD is supported up to Level 5.1. \u25cf VC1 AP L4 is not supported. \u25cf All video codecs excluding WMV v7, v8, MSMPEG4 v3, MVC, and VP6: Below 1280x720 : 60 frame max Above 1280x720 : 30 frame max \u25cf GMC 2 or above is not supported. \u25cf Supports SVAF Top/Bottom. Side by Side, and Left/Right view sequence type (2ES) only. \u25cf Supports BD MVC specs only."}], "parent_id": "d4d91bfa-8ffc-417b-b24c-d106921c4b50", "type": "h4", "id": "25dec481-684b-4a75-9b7f-79a9922405c8"}