{"direction": "ltr", "title": "Browsing preferences", "content": [{"media_type": "text/plain", "text": "Configure the browsing settings for your convenience or to meet you needs. Select Settings . \u25cf General Hides browser tabs or menu bars automatically after a period of inactivity. Also allows you to reset all user settings. \" Your bookmarks and browsing histories will not be reset. \u25cf Home Page Sets the home page. When you launch the browser, it will display this page. \u25cf Search Engine Searches for information that you requested, and then displays a list of web pages that contain the information. \u25cf Privacy & Security Prevents access to inappropriate web pages. Also allows you to select not to save your browsing history. \u25cf Blocked pages Blocks or unblocks pages. You can manage the list of pages you blocked. \u25cf Approved pages Limits the browser to only the pages you have approved. To use this option, you must set a password. You can add or remove approved pages. \u25cf Encoding Gives you the option to set the encoding to Auto or select an encoding method from a list. \u25cf About Displays the current version of Web Browser."}], "parent_id": "8bd26516-0786-468a-bbfa-0725fd76dc36", "type": "h3", "id": "2dbcef34-d9d9-4c67-9edb-f94830c98f70"}