{"direction": "ltr", "title": "Installing an anti-theft lock", "content": [{"media_type": "text/plain", "text": "An anti-theft lock is a physical device that can be used to protect the TV against theft. Look for the lock slot on the back of the TV. The slot has a icon next to it. To use the lock, wrap the lock cable around an object that is too heavy to carry and then thread it through the TV's lock slot. The lock is sold separately. The method of using an anti-theft lock may differ for each TV model. Refer to the lock's user manual for more information. \" This function is not available on certain models in specific geographical areas."}], "parent_id": "48253048-bf0c-459b-a05b-e8caaf99b19d", "type": "h3", "id": "ee7fccf4-1e1c-4fb2-bfc8-617cf829df1e"}