{"direction": "ltr", "title": "Testing the picture", "content": [{"media_type": "text/plain", "text": "( MENU/123 ) MENU Support Self Diagnosis Picture Test Before you review the list of problems and solutions below, use Picture Test to determine if the problem is caused by the TV. The Picture Test displays a high definition picture you can examine for flaws or faults. The problem Try this! Flickering and Dimming If your Samsung Television is flickering or dimming sporadically, you may need to disable some of the energy efficiency features. Disable Energy Saving (( MENU/123 ) MENU System Eco Solution Energy Saving ) or Eco Sensor (( MENU/123 ) MENU System Eco Solution Eco Sensor ). Component Connections/Screen Color If the color on your Samsung television screen is not correct or the black and white colors are off, run Picture Test (( MENU/123 ) MENU Support Self Diagnosis Picture Test ). If the test results indicate that the problem is not caused by the TV, do the following: \u25cf Confirm that the TV's video input connectors are connected to the correct external device video output connectors. \u25cf Check the other connections as well. If the TV is connected to an external device via a component cable, confirm that the Pb, Pr, and Y jacks are plugged into their proper connectors. Screen Brightness If the colors on your Samsung TV are correct but just a little too dark or bright, try adjusting the following settings first. \u25cf Go to the Picture menu and adjust the Backlight , Contrast , Brightness , Sharpness , Color , and Tint (G/R) settings. Ghosting, Blurring, or Juddering If you notice ghosting or blurring on the screen, use the Auto Motion Plus function (( MENU/123 ) MENU Picture Picture Options Auto Motion Plus ) to resolve the issue. Unwanted Powering Off If your Samsung TV appears to turn off by itself, try disabling some of the TV's energy efficiency functions. See if Sleep Timer (( MENU/123 ) MENU System Time Sleep Timer ) has been enabled. The Sleep Timer automatically turns the TV off after a specified period of time. If the Sleep Timer has not been enabled, see if No Signal Power Off (( MENU/123 ) MENU System Eco Solution No Signal Power Off ) or Auto Power Off (( MENU/123 ) MENU System Eco Solution Auto Power Off ) has been enabled and disable them. Problems Powering On When the TV is turned on, the remote control receiver flashes 5 times before the screen turns on. If you are having problems powering on your Samsung television, there are a number of things to check before calling the service department. Confirm that the TV's power cord is connected correctly at both ends and that the remote control is operating normally. Make sure that the antenna cable or cable TV cable is firmly connected. If you have a cable or satellite box, confirm that it is plugged in and turned on. The problem Try this! Unable to find a Channel If your TV is not connected to a cable or satellite box, run Setup (( MENU/123 ) MENU System Setup ) or Auto Program ( Broadcasting Auto Program ). The TV image does not look as good as it did in the store. Store displays are all tuned to digital, HD (high definition) channels. If you have an analog cable/set top box, upgrade to a digital set top box. Use HDMI or Component cables to deliver HD (high definition) picture quality. Many HD channels are upscaled from SD (Standard Definition) content. Look for a channel that is broadcasting true HD content. \u25cf Cable/Satellite Subscribers: Try HD channels from the channel lineup. \u25cf Air/Cable Antenna Connection: Try HD channels after running the Auto Program function. Adjust the cable or satellite box's video output resolution to 1080i or 720p. The picture is distorted. The compression of video content may cause picture distortions, especially in fast moving pictures from sports programs and action movies. A weak or bad quality signal can cause picture distortions. This is not an issue with the TV. Mobile phones used close to the TV (within 3.2 ft) may cause noise in analog and digital channels. The color is wrong or missing. If you're using a Component connection, make sure that the Component cables are connected to the correct jacks. Incorrect or loose connections may cause color problems or a blank screen. The color is poor or the picture is not bright enough. Go to the Picture menu and then adjust the Picture Mode , Brightness , Sharpness , and Color settings. See if Energy Saving (( MENU/123 ) MENU System Eco Solution Energy Saving ) has been enabled. Try resetting the picture. ( Picture Picture Reset ) There is a dotted line on the edge of the screen. Change Picture Size to 16:9 . The picture is black and white. If you are using AV composite input, connect the video cable (yellow) to the TV's green component jack. \" If the test picture does not appear or there is noise or distortion, the TV may have a problem. Contact Samsung's Call Center for assistance. \" If the test picture is displayed properly, there may be a problem with an external device. Please check the connections. \" If the problem persists, check the signal strength or refer to the external device's user manual."}], "parent_id": "72bf79ea-3a8b-4859-a308-072bc50eed8f", "type": "h3", "id": "df1e3d4b-6e07-49f9-b80f-0bf28b52bef0"}