{"direction": "ltr", "title": "Testing 3D picture quality", "content": [{"media_type": "text/plain", "text": "( MENU/123 ) MENU Support Self Diagnosis 3D Picture Test Try Now If the test picture does not appear or there is noise or distortion, the TV may have a problem. Contact Samsung's Call Center for assistance. The problem Try this! The 3D glasses are not working correctly. Make sure the glasses are powered on. The 3D feature may not work properly if there is another 3D product or an electronic device running nearby. If there is a problem, keep other electronic devices as far away as possible from the 3D Active Glasses. I can't see 3D images clearly. The ideal viewing distance is three times or more the height of the screen. We also recommend watching 3D content with your eyes level with the screen. The batteries in the 3D glasses are discharged. Turn off the 3D glasses when they are not in use. If you leave the 3D glasses on, the battery lifespan is shortened. \" To test 3D picture quality, you must be wearing 3D glasses and the glasses and the TV must be paired."}], "parent_id": "3a24ac1d-3f84-4004-a57b-7fd428bfae3f", "type": "h3", "id": "ac955e5c-1a0c-4881-834b-a6e440ee30fe"}