{"direction": "ltr", "title": "Switching between external devices connected to the TV", "content": [{"media_type": "text/plain", "text": "Press the SOURCE button to switch between external devices connected to the TV. \u25cf Options To view the options menu, press the down directional button. The functions that appear in the options menu can include any of the following: \" The connector names may vary depending on the product. - Edit Device Type : Changes the external device type name associated with a particular connection. For example, if you have a PC connected to an HDMI connection, you can select PC as the device type associated with that connection. When you display the source list, the TV displays the name of each connection and the type of device connected to each connection. - Edit Name : You can rename devices connected to the TV to facilitate identifying external sources. - Information : Displays information about the connected devices. - Anynet+ (HDMI-CEC) : Displays a list of Anynet+ (HDMI-CEC)-compliant devices that are connected to the TV. \" This option is only available when Anynet+ (HDMI-CEC) is set to On . - Remove USB Device : Removes a USB device connected to the TV. - Remove Source Thumbnail : Removes the captured video images you viewed most recently that are saved on an external device connected to the TV. \" This function is not available on certain models in specific geographical areas. - Delete Universal Remote : Deletes the external device connected to the TV via the Universal Remote function. \u25cf Universal Remote Setup You can use your TV remote control to control external devices. \" For more information, refer to \" Controlling External Devices with the TV Remote - Using the Universal Remote.\""}], "parent_id": "977a7650-9865-4a8c-be51-631e41348991", "type": "h2", "id": "43958164-bdc8-44c6-b9ad-d088ae0c0928"}