{"direction": "ltr", "title": "Using additional functions", "content": [{"media_type": "text/plain", "text": "Select at the top of the Soccer service screen. The following functions are available: \u25cf Add Teams Displays the league selection screen to allow you to add teams to the favorite soccer team list. \u25cf Move Teams Allows you to rearrange the order of the selected teams. \u25cf Remove Teams Removes teams you select from the favorite soccer team list."}], "parent_id": "101ef35c-1928-41e2-a67d-ed40cdbdb654", "type": "h3", "id": "ab2e1791-f764-4669-aeee-a42c05a54273"}