{"direction": "ltr", "title": "Changing your login method to face recognition", "content": [{"media_type": "text/plain", "text": "( MENU/123 ) MENU Smart Hub Samsung Account Edit Profile You can change your log in method to face recognition. To change the log in method, follow these steps: 1. Enter your password, and then select OK . 2. On the Edit Profile screen, select Sign-in Method . In the drop down list that appears, select Profile image selection and facial recognition (Medium security) . 3. Select Done ."}], "parent_id": "c095992a-2dd9-44fe-a311-8cf7877f0708", "type": "h3", "id": "01099047-dcb0-4ca9-a0ab-0f059a7e209a"}