{"direction": "ltr", "title": "Buttons and functions available while viewing videos", "content": [{"media_type": "text/plain", "text": "You can press the Enter button while viewing videos to display available options. Preview images of video frames with their time intervals displayed simultaneously so that you can move to a specific frame easily. The options disappear when you press the RETURN button. \u25cf Pause / Play Pauses or plays the video. You can use the following functions when the video is paused. \" With the video paused, the TV does not play audio. - Step : Allows you to step through the paused video one frame at a time by pressing the button. - Slow Motion : Allows you to play the video in slow playback speed (1/8, 1/4, 1/2) by pressing the button. \u25cf Rewind / Fast Forward Rewinds or fast forwards the video. To increase the rewind or fast forward speed up to 3 times faster than normal, select the button repeatedly. To restore normal playback speed, press the button. \u25cf Previous / Next Plays the previous or next video. Press the button twice to play the previous video. Press the button once to start the current video from the beginning. Press the button to play the next video. \u25cf Repeat Plays the current video file repeatedly or all video files in the same folder repeatedly. \u25cf Options Function Description Picture Size Changes the size of the screen. The supported picture sizes differ with the video. Subtitles Controls video subtitles. Subtitles : Turns the subtitles on or off. Language : Sets the caption language. Sync : Adjusts the synchronization when the video and the subtitles are not synchronized. Reset Sync : Resets the subtitle synchronization adjustment to 0. Size : Changes the font size of the subtitles. Encoding : Displays a list of encoding languages. Allows you to change the encoding language when subtitles are displayed incorrectly. Rotate Rotates the video. Picture Mode Displays a list of Picture Modes and allows you to change the mode. Sound Mode Displays a list of Sound Modes and allows you to change the mode. Speaker List Gives you a choice of speakers to play the video sound through. Audio Language Displays a list of languages and allows you to select the audio language that will be used when you play videos. This function is only available if the video supports multitrack sound. Information Displays detailed information about the video."}], "parent_id": "7dff1d2c-9e76-4f0d-be88-2c0d6686d4ed", "type": "h3", "id": "2a9e2140-3a3b-41d0-8195-e8b2d4c008ce"}