{"direction": "ltr", "title": "Linking or disconnecting a service account", "content": [{"media_type": "text/plain", "text": "( MENU/123 ) MENU Smart Hub Samsung Account Link Service Accounts \u25cf Linking a service account Select an account from the list and log in to the account by following the on-screen instructions. The service account is linked to the Samsung account. \u25cf Disconnecting a linked account Select an account from the list and unlink the account by following the on-screen instructions. You can manage your Samsung account. Enter your password with the keyboard displayed on the TV's screen, and then select Done . You can perform the following functions on the screen. \" To change the account information, you must be logged in to your Samsung account. \u25cf Change Your Profile Image \u25cf Register Your Face to your Samsung Account Registered faces are used with the Login Options . \u25cf Select a Samsung Account sign-in method \u25cf Turn auto login on or off \u25cf Enter Basic User Information \u25cf Subscribe to the Samsung e-Newsletter"}], "parent_id": "31a51d02-9664-4092-bc7e-5fdcf155d953", "type": "h4", "id": "70c29733-20a3-4e2e-a01f-21dd282933ca"}