{"direction": "ltr", "title": "Using the Soccer Service", "content": [{"media_type": "text/plain", "text": "or SMART HUB Featured Soccer You can get a wide range of information about world soccer matches, including videos, news, matchups, and ratings. You can also easily access information about your favorite team by adding it to the Favorite list. \" This function is not available in the U.S.A. and Canada. \" Before you use the Soccer service, check if the TV is connected to the Internet."}], "parent_id": "977a7650-9865-4a8c-be51-631e41348991", "type": "h2", "id": "101ef35c-1928-41e2-a67d-ed40cdbdb654"}