{"direction": "ltr", "title": "Supported Resolutions for UHD Input Signals", "content": [{"media_type": "text/plain", "text": "\u25cf Resolution: 3840 x 2160p, 4096 x 2160p \" An HDMI connection with HDMI UHD Color set to Off supports up to UHD 50P/60P 4:2:0 input signals, while an HDMI connection with HDMI UHD Color set to On supports up to UHD 50P/60P 4:4:4 and 4:2:2 input signals."}], "parent_id": "977a7650-9865-4a8c-be51-631e41348991", "type": "h2", "id": "bd217ab0-f27f-4201-8516-a3cd23587dbc"}