{"direction": "ltr", "title": "Changing keyboard settings", "content": [{"media_type": "text/plain", "text": "( MENU/123 ) MENU System Device Manager Keyboard Settings Keyboard Options Try Now \u25cf Keyboard Language Displays the languages you can use on your keyboard and lets you select a language. \u25cf Keyboard Type Displays a list of keyboard types and lets you select a type that matches the Keyboard language you selected. \" The list of keyboard types differs depending on the language you selected under Keyboard Language . \u25cf Switch Input Language Displays a list of keys you can use to toggle between languages and lets you select a key."}], "parent_id": "cec25a7d-6f78-4d6a-ae85-0599f91728f3", "type": "h4", "id": "23cccd49-dc24-4e8c-ad28-7e7da6a2d672"}