{"direction": "ltr", "title": "Using the buttons in the e-Manual", "content": [{"media_type": "text/plain", "text": "( Search ): Brings up the search screen. Enter a search term, and then select Done . Select an item from the search results to load the corresponding page. ( Index ): Brings up the index screen. Select a topic from the list to navigate to the relevant page. ( Recently Viewed Topics ): Displays a list of previously read pages. Select a page. The e-Manual jumps to the selected page."}], "parent_id": "d1c373e9-0bae-462d-a57e-04312c440265", "type": "h3", "id": "f641b761-8f58-4d12-8b0e-300346ba34d2"}