{"direction": "ltr", "title": "Connecting to a wired Internet network automatically", "content": [{"media_type": "text/plain", "text": "( MENU/123 ) MENU Network Network Settings Try Now Automatically connect to an available network. 1. Select Wired . 2. Once the network connection has been made, you will see a confirmation message. If the connection fails, try again or connect manually."}], "parent_id": "9552bd60-24bd-4095-b6c0-6eef235f7941", "type": "h4", "id": "f2a02786-476c-4be7-8a04-ecba8381d91d"}