{"direction": "ltr", "title": "Turning on the TV using the on timer", "content": [{"media_type": "text/plain", "text": "( MENU/123 ) MENU System Time On Timer Try Now You can set On Timer to make the TV turn on automatically at a specific time. You can set up to three separate configurations: On Timer 1 , 2 , and 3 . On Timer is only available when Clock has already been set. \u25cf Setup If you select Manual , you can highlight and select the specific days that you want On Timer to turn on the TV. \u25cf Time \u25cf Volume \u25cf Source From the list, select a signal source for the TV to use when it turns on. If you want to play content saved in a USB device or content from an HDMI or Component source, such as a DVD player, Blue-ray player, or set-top box, connect the device to the TV before you start On Timer setup. For On Timer to function, you must keep the device connected to the TV. \u25cf Antenna Allows you to select a broadcast signal source, Air or Cable , when Source is set to TV . \u25cf Channel Allows you to select a channel when Source is set to TV . \u25cf Music / Photo Allows you to specify a USB device folder containing music files in the music field and/or a folder containing photos in the photo field when Source is set to USB . If you select both a folder that contains music files and a folder that contains photo files, the TV plays the music files and displays the photos at the same time. \" If the folder that you choose has sub-folders, you can select a sub-folder in the same fashion. \" This function does not work properly if the selected USB device does not contain media files or a folder has not been specified. \" The slideshow will not start if there is only one image file on the USB device. \" Folders with long names cannot be selected. \" Make sure to use different folder names for multiple USB devices. \" Use a USB memory stick or multi-card reader. On Timer may not work with certain battery-powered USB devices, MP3 players, or PMPs because the TV may take too long to recognize the device."}], "parent_id": "ab10d590-7f86-4b8e-b1f2-9751aa3733cf", "type": "h4", "id": "5ee9c140-8da3-4f83-bee9-7733f87f0dc6"}