{"direction": "ltr", "title": "Changing the volume, speed, and pitch of the voice guide", "content": [{"media_type": "text/plain", "text": "You can configure the volume, speed, pitch, and level of the Voice Guide . \u25cf Volume Changes the Voice Guide's volume level. \u25cf Speed Changes the Voice Guide's tempo. \u25cf Pitch Tunes the pitch of the Voice Guide. You can change major service screens to white text on a black background or change the transparent TV menus to opaque so that text can be more easily read. To activate this function, set High Contrast to On ."}], "parent_id": "c198f10d-26bd-430f-a752-ce930e96a370", "type": "h4", "id": "3d5c675b-ef51-46bf-b5f2-b95d49651606"}