{"direction": "ltr", "title": "Using the functions available while recording a program", "content": [{"media_type": "text/plain", "text": "Press the Enter button while recording a program. The following buttons and the recording progress bar appear on the screen. \u25cf More Info Displays detailed information about the program being recorded. \" The program information may differ with the broadcasting signal and may not be available at all for certain programs. \u25cf REC Time Sets the recording time. \u25cf Stop Recording / Go to Live TV Stops recording. / Shifts viewing to live TV."}], "parent_id": "52b87d1c-7995-4888-8f3f-ae9489bca24a", "type": "h3", "id": "3f449670-f7b4-4dd4-865b-c988d95325cb"}