{"direction": "ltr", "title": "Playing multimedia content saved on a computer or mobile device", "content": [{"media_type": "text/plain", "text": "or SMART HUB Featured MY CONTENT To play multimedia content located on a computer or mobile device on the TV, you must allow the connection with the computer or mobile device on the TV. 1. Connect a computer or mobile device. The TV displays the device's name and lists the media files in the device. 2. Select a media file to play from the list. The selected media plays. 3. Select the button to stop playing or press the RETURN button. \" Alternatively, move to the media content you want to play, and then press the button to play the content. \" To connect a computer through your home network, refer to \"Connecting a Computer.\" \" The TV may not play content located on a computer or mobile device depending on the encoding type and file format of the content. \" To connect a mobile device through Smart View 2.0, refer to \"Connecting a Mobile Device.\" \" Content may not play smoothly depending on the network status. If this occurs, transfer the content to a USB storage device, and then play the content from the device."}], "parent_id": "16253a35-983f-4a27-b710-007b0a66d63e", "type": "h4", "id": "cf625d59-e128-4ee2-a034-6ddc99472a00"}