{"direction": "ltr", "title": "Setting the clock using digital broadcast info", "content": [{"media_type": "text/plain", "text": "( MENU/123 ) MENU System Time Clock Clock Mode Try Now You can have the TV automatically download time information from a digital channel and set the current time. To activate this function, set Clock Mode to Auto . If the TV is connected to a cable box through HDMI or Component connectors. you must set the current time manually. \" This function works only when the TV's antenna jack is connected to either an antenna or a cable output and is receiving digital broadcasts. \" The accuracy of the time information received may differ with the channel and signal."}], "parent_id": "a5821cef-75a0-442d-a703-ac2ae10abafb", "type": "h4", "id": "dfe7f471-1e9f-4bde-93c9-8609c4b640d0"}