{"direction": "ltr", "title": "Registering your face to your Samsung account", "content": [{"media_type": "text/plain", "text": "( MENU/123 ) MENU Smart Hub Samsung Account Edit Profile Select after entering your account password. Select Take Picture , and then align your face within the red circle. When the circle turns green, the TV has registered your face. \" To use this function, you must sign in to your Samsung account. \" Your entire face must be visible to the camera. Avoid shadows over your face. Shadows prevent the camera from recognizing your face accurately. \" Keep your expression as neutral as possible. Also, keep your mouth closed and as neutral as possible. \" For more information, refer to \"Creating a Samsung account.\""}], "parent_id": "c095992a-2dd9-44fe-a311-8cf7877f0708", "type": "h3", "id": "ba14131b-f3a3-459f-afde-ab158c5e090e"}