{"direction": "ltr", "title": "Connecting with a composite (A/V) cable", "content": [{"media_type": "text/plain", "text": "Connect the AV cable to the input connections of the TV and the AV output connections of the device as shown in the image below. If you are using the AV IN connection on the TV, connect the AV cable to the AV IN connection on the TV and the AV output connections of the device. Make sure to connect the same color connectors together (red to red, white to white, and yellow to yellow)"}], "parent_id": "0d62ef63-c479-47dd-9703-33fdcca8e189", "type": "h3", "id": "d5c8272c-4f35-48fe-ad90-b1b8166a049e"}