{"direction": "ltr", "title": "Enabling game mode", "content": [{"media_type": "text/plain", "text": "( MENU/123 ) MENU System General Game Mode Try Now You can enable the game mode to optimize the TV's settings for playing video games with a gaming console, such as a PlayStation((TM)) or Xbox((TM)). \" The game mode is not available for normal TV viewing. \" The screen may shake somewhat. \" When Game Mode is enabled, Picture Mode and Sound Mode are switched to Game automatically. \" To use a different external device, first disconnect the game console and disable Game Mode . You can enhance colors and picture quality if you connect a Samsung DVD player, Blu-ray player, or home theater system that supports BD Wise . When BD Wise is enabled, it automatically optimizes the TV's resolution. \" This function is only available when the external device is connected via an HDMI cable."}], "parent_id": "1dc57a67-0f56-4c9c-805b-a625f950eac5", "type": "h3", "id": "705ebb0c-ac30-4c4b-994f-53a4da3912b7"}