{"direction": "ltr", "title": "Learning the basic functions", "content": [{"media_type": "text/plain", "text": "\u25cf Changing the channels on and volume of a Multi-Link Screen To change the channels on a Multi-Link Screen, press the channel buttons while you are watching the TV. To adjust the volume of a Multi-Link Screen, move to the screen you want to adjust the volume on, and then press the volume buttons. \u25cf Changing the input signal Press the SOURCE button while using Multi-Link Screen to display the source list. Select a signal source from the list. You can then view the screen of the external device while you are watching the TV. \u25cf Changing the web browser and apps While you are using Multi-Link Screen , recently viewed web browser pages or apps are displayed on the right side of the screen. You can change these pages or apps to other pages and apps as you use the web browser or apps in Smart Hub . \u25cf Changing the size of a Multi-Link Screen To change the size of a Multi-Link Screen, move the focus to the screen you want to resize, and then use the up or down directional button. Alternatively, drag the line in the middle of the screen to the left or right. To display the selected Multi-Link Screen in full screen mode, select . \u25cf Selecting a speaker device for a Multi-Link Screen Select ( MENU/123 ) Speaker List Multi-Link Screen Speakers to set the speaker of each screen. On the standard remote control, do one of the following: \u25cf TOOLS Speaker List \u25cf MENU Sound Speaker List \u25cf After adjusting the volume, and then press the button."}], "parent_id": "993d10d1-2012-4515-a4f8-539d2bcd329f", "type": "h4", "id": "81665c4e-8cf5-40ce-b095-aff1afccbf5c"}