{"direction": "ltr", "title": "Using the buttons on the remote control while using Timeshift", "content": [{"media_type": "text/plain", "text": "\u25cf Pause / Play Press the or button on the remote control to pause or resume watching the current program while using the Timeshift function. The following functions are available while the current program is paused. However, while the current program is paused, there is no audio output. - Step : Press the MENU/123 button on the Samsung Smart Control, and then select the button to scan through a video one frame at a time. \" On the standard remote control, press the button. - Slow Playback : Press the MENU/123 button on the Samsung Smart Control, and then select the or button to play the current program back at 1/2 the normal speed. \" On the standard remote control, press the or button. \u25cf Rewind / Fast forward Press the MENU/123 button on the Samsung Smart Control, and then select the or button to speed up rewind or fast forward. \" On the standard remote control, press the or button. \" The Fast Forward function is not available while you are watching a program that is currently being broadcast. By using the Channel List , you can change the channel or check programs on other digital channels while watching TV. To display the Channel List , place a finger on the POINTER button on the Samsung Smart Control, and then select the icon that appears at the right side of the screen. \" On the standard remote control, press the CH LIST button. The Channel List screen contains the following icons: - : An analog channel - : A favorite channel - : A locked channel Press the left directional button. The following functions are available: \u25cf History Displays a list of channels that you viewed recently. \u25cf Add a New List Allows you to create a new channel list by adding channels from a favorites list. \" This option is available only if you have registered one or more channels to at least one favorites list. \u25cf Added Ch. Displays the selected channel list. \u25cf Options Option Description Antenna Allows you to select Air or Cable as the DTV mode. Air is suitable for homes equipped with separate, over-the-air antennas. Cable is suitable for homes that subscribe to a local cable-service or satellite-service provider. You do not need to use this function if your TV is connected to a cable or satellite box. Edit Channel Lists Allows you to rearrange the order of channels in the channel list or remove channels from the channel list. Edit Channel Allows you to remove channels from the channel index, restore removed channels, and rename analog channels. Edit Favorites Sets favorite channels. \" For more information, refer to \"Creating a Personal Favorites List.\" The Edit Channel screen icons indicate the following: \u25cf : An analog channel \u25cf : A favorite channel \u25cf : A locked channel"}], "parent_id": "ddcadcb7-8abc-41d2-a19b-9ca04b547d0e", "type": "h3", "id": "6c9750b2-1646-4c1b-b5c6-277d1b5ee798"}