{"direction": "ltr", "title": "Removing an app from the TV", "content": [{"media_type": "text/plain", "text": "Select an app to remove on the APPS screen and press and hold the Enter button to confirm. If you want to remove multiple apps, select all the apps to delete, select Options on the top of the screen, and then select Delete My Apps . \" Ensure that the related app data is also removed when you remove an app."}], "parent_id": "99356049-bcd2-47fc-9271-69fb96771be2", "type": "h3", "id": "ad26579f-3a8f-4570-b1f9-257f7098666d"}