{"direction": "ltr", "title": "Resetting Smart Hub", "content": [{"media_type": "text/plain", "text": "( MENU/123 ) MENU Smart Hub Reset Smart Hub Try Now You can remove the Samsung accounts saved in the TV and everything linked to them, including apps. \" Some of the Smart Hub services are paid services. To use a paid service, you must have an account with the service provider or a Samsung account. For more information, refer to \" Using Smart Hub with a Samsung Account.\" \" To use Smart Hub, the TV must be connected to the Internet. \" Some Smart Hub features may not be available depending on the service provider, language, or region. \" Smart Hub service outages can be caused by disruptions in your Internet service. \" To use Smart Hub, you must agree to the Smart Hub end user agreement and privacy policy. Otherwise, you will not be able to access the features and services associated with them. You can view the entire text of the Terms & Policy document by navigating to Smart Hub Terms & Policy . If you want to stop using Smart Hub, you can cancel the agreement. Try Now \" To view the Smart Hub Tutorial , select the button on the Recent screen."}], "parent_id": "169b04e3-d989-431e-8947-830fa26bb12e", "type": "h3", "id": "3e00bc57-e5d8-4174-b481-3344dc488aa2"}