{"direction": "ltr", "title": "Making Sports Programs More Realistic with Sports Mode", "content": [{"media_type": "text/plain", "text": "( MENU/123 ) MENU System Sports Mode or Soccer Mode Try Now You can use Sports Mode to get optimal picture and sound settings for soccer events, making them appear and sound as if you are there. In addition, if a recording device is connected to the TV when you are using Sports Mode , you can view highlights extracted from the recorded sporting event automatically or manually. \" The actual name may differ by specific geographical area."}], "parent_id": "977a7650-9865-4a8c-be51-631e41348991", "type": "h2", "id": "c977e91e-ac6b-4ebe-afab-965b8d31962e"}