{"direction": "ltr", "title": "Picture sizes and input signals", "content": [{"media_type": "text/plain", "text": "The Picture Size setting is applied to the current source. The applied Picture Size will remain in effect whenever you select that source unless you change it. Input signal Picture size Component 16:9 , Zoom , Custom , 4:3 Component (1080i, 1080p) 16:9 , Zoom , Custom , 4:3 Digital channel (720p, 1080i, 1080p) 16:9 , Zoom , Custom , 4:3 Digital channel (3840 x 2160p) 16:9 , Zoom , Custom Digital channel (4096 x 2160p) 16:9 , Zoom , Custom HDMI (720p) 16:9 , Zoom , Custom , 4:3 HDMI (1080i, 1080p) 16:9 , Zoom , Custom , 4:3 HDMI (3840 x 2160p) 16:9 , Zoom , Custom HDMI (4096 x 2160p) 16:9 , Zoom , Custom"}], "parent_id": "48253048-bf0c-459b-a05b-e8caaf99b19d", "type": "h3", "id": "3c8c150e-42f8-485d-b21b-407cbb9cfe4c"}