{"direction": "ltr", "title": "Connecting a Bluetooth Gamepad", "content": [{"media_type": "text/plain", "text": "( MENU/123 ) MENU System Device Manager Bluetooth Gamepad Settings You can play the games downloaded and installed using the Smart Hub service with a Bluetooth gamepad. Select Bluetooth Gamepad Settings , and then place your Bluetooth gamepad close to your TV. The TV scans for available Bluetooth gamepads automatically. (DualShock((R))4, a gamepad optimized for PlayStation, is recommended.) After scanning, you can use the Bluetooth gamepad to play games. \" This function is not available on certain models in specific geographical areas. \" If the TV fails to find your Bluetooth gamepad, place it closer to the TV, and then select Refresh . For more information on pairing, refer to the Bluetooth gamepad's operating manual."}], "parent_id": "977a7650-9865-4a8c-be51-631e41348991", "type": "h2", "id": "12905693-28f2-4af8-b3f4-1abb93ea9e73"}