{"direction": "ltr", "title": "Checking ambient illumination (Motion control environment Check)", "content": [{"media_type": "text/plain", "text": "( MENU/123 ) MENU Support Self Diagnosis Motion Control Environment Check You can test the ambient brightness levels around the TV camera and microphone to ensure that they are suitable for motion control use. \" The actual name may differ from specific geographical areas or models. Face the TV camera. Lower your hand to a comfortable position. Raise your hand with your index finger fully extended upwards, and then move your hand slowly to the left or right. When your hand is successfully recognized by the TV camera, motion control is activated and a pointer and motion control icons appear on the screen. \" To deactivate motion control, move your hand out of the range of the TV camera. To reactivate it, simply move your hand toward the TV camera within 3 seconds. \" Motion Control may be terminated if your index finger is not fully extended or you move it to fast."}], "parent_id": "1fc3140a-c85b-4d0c-832e-6f75773337e8", "type": "h4", "id": "75aaf33e-47f2-48fe-8af3-c062a7d67df8"}