{"direction": "ltr", "title": "Using a mouse", "content": [{"media_type": "text/plain", "text": "You can use a pointer to control the TV in the same way you use a pointer on a computer. \u25cf Selecting and running an item Left-click the mouse. \u25cf Scrolling the TV menu or screen Scroll the mouse wheel up or down. \u25cf Exiting the TV menu or feature Place the pointer in any blank point on the screen, and then left-click the mouse."}], "parent_id": "a64900c9-ed2a-498b-9c17-354b039a9b6e", "type": "h3", "id": "fd167689-46f2-45a0-9ff3-6494c23d6c2d"}