{"direction": "ltr", "title": "Blocking programs based on their Canadian French Rating", "content": [{"media_type": "text/plain", "text": "You can block programs based on their Canadian French Rating . This rating system applies to all rated material viewed on French-Canadian TV channels. Select a lock beside one of the rating categories to block that category and all higher categories. To unblock a category, select the lock icon. \u25cf G : General \u25cf 8 ans+ : Programming acceptable for children 8 years and over to watch on their own \u25cf 13 ans+ : Programming that may not be suitable for children under the age of 13 \u25cf 16 ans+ : Programming not suitable for children under the age of 16 \u25cf 18 ans+ : Programming restricted to adults"}], "parent_id": "d4d4eda8-2e76-4b0a-8194-9c24bc0a9d6e", "type": "h4", "id": "f836c2b8-a0a1-40d4-8336-a10e4c1410d2"}