{"direction": "ltr", "title": "Blocking programs based on their TV Rating", "content": [{"media_type": "text/plain", "text": "You can block TV programs based on their rating. To block content, select a rating category to lock. All programs at that level and higher are blocked and require the PIN to watch. To unblock a category, select the lock icon. To unblock all the categories in a row, select the lock under ALL . Categories on the left: \u25cf TV-Y : Young children \u25cf TV-Y7 : Children 7 and over \u25cf TV-G : General audience \u25cf TV-PG : Parental guidance \u25cf TV-14 : Viewers 14 and over \u25cf TV-MA : Mature audience Categories on the top: \u25cf ALL : Lock all TV ratings. \u25cf FV : Fantasy violence \u25cf V : Violence \u25cf S : Sexual situations \u25cf L : Adult Language \u25cf D : Sexually Suggestive Dialog"}], "parent_id": "d4d4eda8-2e76-4b0a-8194-9c24bc0a9d6e", "type": "h4", "id": "21883571-03e3-4ebb-8d70-24e44218b6aa"}