{"direction": "ltr", "title": "Connections", "content": [{"media_type": "text/plain", "text": "Connecting an Antenna Connecting to the Internet 9 Establishing a wired Internet connection 10 Establishing a wireless Internet connection Troubleshooting Internet Connectivity Issues 12 Troubleshooting wired Internet connectivity issues 13 Troubleshooting wireless Internet connectivity issues Connecting Video Devices 14 Connecting with an HDMI cable 15 Connecting with a component cable 16 Connecting with a composite (A/V) cable Audio Input and Output Connections 17 Connecting with an HDMI (ARC) cable 18 Connecting with a digital audio (optical) cable 18 Connecting with a stereo audio cable Connecting a Computer 19 Connecting through the HDMI port 20 Connecting with an HDMI-to-DVI cable 20 Connecting through your home network Connecting a Mobile Device 21 Connecting with an MHL-to-HDMI Cable 22 Using Screen Mirroring 23 Connecting mobile devices without a wireless router (Wi-Fi Direct) 24 Connecting a mobile device via Samsung Smart View 2.0 Pairing a laptop to the TV (wireless PC mirroring) Switching between external devices connected to the TV Connection Notes 26 Connection notes for HDMI 27 Connection notes for audio devices 27 Connection notes for computers 27 Connection notes for mobile devices 28 Connection notes for wireless PC mirroring"}], "parent_id": "3109cccb-1708-4056-b0ca-e2e5a883a23f", "type": "h3", "id": "23cc3d9c-230f-43fe-8ce1-679bc31d74fe"}