{"direction": "ltr", "title": "Supported music formats and codecs", "content": [{"media_type": "text/plain", "text": "File extension Format Codec Note *.mp3 MPEG MPEG1 Audio Layer 3 *.m4a *.mpa *.aac MPEG4 AAC *.flac FLAC FLAC Supports up to 2 channels *.ogg OGG Vorbis Supports up to 2 channels *.wma WMA WMA Supports up to 10 Pro 5.1 channels. WMA lossless audio is not supported. Supports up to the M2 profile. *.wav wav wav *.mid *.midi midi midi Supports type 0 and type 1. Seek is not supported. Supports USB device only. *.ape ape ape *.aif *.aiff AIFF AIFF *.m4a ALAC ALAC format Container Video codecs Resolution (fps) (Mbps) Audio codecs *.avi *.mkv *.asf *.wmv *.mp4 *.mov *.3gp *.vro *.mpg *.mpeg *.ts *.tp *.trp *.mov *.flv *.vob *.svi *.m2ts *.mts *.divx AVI MKV ASF MP4 3GP MOV FLV VRO VOB PS TS SVAF H.264 BP/MP/HP 4096x2160 4096X2160: 24 3840X2160: 30 40 Dolby Digital LPCM ADPCM(IMA, MS) AAC HE-AAC WMA Dolby Digital Plus MPEG(MP3) DTS(Core, LBR) G.711(A-Law, \u03bc-Law) HEVC (H.265 - Main, Main10, Main4:2:2 10) 60 80 Motion JPEG 30 80 MVC 1920x1080 60 20 DivX 3.11 / 4 / 5 / 6 MPEG4 SP/ASP Window Media Video v9(VC1) MPEG2 MPEG1 Microsoft MPEG-4 v1, v2, v3 30 Window Media Video v7(WMV1) ,v8(WMV2) H.263 Sorrenson VP6 *.webm WebM VP8 1920x1080 90 Vorbis VP9 (profile 0, 4:2:0 8bit) 4096x2160 4096X2160: 24 3840X2160: 30"}], "parent_id": "ee828091-8cea-465f-8e05-cfaeef4d3b71", "type": "h3", "id": "d4d91bfa-8ffc-417b-b24c-d106921c4b50"}