{"direction": "ltr", "title": "Checking current program info", "content": [{"media_type": "text/plain", "text": "You can view information about, start instant recording of, or apply the Timeshift function to a show that you are watching by pressing the Enter button on the Program Info window. In addition, you can view information about upcoming programs by using the left or right directional buttons, or you can set up a Schedule Viewing or Schedule Recording for a program by pressing the Enter button on the Program Info window displayed for that program. \" Recording is not supported in the U.S.A and Canada. \" On the standard remote control, press the INFO button. \" To view program info, you must first set the TV's clock ( MENU System Time Clock ). \" For more information on Schedule Recording , refer to \"Recording Programs.\" \" Program information may differ with the type of incoming signal and may not be available at all for certain programs. \" For more information on Schedule Viewing , refer to \"Setting Up a Schedule Viewing.\""}], "parent_id": "673fb663-8701-43dd-afc9-9100d31cf1b2", "type": "h3", "id": "abfa5db5-c1ef-4a1f-a6e1-79eddb0666b0"}