{"direction": "ltr", "title": "Connecting with an HDMI (ARC) cable", "content": [{"media_type": "text/plain", "text": "ARC (Audio Return Channel) lets the TV output digital sound to an audio device and input digital sound from the same audio device through one HDMI cable. ARC is only available through the HDMI (ARC) port and only when the TV is connected to an ARC-enabled AV receiver. Connect an HDMI cable to the HDMI (ARC) input connection of the TV and the ARC-enabled HDMI output connection of the device as shown in the image below."}], "parent_id": "56c10c87-399f-499c-98ab-78e793a39c25", "type": "h3", "id": "634e9ded-8f6e-4881-be68-a4d275477d6a"}