{"direction": "ltr", "title": "Adjusting the picture position", "content": [{"media_type": "text/plain", "text": "( MENU/123 ) MENU Picture Picture Size Zoom/Position You can adjust the picture position. \" This function is only available when Picture Size is set to Zoom or Custom . However, you cannot change the picture position when the TV is tuned to a digital channel and Picture Size is set to Custom ."}], "parent_id": "194d730e-034c-460f-9f67-4f786768c938", "type": "h4", "id": "9a9271e9-de98-48b1-b573-ba357207823f"}