{"direction": "ltr", "title": "Setting the current time", "content": [{"media_type": "text/plain", "text": "( MENU/123 ) MENU System Time Clock Try Now You can set the clock manually or automatically. Once the clock is set, you can view the current time on the TV anytime. Press the MENU/123 button, and then select INFO . \" On the standard remote control, press the INFO button. \" The clock must be reset every time the power is disconnected."}], "parent_id": "837689dd-10c1-4388-8297-d82b2d18bce1", "type": "h3", "id": "a5821cef-75a0-442d-a703-ac2ae10abafb"}