{"direction": "ltr", "title": "If malicious code is detected...", "content": [{"media_type": "text/plain", "text": "If malicious code is found, the results of the scan will appear on the screen. This result window displays all malicious code found. You can quarantine (isolate) the code which prevents it from executing. 1. Select all the malicious code to quarantine. 2. Select Isolate . The selected malicious code is relocated to the Isolated List . \" The Isolated List displays all quarantined malicious codes. \u25cf Antivirus Monitors the TV in real-time to prevent viruses from infecting the TV. \u25cf Network Security Protects the TV from hacking to minimize leaks of private information. \u25cf Camera Permits the cameras connected to the TV to be used. \u25cf Microphone Permits the microphones connected to the TV to be used. \u25cf Auto Scan Makes the TV automatically scan itself and any connected storage media when it is turned on. \u25cf Auto Isolate Adds malicious codes found during the scanning process to the Isolated List automatically."}], "parent_id": "a887acb6-3f08-4a4a-ab7f-a394cc85af82", "type": "h4", "id": "91ae5240-6095-4ee7-9a5d-096df2cf8706"}