{"direction": "ltr", "title": "Enabling the TV to boot faster", "content": [{"media_type": "text/plain", "text": "( MENU/123 ) MENU System General Samsung Instant On You can set Samsung Instant On to On so that the TV boots up faster. \" When Samsung Instant On is set to On , the use history of the apps that you used on the TV may be stored in the TV. \" The Samsung Instant On function works when you turn on the TV while its power cable is still connected after you set Samsung Instant On to On . If you disconnect, reconnect the power cable, and then turn on the TV, this function does not work. \" Even if the Samsung Instant On function is on, the power consumption while the TV is turned off meets the standby power consumption specification presented on the product label. You can watch DivX DRM protected movies on the TV only if it is registered as a DivX-certified device. \" Digital Rights Management (DRM) functions as a technical security mechanism to protect the content provider's copyright. \" You can watch recorded movies or free DivX movies without registration. \" Visit the DivX website (http://www.divx.com) and log in to your user account before registering the TV as a DivX-certified device. If you do not have an account, create one."}], "parent_id": "1dc57a67-0f56-4c9c-805b-a625f950eac5", "type": "h3", "id": "a544d75c-e35b-453a-825c-f20dd9a5e1e1"}