{"direction": "ltr", "title": "Using interactive voice recognition at a short distance", "content": [{"media_type": "text/plain", "text": "You can search for content that is available in a TV program or execute various other functions without having to remember specific commands or keywords. Activate Voice Recognition and say a command. See the examples below: \u25cf When you want to find a specific content: \"***(Title)\" / \"Find ***(title)\") \u25cf When you want to know specific information: \"What's the weather in ***(place name)?\" / \"What is the ***(company) stock price?\" / \"Show me the ***(team) score.\" \u25cf When you want to use the TV's functions: \"Set Sleep Timer (function name) in 30 minutes\" \" Some sentences above may not be supported depending on the country."}], "parent_id": "1eb06b57-c578-4037-8c56-5aac66424149", "type": "h3", "id": "94f29947-71d5-4940-a8e0-6e8dbbf18860"}