{"direction": "ltr", "title": "Limitations on use of photo, video, and music files", "content": [{"media_type": "text/plain", "text": "\u25cf The TV supports MSC (Mass Storage Class) USB devices only. MSC is a class designation for mass storage devices. Types of MSC devices include external hard drives, flash card readers, and digital cameras. (USB hubs are not supported.) These kinds of devices must be connected directly to the TV's USB port. The TV may not be able to recognize a USB device or read the files on the device if it is connected to the TV via a USB extension cable. Do not disconnect USB devices while they are transferring files. \u25cf When connecting an external hard drive, use the USB (HDD) port. We recommend that you use an external hard drive with its own power adapter. \u25cf Certain digital cameras and audio devices may not be compatible with the TV. \u25cf If there are multiple USB devices connected to the TV, the TV might not be able to recognize some or all the devices. USB devices that use high-power input should be connect to the USB [5V, 1A] port. \u25cf The TV supports the FAT, exFAT, and NTFS file systems. \u25cf After sorting files in the Folder view mode, the TV can display up to 1000 files per folder. If the USB device contains more than 8,000 files and folders, however, some files and folders might not be accessible. \u25cf The PTP (Picture Transfer Protocol) connection mode is available only for digital cameras. If you connect a smartphone or tablet to the TV using PTP mode, the TV will not recognize it. \u25cf Be sure to connect USB or external hard drives that support USB 3.0 to the USB 3.0 port. \u25cf Certain files, depending on how they are encoded, may not play on the TV. \u25cf Certain files are not supported on all models."}], "parent_id": "ee828091-8cea-465f-8e05-cfaeef4d3b71", "type": "h3", "id": "c2cd276e-93ba-4ddc-9dde-f59bebe457d1"}