{"direction": "ltr", "title": "Requirements for Using Motion Recognition", "content": [{"media_type": "text/plain", "text": "\u25cf Be sure to use Motion Control within the recommended distance of between 4.9 ft (1.5 m) and 11.4 ft (3.5 m). The actual recognition range may differ with the camera angle and other factors. \u25cf For the camera to recognize movement, you must stand out from the background. \u25cf The appropriate ambient brightness is 50 to 500 lux. (A bathroom typically has 100 Lux, a living room 400 Lux.) \u25cf Avoid direct sunlight when using Motion Control. \u25cf Run the Motion Control Environment Test to assess the camera's recognition range before using Motion Control."}], "parent_id": "2db9f03c-da28-484c-9acc-10477da9bc66", "type": "h4", "id": "bb5da0d8-70d7-43cd-9ec7-745e6f0434b9"}