{"direction": "ltr", "title": "Scanning for available channels", "content": [{"media_type": "text/plain", "text": "( MENU/123 ) MENU Broadcasting Auto Program Try Now Automatically scans and indexes all channels received through the TV's antenna input connector. \" Do not use this function if your TV is connected to a cable or satellite box. \" If the TV has saved channels, Auto Program deletes the existing list, and then saves the newly scanned channels."}], "parent_id": "41ad07c6-683d-411c-89bc-5faf5a5b087a", "type": "h3", "id": "b67e2cfe-d804-4e03-979e-948aed0b17df"}