{"direction": "ltr", "title": "Using the instant and schedule recording options from the guide", "content": [{"media_type": "text/plain", "text": "To start instant recording of a current program, select that program from the Guide , and then select Record . To start a schedule recording of a program that will air in the future, select that program from the Guide , press and hold the Enter button, select View Details , and then select Schedule Recording ."}], "parent_id": "f0c72e53-6689-4cef-aa6b-6c4b4ebb0d6e", "type": "h4", "id": "b4afcec9-1ea2-46c0-9ef1-a9262d2ef8fc"}