{"direction": "ltr", "title": "Registering channels as favorites", "content": [{"media_type": "text/plain", "text": "( MENU/123 ) MENU Broadcasting Edit Favorites You can register multiple channels as favorites at the same time. 1. Select the channels that you want to add to your favorites list(s) from the list on the screen. 2. Select Change Fav. on the screen to select a favorites list. 3. Select Add on the screen. The TV adds the channels you selected to the favorites list you chose."}], "parent_id": "dd94475e-49fb-4963-b7fe-00af2ec3e931", "type": "h3", "id": "81e70b2f-65f3-4ec5-b556-12b6bdd2f75b"}