{"direction": "ltr", "title": "Buttons and functions available while playing music", "content": [{"media_type": "text/plain", "text": "You can use the following functions when you select a music file. \u25cf Pause / Play Pauses or resumes the music. \u25cf Previous / Next Plays the previous or next music file. Press the button twice to play the previous music file. Press the button once to start the current music file from the beginning. Press the button to play the next music file. \u25cf Repeat Plays the current music file repeatedly or all music files in the same folder repeatedly. \u25cf Shuffle Plays the music files in random order. \u25cf Speaker List Gives you a choice of speakers to play the music through. \u25cf Picture Off Plays the music files only with the screen off. HD Audio ) to On . Then, move to the MY CONTENT service screen, and select an HD music file to play in HD quality. \" Standard audio signals are sampled at 48 kHz while HD audio signals are sampled at 96 kHz. \" Some S/PDIF receivers may not be compatible. For incompatible receivers, deactivate HD Audio and use normal audio mode instead. \" Some external audio players connected via HDMI, Bluetooth, or Wi-Fi networks are not able to play HD audio signals. \" If a music file supports the HD audio format, the HD icon appears in the list. \" Select a music file, and then select to play it. \" When you set HD Audio to Off during playback, the next music file is played in the standard audio format. \" When you play an HD music file while Multi-Link Screen is running, Multi-Link Screen is automatically terminated."}], "parent_id": "7dff1d2c-9e76-4f0d-be88-2c0d6686d4ed", "type": "h3", "id": "8a2c9cf3-ee17-43b5-8ebf-42843b4e25f7"}