{"direction": "ltr", "title": "Connection notes for computers", "content": [{"media_type": "text/plain", "text": "\u25cf For the resolutions supported by the TV, refer to \"Read Before Connecting a Computer (Supported Resolutions).\" \u25cf As long as file sharing is activated, unauthorized access may occur. When you do not need to access data, disable file sharing. \u25cf Your PC and Smart TV must be connected to each other on the same network."}], "parent_id": "fe257402-d6c0-4e73-a836-b4fc69122a04", "type": "h3", "id": "0cd41dd1-4a1c-44f4-833e-59ea28341a16"}