{"direction": "ltr", "title": "Using the functions available while watching sports in sports mode", "content": [{"media_type": "text/plain", "text": "You can use the following functions when you press the Enter button in sports mode. \" This function is not available in the U.S.A. and Canada. \u25cf Zoom Pauses the current screen and zooms in any part of the screen by using 4 directional buttons. \" On the standard remote control, press the button. \" This function is not available when you are watching 3D channels or when PIP or MY CONTENT is active. \u25cf Recording Instantly records the game that you are currently watching on the TV. \" This function is only available if the TV supports the recording function. \u25cf Timeshift You can pause and rewind live TV as you would a DVD by using Timeshift . \" This function is only available if the TV supports the recording function. \u25cf More Info Displays detailed information about the current program. \" This function is only available while you are watching a live program."}], "parent_id": "c977e91e-ac6b-4ebe-afab-965b8d31962e", "type": "h3", "id": "eb5fc443-99a1-4635-a82e-77abadc0009a"}