{"direction": "ltr", "title": "Connecting through the HDMI port", "content": [{"media_type": "text/plain", "text": "For an HDMI connection, we recommend one of the following HDMI cable types: \u25cf High-Speed HDMI Cable \u25cf High-Speed HDMI Cable with Ethernet Connect an HDMI cable to the HDMI input connection of the TV and the HDMI output connection of the computer as shown in the image below. \" Set Edit Device Type to DVI PC for a computer connected with a HDMI-to-DVI cable, and PC for a computer connected with HDMI cable. Also, set Edit Device Type to DVI Devices for an A/V device with a HDMI-to-DVI cable."}], "parent_id": "71140765-77fd-4f07-a678-9e98e8366794", "type": "h3", "id": "7a3c763f-f891-49e0-8138-6ec9a963354c"}