{"username": "lenik", "accepted": 0, "subtitle": "I recently rooted and upgraded my Samsung Galaxy S2 to version 4 ICS. Since doing so when I connect my device by USB to my Ubuntu computer only the 12GB internal storage shows up on my desktop and in Banshee. How do I get my 16GB SD card to also mount on Ubuntu so that it is available for transferring music files and so on? Update h2 According to one answer below and also in instructions I've now seen elsewhere on the web a I should be able to adjust my USB connection mode by following the following instructions 1.Bring up Settings. 2.Click More under Wireless and network . 3.Then select USB utilities Set USB cable connection mode. 4.Select Connect storage to PC blockquote However I am stopped at step 3 because I do not have a USB Utilities option under Settings gt More... code . What I have looks like this I don't know if this is the make or break factor that will get my USB connectivity as hoped but in any case shouldn't I have the option since everyone else seems to? What can I do to get it? Details h2 Here is the storage settings as seen on my phone. As you can see there are 2 entries of Internal Storage one of about 2GB and one of a little under 12GB. Then there is an SD Card which seems to have about 15 GB but it is grey and I am unsure if this is really my SD card or not. Then under USB Storage I have the option to mount an SD card which is problematic because I already have my card inserted and seemingly mounted as described after this image If I press the menu key while in the storage settings interface I get two options For USB computer connection I have these settings which I don't think I want to change because MTP does not work with my Galaxy Tab so I'm not confident it will work with my Galaxy S2. I tried the camera option but that made it so my phone appeared with a camera icon on my computer limited the directories and did not do much to help For Storage configuration I tried Use internal Storage both on and off but it does not seem to make a difference Here is a screen shot from PowerAmp which seems to think my music is located in a directory called emmc . The music is accessible from within PowerAmp but I can not access it when I connect my phone by USB PowerAmp tells me I can actually find the emmc directory where my music seems to be stored in two locations emmc code and mnt emmc code When I connect my phone by USB it looks like this. Note no emmc code directory nor any Music code directory and if you look at the side there is one 12 GB Filesystem code no entry for my 16GB SD card And lastly here is the 12 GB drive's properties ", "views": 33262, "tags": "<usb><linux>", "userId": "14818", "userReputation": 621, "title": "How do I get my phone to connect the internal SD by USB?", "downModVotes": 0, "authorUserId": "5892", "answer": " There's no problem with Ubuntu problem is most probably in your phone settings or your phone system. It would be very helpful to know from which source did you get your upgrade was it official update from your phone provider or something found on the net? li According to your picture you have 12GB of internal storage strong and 16GB SD card strong inserted in your phone. Numbers you see are the result of conversion of 16.000.000.000 bytes which is 16GB as memory or HDD manufacturers think into the gigabytes each containing 1024 1024 1024 1073741824 bytes. If you divide the 16.000.000.000 by 1024 1024 1024 you'll get your 14.9GB or something. li Grayed out Mount SD card under USB storage strong possibly represents the external USB storage you might insert into the USB port of your phone. There's no reason to click on it unless you have the external USB storage plugged in. And even then I'm not sure if this is actually supported on SGS2. li Missing from your screen grabs there supposed to be a menu option below the Storage page usually represented as three dots aligned one above the other. If you click on this menu you'll most probably be shown USB computer connection submenu or something similar. Once you get there you may change how your phone represents the memory you have to the computer. If you make a screen grab of that screen I could tell you which option to select. li As a side note it's not a very good idea to remove insert SD card without unmounting it first. Please next time you remove SD card from your phone power the phone off or issue Unmount SD card from the Storage screen you've shown in the question. li ol If you could not find USB computer connection submenu on the Storage screen you may try this approach to make USB mass storage to work on your device Open Settings then click More strong under Wireless and network . li Select USB utilities Set USB cable connection mode. li Select Connect storage to PC . li Connect USB cable from phone to PC. li Click Turn on USB storage . li ol Also you might need to turn OFF USB debug before trying this. ", "upModVotes": 4, "answerScore": "4", "id": 23206, "authorUsername": "Questioner"}