{"username": "Dan Hulme", "accepted": 0, "subtitle": "", "views": 5459, "tags": "<tethering>", "userId": "12442", "userReputation": 27986, "title": "", "downModVotes": 0, "authorUserId": 0, "answer": "Not usefully. If you root the device you can use a tool such as iptables code to configure a rate limit but the only way for that to work on downloads is to drop network packets above a certain limit. The effect of this will be that the apps on your phone see slower downloads but the overall use of your Wi Fi or mobile data connection will be greater em because the server has to keep re sending packets that have reached your phone but been dropped. This isn't an Android specific problem it's just how the internet works. Desktop machines have just the same problem with rate limiting. It's just worse on mobile because wireless network connections genuinely do lose packets more often they're usually set up to re send more aggressively than wired connections. The exception to this is if you have a particular app whose network protocol supports rate negotiation. BitTorrent is one example. In that case you should set the appropriate setting in the app you want to limit. ", "upModVotes": 2, "answerScore": "2", "id": 55855, "authorUsername": 0}