{"username": "joweiser", "accepted": 0, "subtitle": "", "views": 5048, "tags": "<google-play-store><wi-fi>", "userId": "10040", "userReputation": 825, "title": "", "downModVotes": 0, "authorUserId": 0, "answer": "If you're rooted you could try Wireless Tether for Root Users a . More info and more recent versions here https code.google.com android wifi tether a Besides having way more options than the stock wifi tether application it also allows you to have a look at the bandwith used when tethering is active. ", "upModVotes": 1, "answerScore": "1", "id": 17199, "authorUsername": 0}