{"username": "Louis Rhys", "accepted": 0, "subtitle": "", "views": 765, "tags": "<motorola-droid><wifi-hotspot>", "userId": "136", "userReputation": 3485, "title": "", "downModVotes": 0, "authorUserId": 0, "answer": "Do you have a Galaxy S with a broken GPS? what do you mean by broken? My Galaxy S 2.1 GPS took forever to find my location without Use wireless networks as described by GAThrawn but once I enable it I almost have no problems finding my location quickly ", "upModVotes": 0, "answerScore": "0", "id": 3213, "authorUsername": 0}