{"username": "A\u029f \u1d07", "accepted": 0, "subtitle": "", "views": 765, "tags": "<motorola-droid><wifi-hotspot>", "userId": "267", "userReputation": 17484, "title": "", "downModVotes": 0, "authorUserId": 0, "answer": "This community wiki will list all of the known and rumored dates for devices. If you have an update make sure to follow the format that's been established and the following guidelines Keep phones in alphabetical order listing the manufacturer and model li Specify if the date is confirmed or rumored and link to the source li If there is an unofficial release link to the site where it can be downloaded li If a new update comes out e.g. 2.3.5 over 2.3.4 link to the new and don't keep the old information li ol Note that devices that do not meet Google's Compatibility Definition a will not receive a Google sanctioned update. In the case of the major manufacturers and many others that means they won't release an update at all since Google's certification is important to their business. Phones strong h1 Commtiva z71 strong h2 Unofficial 2.3.7 11th October 2011. CyanogenMod 7.1 a li ul Geeksphone One strong h2 Unofficial 2.3.7 11th October 2011. CyanogenMod 7.1 a li ul Geeksphone Zero strong h2 Unofficial 2.3.7 11th October 2011. CyanogenMod 7.1 a li ul Google Nexus One strong h2 Official 23rd February 2011. According to a tweet a li Unofficial Without Market support 17th December 2010. Via Chris Soyars a li 2.3.7 11th October 2011. CyanogenMod 7.1 a li ul li ul HTC Aria strong h2 Unofficial 2.3.7 11th October 2011. CyanogenMod 7.1 a li ul HTC Desire strong h2 Official manual update 1st August 2011. HTC UK Announcement on Facebook a and HTC Dev download center a li Unofficial 2.3.7 11th October 2011. CyanogenMod 7.1 a li ul HTC Desire HD strong h2 OTA 4th May 2011. Confirmed a li Unofficial 2.3.7 11th October 2011. CyanogenMod 7.1 a li ul HTC Desire Z strong G2 strong h2 Official 29th July 2011. Confirmed a li Unofficial 2.3.7 11th October 2011. CyanogenMod 7.1 a li ul HTC Droid Incredible strong h2 OTA November 14 2011. Confirmed a li Unofficial 2.3.7 11th October 2011. CyanogenMod 7.1 a li ul HTC Droid Incredible 2 strong h2 Official 12th July 2011. Confirmed a li Unofficial 2.3.7 11th October 2011. CyanogenMod 7.1 a li ul HTC Droid Incredible S strong h2 Official OTA 4th May 2011. Confirmed a li Canada 29th July 2011. Confirmed a li ul li Unofficial 2.3.7 11th October 2011. CyanogenMod 7.1 a li ul HTC EVO 4G strong h2 Official 6th June 2011. Confirmed a li Unofficial 2.3.7 11th October 2011. CyanogenMod 7.1 a li ul HTC EVO Shift 4G strong h2 Unofficial 2.3.7 11th October 2011. CyanogenMod 7.1 a li ul HTC Hero strong h2 Unofficial 2.3.7 11th October 2011. CyanogenMod 7.1 a li ul HTC Inspire 4G strong h2 Unofficial 2.3.7 11th October 2011. CyanogenMod 7.1 a li ul HTC Legend strong h2 Unofficial 2.3.7 11th October 2011. CyanogenMod 7.1 a li ul HTC myTouch 3G Slide strong h2 Unofficial 2.3.7 11th October 2011. CyanogenMod 7.1 a li ul HTC myTouch 4G strong h2 Official 5th August 2011. Confirmed a li Unofficial 2.3.7 11th October 2011. CyanogenMod 7.1 a li ul HTC Tattoo strong Click strong h2 Unofficial 2.3.7 11th October 2011. CyanogenMod 7.1 a li ul HTC Thunderbolt strong h2 Official September 2011. Confirmed a li ul HTC Wildfire strong Buzz strong h2 Official Never. Official mail from HTC support cause doesn't meet the minimum requirements e.g. 1 GHz processor li Unofficial 2.3.7 11th October 2011. CyanogenMod 7.1 a li ul Huawei U8220 strong h2 Unofficial 2.3.7 11th October 2011. CyanogenMod 7.1 a li ul LG Optimus 2X G2X strong h2 Official 29th July 2011. Confirmed a li Unofficial 2.3.7 11th October 2011. CyanogenMod 7.1 a li ul LG Optimus 3D strong h2 Official 22 November 2011 confirmed a li ul LG Optimus One P500 strong h2 Europe Official 6th July 2011. Confirmed a li ul LG Revolution strong h2 Official 28 October 2011 confirmed a li ul Motorola Atrix 4G MB860 strong h2 Official 29th July 2011. Confirmed a li ul Motorola Backflip strong Motus MB300 strong h2 Unofficial 2.3.7 11th October 2011. CyanogenMod 7.1 a li ul Motorola Cliq MB200 strong h2 Unofficial 2.3.7 11th October 2011. CyanogenMod 7.1 a li ul Motorola Cliq XT MB501 strong h2 Unofficial 2.3.7 11th October 2011. CyanogenMod 7.1 a li ul Motorola Defy MB525 strong h2 Unofficial 2.3.7 11th October 2011. CyanogenMod 7.1 a li ul Motorola Droid A855 strong h2 Unofficial 2.3.7 11th October 2011. CyanogenMod 7.1 a li ul Motorola Droid 2 A955 strong h2 OTA 24 October 2011. Confirmed a li Unofficial 2.3.7 11th October 2011. CyanogenMod 7.1 a li ul Motorola Droid X MB810 strong h2 Official 24 October 2011. Confirmed a li Unofficial 12th December 2010. Information a li Unofficial 2.3.7 11th October 2011. CyanogenMod 7.1 a li ul li ul Motorola Milestone X strong h2 Official 26 October 2011 confirmed a li ul Samsung Droid Charge strong h2 Official December 2011 confirmed a li ul Samsung Galaxy Ace strong Gio strong Fit strong Mini strong h2 Official 4th August 2011. Confirmed a li ul Samsung Galaxy S strong h2 1. Canada Bell Vibrant GT i9000M strong h3 Official 2.3.3 15th September 2011. Instructions a li ul 2. Canada Telus Fascinate 3G SGH T959D strong h3 Official 2.3.3 15th September 2011. Instructions a li ul 3. International GT i9000 strong h3 Official OTA 16th April 2011. Rollout started and then pulled in Europe a strike Leaked download a li Kies Summer 2011. Instructions a List of upgrades for each operator available via Kies a li 2.3.4 XXJVR via Odin 27th July 2011. XDA update guide a li ul li Unofficial 2.3.7 11th October 2011. CyanogenMod 7.1 a li ul 4. US AT amp T Captivate SGH i897 strong h3 Unofficial 2.3.7 11th October 2011. CyanogenMod 7.1 a li ul 5. US Sprint Epic 4G strong h3 Official 9 November 2011 confirmed a li ul 6. US T Mobile Vibrant SGH T959 strong h3 Unofficial 2.3.7 11th October 2011. CyanogenMod 7.1 a li ul 7. US Verizon Fascinate strong US Cellular Mezmerize strong C Spire Wireless Showcase SCH i500 strong h3 Unofficial 2.3.7 11th October 2011. CyanogenMod 7.1 a li ul Samsung Infuse 4G strong h2 OTA Leaked 2.3.5. Information a li ul Sony Ericsson Xperia Arc strong h2 Official 2.3.4 18 October 2011 Confirmed a li ul Sony Ericsson Xperia X8 strong h2 Unofficial 2.3.7 11th October 2011. CyanogenMod 7.1 a li ul Sony Ericsson Xperia X10 strong h2 Official 3Q 2011. Confirmed a li ul ZTE Blade strong Orange San Francisco strong Dell XCD35 strong h2 Unofficial 2.3.7 11th October 2011. CyanogenMod 7.1 a li ul ZTE V9 strong h2 Unofficial 2.3.7 11th October 2011. CyanogenMod 7.1 a li ul Tablets strong h1 Barnes amp Noble Nook Color strong h2 Unofficial 2.3.7 11th October 2011. CyanogenMod 7.1 a li ul Samsung Galaxy Tab strong h2 Official Sprint 5th July 2011. Confirmed a li UK 29th July 2011. Confirmed a li Verizon 31 October 2011 confirmed a li ul li ul This is not specific to Gingerbread but this forum posts lists the rough dates for all Android versions for all Motorola models https supportforums.motorola.com community manager softwareupgrades a ", "upModVotes": 61, "answerScore": "61", "id": 3376, "authorUsername": 0}