{"username": "Channel changing", "accepted": 0, "subtitle": "", "views": 716, "tags": "<4.0-ice-cream-sandwich><wi-fi>", "userId": "29759", "userReputation": 21, "title": "", "downModVotes": 0, "authorUserId": 0, "answer": "I've found the solution right now My problem was that I have a FT3 tablet which's Wi Fi hates the 6th channel. It works on each other except the 6th. I have also an Alcatel Telenor OT 990 phone with Android 2.2 OS which broadcasts it's network on 6th ch. when I use it as a portable wi fi hotspot. But finally I found an aplication called Barnacle Wifi Tether. If you want to change the channel download the aplication Play Store a or here a li run the application li Go to SETTINGS and you can change the channel number li ol If you touch the START button the app asks for root su permissions. If you aren't a root su don't worry the phone keeps the changed channel number... ", "upModVotes": 2, "answerScore": "2", "id": 41025, "authorUsername": 0}