{"username": "Logos", "accepted": 0, "subtitle": "", "views": 9433, "tags": "<wi-fi><4.2-jelly-bean><nexus-7><wifi-hotspot>", "userId": "9160", "userReputation": 3467, "title": "", "downModVotes": 0, "authorUserId": 0, "answer": "It's entirely possible that there simply are no cards to display. If you don't have a wireless connection on for instance it can't fetch data to populate cards for viewing. Available cards also depend on several other factors such as whether the GPS is on whether you allow Google to track you your data and what country you live in most Now cards are US centric living in Canada the only ones that ever come up for me are weather and time to travel Navigation cards ", "upModVotes": 0, "answerScore": "0", "id": 54756, "authorUsername": 0}