{"username": "Akhil", "accepted": 0, "subtitle": "", "views": 577, "tags": "<samsung-galaxy-s-2><connection-issues><usb-connection-mode><mac-os-x>", "userId": "23293", "userReputation": 3034, "title": "", "downModVotes": 0, "authorUserId": 0, "answer": "Manually backup all the data with the help of below mentioned steps so as to make sure that just in case if the data gets lost or corrupted the same can be restored with the help of below mentioned steps. Make sure that you dont use any sorts of PC Suites like HTC Sync to back up the data as it wont help you restore the data smoothly. SMS strong Use SMS Backup amp Restore app a Contacts strong Sync with the Gmail application Call Log strong Call Log and Restore a Images Songs Videos Files strong Copy to internal External SD Card APN and MMS Settings strong Note down from the path Applications Settings Wireless and Network Mobile Networks Access Point Names Enable the USB Debugging strong from the path Settings Applications Development USB debugging strong Make sure that the minimum battery life should be 30 strong so as to ensure that the phone doesnt get turned Off in the middle of update. Disable uninstall all the security suites installed in your phone. Lets head to the procedure which will help you update your phone with the latest firmware of Jellybean 4.1 firmware. Procedure to Update AT amp T HTC One X with Jellybean 4.1 firmware strong 1.Download the Official Jellybean 4.1 a Firmware update from here to your computer. Once downloaded you need to place the same in your devices root or in the phones storage and not in any of the sub folders. 2.Now disconnect the device from computer if you have connected the phone and then turn Off the device so that it can be entered in the Recovery Mode. To enter HTC One X in the recovery mode press the Volume Down button and while doing this press and hold the power button for a period of 10 seconds till you see the fastboot screen. 3.In Fastboot mode use the Volume Keys to navigate to the Recovery option and then press the power button. After this you will see the HTC Logo on the screen and the screen will go blank with an exclamation mark and a triangle. 4.Now press and hold both the Volume Up and down key and then while holding them press and release the power button. After releasing the Volume rocker key you will get a Blue Menu along with a set of options which will indicate that the device has been successfully landed in the Recovery Mode. 5.Now select Apply update from internal storage from the option and press the Power button. You will need to select the update file which you have placed in the Phone storage and press the Power button to confirm the same. It will take around 3 5 minutes for applying the update and once its done you need to select the option of Reboot system now for rebooting the device in the normal mode. blockquote Source a NOTE Do it at your own RISK no one can held responsible. strong ", "upModVotes": 1, "answerScore": "1", "id": 41842, "authorUsername": 0}