{"username": "Lie Ryan", "accepted": 0, "subtitle": "", "views": 5189, "tags": "<wi-fi><2.2-froyo><connection-issues><huawei-u8800>", "userId": "482", "userReputation": 17576, "title": "", "downModVotes": 0, "authorUserId": 0, "answer": "If you're using Android 2.2's native tethering then the phone acts as an access point. This means any Wifi enabled devices can tether to the phone as if it is a regular wireless access point. I don't know much about PDANet Easytether but it should be possible to set up Internet Connection Sharing ICS on Windows or Masquerading on Linux. Speed will probably be not that great since 3G is pretty slow on most areas. It will be usable but unless the 3G speed in your area is blazingly fast don't expect much. ", "upModVotes": 2, "answerScore": "2", "id": 8273, "authorUsername": 0}