{"username": "spica", "accepted": 0, "subtitle": "I need to use commands like iwconfig in Android I know I have to install the wireless tools because they are not in Android by default The problem is that I have just seen 3 chinesse tutorials that makes no sense when I translate them and a link that downloads a directory with Android wireless tools but I don't know what to do to get them into my device and use them. Any help would be apreciated. ", "views": 9244, "tags": "<ad-hoc-networks>", "userId": "16957", "userReputation": 163, "title": "Enabling wireless tools on Android", "downModVotes": 0, "authorUserId": "16959", "answer": " Download wireless tools.30.pre9.tar.gz a . This version supports non ASCII char in ESSID. li Unpack it into mydroid external wireless tools em directory. li Create Android.mk em file with the following content LOCAL PATH call my dir build iwlib include CLEAR VARS LOCAL SRC FILES iwlib.c LOCAL CFLAGS Wstrict prototypes Wmissing prototypes Wshadow Wpointer arith Wcast qual Winline MMD fPIC LOCAL MODULE libiw LOCAL STATIC LIBRARIES libcutils libc libm include BUILD STATIC LIBRARY build iwconfig include CLEAR VARS LOCAL SRC FILES iwconfig.c LOCAL CFLAGS Wstrict prototypes Wmissing prototypes Wshadow Wpointer arith Wcast qual Winline MMD fPIC LOCAL MODULE iwconfig LOCAL STATIC LIBRARIES libcutils libc libm libiw LOCAL FORCE STATIC EXECUTABLE true LOCAL MODULE PATH TARGET OUT OPTIONAL EXECUTABLES install to system xbin LOCAL UNSTRIPPED PATH TARGET ROOT OUT UNSTRIPPED LOCAL MODULE TAGS eng user include BUILD EXECUTABLE build iwlist include CLEAR VARS LOCAL SRC FILES iwlist.c iwlib.h LOCAL CFLAGS Wstrict prototypes Wmissing prototypes Wshadow Wpointer arith Wcast qual Winline MMD fPIC LOCAL MODULE iwlist LOCAL STATIC LIBRARIES libcutils libc libm libiw LOCAL FORCE STATIC EXECUTABLE true LOCAL MODULE PATH TARGET OUT OPTIONAL EXECUTABLES install to system xbin LOCAL UNSTRIPPED PATH TARGET ROOT OUT UNSTRIPPED LOCAL MODULE TAGS eng user include BUILD EXECUTABLE code pre li Modify it as follows Change wireless.22.h em to be wireless.h em li Modify ifrename.c em add getline em function. You can get the code from external genext2fs genext2fs.c em Notice that this file uses macro to pass another function to getline em . li Modify iwlib.h em change include to be include . You might need to check the original file to know what the author means li ul li Compile eclair 21 external wireless tools . .. .. build envsetup.sh eclair 21 external wireless tools wireless tools mm code pre li Copy files to the system eclair 21 external wireless tools croot eclair 21 cp out target product generic system xbin iwconfig nfs rootfs system xbin iwconfig eclair 21 cp out target product generic system xbin iwlist nfs rootfs system xbin code pre li Test After starting Android modprobe libertas modprobe libertas sdio libertas sdio Libertas SDIO driver libertas sdio Copyright Pierre Ossman model 0xb sd8686 helper.bin sd8686.bin init untracked pid 853 exited init untracked pid 856 exited libertas eth1 Marvell WLAN 802.11 adapter iwconfig eth1 eth1 IEEE 802.11b g ESSID Antrose 11g Mode Managed Frequency 2.437 GHz Access Point 00 15 E9 0C 87 7C Bit Rate 1 Mb s Tx Power 13 dBm Retry limit 8 RTS thr 2347 B Fragment thr 2346 B Encryption key off Power Management off Link Quality 83 100 Signal level 60 dBm Noise level 93 dBm Rx invalid nwid 0 Rx invalid crypt 0 Rx invalid frag 1441 Tx excessive retries 44 Invalid misc 11220 Missed beacon 0 iwlist scan eth1 Scan completed Cell 01 Address 00 22 6B 8C 5D 3A ESSID Antrose 11g Mode Managed Frequency 2.412 GHz Channel 1 Quality 65 100 Signal level 78 dBm Noise level 96 dBm Encryption key off Bit Rates 1 Mb s 2 Mb s 5.5 Mb s 11 Mb s 18 Mb s 24 Mb s 36 Mb s 54 Mb s 6 Mb s 9 Mb s 12 Mb s 48 Mb s iwconfig eth1 essid Antrose 11g iwconfig eth1 eth1 IEEE 802.11b g ESSID Antrose 11g Mode Managed Frequency 2.437 GHz Access Point 00 15 E9 0C 87 7C Bit Rate 1 Mb s Tx Power 13 dBm Retry limit 8 RTS thr 2347 B Fragment thr 2346 B Encryption key off Power Management off Link Quality 83 100 Signal level 60 dBm Noise level 93 dBm Rx invalid nwid 0 Rx invalid crypt 0 Rx invalid frag 1441 Tx excessive retries 44 Invalid misc 11220 Missed beacon 0 code pre li Done. li ol Ref http anemospring.blogspot.com.es 2011 03 android wireless tools.html a ", "upModVotes": 5, "answerScore": "5", "id": 25795, "authorUsername": "Alberto Urbina"}