{"username": "A\u029f \u1d07", "accepted": 0, "subtitle": "", "views": 4276, "tags": "<samsung-galaxy-s-3><bluetooth><linux><file-transfer>", "userId": "267", "userReputation": 17484, "title": "", "downModVotes": 0, "authorUserId": 0, "answer": "I show the setting under Settings Wireless amp networks More... Cell broadcasts code pre with three options to choose from Show extreme threats li Show severe threats li Show AMBER alerts li ol Android 4.1.1 Galaxy Nexus ", "upModVotes": 0, "answerScore": "0", "id": 41608, "authorUsername": 0}