{"username": "Logos", "accepted": 0, "subtitle": "I have an old Motorola Droid that is no longer subscribed on any Verizon service. I still use it for things like web browsing ebooks and along with some wireless stereo headphones music. I've already turned off 3G data usage EVDO by disabling a the Enable data code option under Mobile network code settings. However when I turn off the cell radio CDMA bluetooth is also disabled a . I first observed this problem on the stock Android 2.2 firmware. Now my phone is rooted running on an Android 2.2 based firmware CyanogenMod 6 . Why disable the cellular radio? strong Simply put I want to turn it off because I don't use it. Moreover it uses battery life and cpu time even if relatively small amounts I've tried two different methods of disabling the cellular radio but both ended up doing the same thing Turning on Airplane mode code then re enabling Wi Fi. This has the expected consequence of also disabling bluetooth. li Using the Phone Info a menu by dialing INFO code 4636 and pressing Turn off radio code . This actually just turns on Airplane mode code li ul As you can see even though Wi Fi does stay on Airplane mode code disables bluetooth. The headphones won't sync until I turn off Airplane mode code which of course turns the cell radio back on. In both cases Airplane mode code is enabled so bluetooth gets disabled. But now that the device is rooted I should be able to disable the cellular radio without using Airplane mode code at all. How can I do that? ", "views": 30015, "tags": "<2.2-froyo><wi-fi><settings><bluetooth><battery>", "userId": "9160", "userReputation": 3467, "title": "How do I turn off the cellular radio without disabling bluetooth?", "downModVotes": 0, "authorUserId": "3183", "answer": "Actually the INFO code 4636 method DOES work. While the control is greyed out under wireless settings the taskbar icon still shows BT connectivity and I have tested and confirmed that BT is still active on my og Droid. ", "upModVotes": 3, "answerScore": "3", "id": 15048, "authorUsername": "brianbaligad"}