{"username": "Zuul", "accepted": 0, "subtitle": "", "views": 2606, "tags": "<usb><ssh>", "userId": "16265", "userReputation": 8332, "title": "", "downModVotes": 0, "authorUserId": 0, "answer": "FTPServer a h1 It's available from Google Play Store a free of charge. I'm able to connect to my phone from Windows Linux and MAC visualize my entire device contents performing download and upload operations. The best part is you don't need to use USB. Just set the mount point default dir to code and you're good to go. Note strong Some operations require ROOT as to fully manipulate files like system files. Features h2 UTF 8 support li Restrict connections to selected wireless networks li Access while on 3G if supported by the mobile network li Restrict access to specific folder li Verbose log output to trace connections access and help in error solving li Remote shutdown with custom SITE SHUTDOWN command li ul blockquote Screen Shots h3 ", "upModVotes": 0, "answerScore": "0", "id": 26714, "authorUsername": 0}