{"username": "TJ1", "accepted": 0, "subtitle": "I go running in the morning and I'd like to use the Sony Internet TV in the basement without waking up my family. Is there any way to connect my Galaxy Nexus to the TV as a wireless headphone set so that audio streams from the TV to my phone? My TV model is the Sony HX929. ", "views": 1898, "tags": "<samsung-galaxy-nexus><headphones>", "userId": "35123", "userReputation": 101, "title": "How to use Android Device as Wireless Headphones for TV?", "downModVotes": 0, "authorUserId": "29452", "answer": "I know this app on the Google play Wireless Headphone strong a that does exactly what you want. You need a 3.5mm to 3.5mm audio cable and connect your TV's headphone output to your laptop microphone input. And then you can listen to the audio on your Android phone. ", "upModVotes": 0, "answerScore": "0", "id": 46518, "authorUsername": "user29452"}