{"username": "Denner", "accepted": 0, "subtitle": "", "views": 51704, "tags": "<usb><connection-issues><mac-os-x>", "userId": "18899", "userReputation": 21, "title": "", "downModVotes": 0, "authorUserId": 0, "answer": "ICS has issues on some devices with Wireless N. My Acer A500 works properly but my 2 Xperia phones kill my router instantly if I use the N draft protocol. So try deactivating N draft mode in your Android device or your router then it sohuld work. ", "upModVotes": 2, "answerScore": "2", "id": 28813, "authorUsername": 0}