{"username": "Huey", "accepted": 0, "subtitle": "I've never rooted android before as I considered it too risky for the device I'm actually using but I just realized I have an older android phone a GT I5800 sitting around so I thought I might as well make use of it. So I have been searching around for what I could do with it but most questions ask this from the perspective of actually having a phone you use for calling people so I thought it might help me if I asked what people would recommend for me. My perspective I'm a PhD student in physics I work on Ubuntu on my laptop and various linux distros on large university clusters I have a Galaxy Note 10.1 tab and a Galaxy S advance beside the above mentioned gt I5800 I can code in python and c . What I would be interested in and anything else that might come to the mind of those more at home in the subject being able to access it through wireless to run stuff from my other android and laptop ssh? li having on OS on it that does the bare minimum needed to access all the devices on the phone turning them on or off too and to run code if possibly retaining the ability to use it as phone i.e. dualboot or some thing that has a minimum running mode and an I'm a phone now mode li using it as a mini server li anything that seems like fun from a geeky point of view li ul ", "views": 89, "tags": "<os>", "userId": "51249", "userReputation": 864, "title": "What to make of my unused GT I5800", "downModVotes": 0, "authorUserId": "51246", "answer": "Being able to access it wirelessly try a vnc a app or AirDroid a ? Mini Server Check out Servers Ultimate a Apart from that maybe try using it as a torrenting machine a or a security camera a . ", "upModVotes": 2, "answerScore": "2", "id": 61515, "authorUsername": "fbence"}