{"username": "Chance", "accepted": 0, "subtitle": "Testing my new Motorola Triumph the last couple of days I've noticed issues with the Wi Fi. Aside from connection attempts to the 802.1x EAP network at school causing reboots a known problem with the Triumph's software and or wireless chipset I've run into a problem where if I walk between buildings it won't reconnect automatically. When I go into the Wi Fi settings the network is Disabled presumably because there were issues reconnecting while I was outside on the sidewalk. My LG Optimus V never had this problem I used it all semester and it always reconnected within a minute or two of settling into a new room. It occasionally disabled the network but I can count those occurrences on one hand in decimal . The Triumph did it half a dozen times in one day. I change buildings a lot. Is this something that can be fixed? Perhaps by rooting and tweaking some system settings file s ? If I can work out most of the software issues by tweaking the phone myself I'll live with the few that will undoubtedly be unfixable without an update from Motorola. Meanwhile I've tested with the insecure campus network. The unauthenticated network reconnected within 30 seconds of my entering a new building. How fortunate that IT maintains a network that dumb devices can use for Internet access. Note I have no desire to use a custom ROM unless it fully supports all strong the features of the phone. That includes HDMI output and the ability to have Wi Fi amp Bluetooth turned on simultaneously without pegging the CPU. Unfortunately that lets out ever using CM7 unless those known issues are fixed. em ", "views": 392, "tags": "<2.2-froyo><wi-fi><motorola-triumph>", "userId": "3415", "userReputation": 1287, "title": "Walking between Wi Fi access points causes network to be disabled", "downModVotes": 0, "authorUserId": "3902", "answer": "Try changing your WiFi sleep settings. While I don't know specifically how Motorola works if it's anything like Samsung if you hit the menu button and go to Settings gt Wireless and Network gt Wi Fi settings code then hit your Menu button and select Wi Fi sleep policy. code If it isn't on the setting already change it to When screen turns off code . What I have found is that when I have my sleep policy set to Never I have issues when I get home from work. It's almost like the Wi Fi doesn't know that it should look for a new network but whenever the Wi Fi sleeps and comes back up it will find the network. ", "upModVotes": 0, "answerScore": "0", "id": 19477, "authorUsername": "dgw"}