{"username": "Zooks64", "accepted": 0, "subtitle": "", "views": 3641, "tags": "<cyanogenmod><samsung-galaxy-s-3><data-connection><signal>", "userId": "9052", "userReputation": 854, "title": "", "downModVotes": 0, "authorUserId": 0, "answer": "I have three Droid Incredibles that we have replaced with different phones. The play store still works on all of them. Check out this post for the most recent Google Play apk a and side load it. If that doesn't work I would recommend doing a factory reset. It seems like your system has gotten confused. Alos look into Airplane Mode Wifi a app to keep your wireless radio off but leave your wifi on. ", "upModVotes": 1, "answerScore": "1", "id": 44016, "authorUsername": 0}