{"username": "mikma", "accepted": 0, "subtitle": "", "views": 1021, "tags": "<usb><usb-host-mode><usb-on-the-go>", "userId": "22980", "userReputation": 11, "title": "", "downModVotes": 0, "authorUserId": 0, "answer": "adbWireless is a great debugging tool if you can't use the USB port. It requires a rooted device. Connect with adb as shown on screen and use adb as usuallty. https play.google.com store apps details?id siir.es.adbWireless amp hl en a ", "upModVotes": 1, "answerScore": "1", "id": 32524, "authorUsername": 0}