{"username": "user931", "accepted": 0, "subtitle": "", "views": 950, "tags": "<wi-fi><internet><connection-issues><networking>", "userId": "3303", "userReputation": 10029, "title": "", "downModVotes": 0, "authorUserId": 0, "answer": " Grab MAC address of Wi Fi adapter of device. Go to Settings code Wireless and Network code Wi Fi Settings code and tap press options key. Then tap Advanced code . Here you can get MAC address. The method can vary based on firmware. li Look up this MAC address at http www.techzoom.net tools check mac.en a or http www.coffer.com mac find a . If device isn't legitimate you can detect here. li ol ", "upModVotes": 1, "answerScore": "1", "id": 27542, "authorUsername": 0}