{"username": "adamo", "accepted": 0, "subtitle": "", "views": 5537, "tags": "<wi-fi><usb><tethering>", "userId": "21062", "userReputation": 123, "title": "", "downModVotes": 0, "authorUserId": 0, "answer": "Try this for it happened to me and a Nexus 7. My wireless router had the option of having the network run in WPA WPA2 Personal or just WPA2. In WPA WPA2 the Nexus 7 was stuck in a loop connecting and disconnecting from the network. Switching this to WPA2 only solved the problem for my Nexus 7. It may help in your case too. ", "upModVotes": 1, "answerScore": "1", "id": 30423, "authorUsername": 0}