{"username": "shakalaca", "accepted": 0, "subtitle": "", "views": 12677, "tags": "<wi-fi><4.0-ice-cream-sandwich><samsung-galaxy-s-2>", "userId": "14858", "userReputation": 111, "title": "", "downModVotes": 0, "authorUserId": 0, "answer": "If you have WiFi access in your place and the tablet is rooted you can try adbWireless to see if adb runs well in your tablet. If it works then the problem may be your broken usb cable or usb connector. ", "upModVotes": 1, "answerScore": "1", "id": 22731, "authorUsername": 0}