{"username": "Edward Wilde", "accepted": 0, "subtitle": "", "views": 594, "tags": "<samsung-galaxy-s><tethering><wifi-tethering>", "userId": "6764", "userReputation": 159, "title": "", "downModVotes": 0, "authorUserId": 0, "answer": "I'm sure the list is long but i'll mention what I've found after a brief investigation and from other answers Syncness h1 http www.clayworldsoftware.com index.php syncness a Sync with multiple shares on your home or work network li Sync with mutilple Dropbox accounts li Two way file deletions li Sync when wifi network is detected thats very cool li Scheduled sync li ul Pros strong Syncing on detecting the wifi network li Doesn't require a server application running on a PC li Quite cheap 1.99 li ul Cons strong Doesn't do media conversion Missing sync does li ul Google Music h1 http music.google.com music a Pros strong Cons strong Only available to users in the United States Winamp h1 http www.winamp.com android a Seems possible to sync over wifi using both a winamp client on the phone and pc http blog.winamp.com 2010 11 30 wirelessly sync music to your android phone a Pros strong Free Missing Sync h1 http www.markspace.com products missing sync family.html a Pros strong Seems to have quite a comprehensive set of two way synchronization features. Supports wifi and multiple devices quite handy as I have an iphone as well Cons strong Cost 39.95 ", "upModVotes": 4, "answerScore": "4", "id": 11686, "authorUsername": 0}