{"username": "Zooks64", "accepted": 0, "subtitle": "", "views": 5048, "tags": "<google-play-store><wi-fi>", "userId": "9052", "userReputation": 854, "title": "", "downModVotes": 0, "authorUserId": 0, "answer": "My Verizon data widget was telling me numbers I couldn't believe. I went through a gigabyte over night and was at 3 gigabytes for the month most in the last 10 day of the cycle. I found the My Data Manager a app in the market and that told me which app was causing the problem. The app breaks down data by Wireless and Wifi and shows you how much data each app used. I LOVE this app. ", "upModVotes": 0, "answerScore": "0", "id": 16541, "authorUsername": 0}