{"username": "RossC", "accepted": 0, "subtitle": "", "views": 133, "tags": "<compatibility><headset><sony-smartwatch>", "userId": "40036", "userReputation": 4497, "title": "", "downModVotes": 0, "authorUserId": 0, "answer": "Unless the OEM has built in the option Samsung have for example you cannot change the device name without root a . The nexus 7 a does not have this option. On the Samsung Galaxy S4 for example you can go to Settings More About Device Device Name em and you can change it directly from there. For those with root su getprop net.hostname setprop net.hostname lt new hostname gt code pre Or simply download a build.prop editor app from the play store. a This requires Root also. WARNING Any changes to this file can stop your device from working or cause unexpected behaviour do so at YOUR OWN RISK. strong To change Hotspot name strong Go to Wireless amp Networks Tethering amp Portable hotspot. blockquote Then Tick the box next to Portable Wi Fi hotspot Tap Portable Wi Fihotspot settings and you can edit the Wi Fi network name and choose a password. blockquote blockquote Enter your name there ", "upModVotes": 3, "answerScore": "3", "id": 59148, "authorUsername": 0}