{"username": "user29077", "accepted": 0, "subtitle": "", "views": 33973, "tags": "<wifi-hotspot><htc-one-x><ad-hoc-networks>", "userId": "29077", "userReputation": 1, "title": "", "downModVotes": 0, "authorUserId": 0, "answer": "I have the same phone and got it to work on eduroam just now was actually googling for solutions when I managed to solve it myself . Was your problem also that you couldn't find the right part of the settings? Weirdly you need to first just try to connect any old how so it's saved as a network you use and then long press on it and choose modify network . This time you get a much longer list of options and can choose PEAP etc as in the university instructions at least my university instructions work http www.oucs.ox.ac.uk network wireless services eduroam android a and I believe the point of the network is that you only need to set it up once. However I'm already on the 4.1.2 update. If you still can't get on you could check if the OTA is available for you yet all settings about phone system updates . ", "upModVotes": 0, "answerScore": "0", "id": 40295, "authorUsername": 0}