{"username": "Getch", "accepted": 0, "subtitle": "", "views": 950, "tags": "<wi-fi><internet><connection-issues><networking>", "userId": "18043", "userReputation": 46, "title": "", "downModVotes": 0, "authorUserId": 0, "answer": "The spec sheet a lists compatibility as Wireless Internet WiFi 802.11 b g n WiFi Direct . If it has a 5 Ghz radio it should em list a strong b g n. Despite this there are plenty of discussions around the net about getting the Galaxy Tab to work on a 5 Ghz AP so your problem may be something else. ", "upModVotes": 2, "answerScore": "2", "id": 27498, "authorUsername": 0}