{"username": "eldarerathis", "accepted": 0, "subtitle": "Can the Droid Eris a be charged on a PowerPlate Wireless Induction Charging Base a ? ", "views": 247, "tags": "<battery><charging><droid-eris>", "userId": "981", "userReputation": 31761, "title": "Can the Droid Eris be charged on a PowerPlate Wireless Induction Charging Base?", "downModVotes": 0, "authorUserId": "690", "answer": "The product description on Brookstone's site a and the Amazon one mentions this too seems to indicate that you can't. They specifically list that there are receivers for iPhone 3G 3GS and Blackberry Curve 8900. You can't charge something without the receiver case so if they don't make one for the Eris which it appears they do not then it won't work. That being said you could always stop by or call your local Brookstone and ask I suppose. ", "upModVotes": 5, "answerScore": "5", "id": 3548, "authorUsername": "leeand00"}