{"username": "Aditya Somani", "accepted": 0, "subtitle": "", "views": 23, "tags": "<nexus-4><wifi-hotspot>", "userId": "54915", "userReputation": 258, "title": "", "downModVotes": 0, "authorUserId": 0, "answer": "I think the issue is that you have the wrong APNs. You can try going into System Settings More.. Wireless and Networks Mobile Network Settings Access Point Names strong and Press the settings button. This should show the settings menu for the APNs and should have a Reset to Default strong option. Click that and wait for 2 3 minutes. It should start working again hopefully. ", "upModVotes": 0, "answerScore": "0", "id": 66094, "authorUsername": 0}