{"username": "Zuul", "accepted": 0, "subtitle": "I just moved our network access point to a different subnet which has a different default gateway . After the change all the laptop computers adjusted without much issue some XP computers needed the repair option run on the connection . However none of the Android phones have Internet access anymore. They can connect to the wireless access point without a problem but they can't access the Internet. This only seems to happen on the Android phones. I am wondering if maybe it remembers the old settings and isn't picking up the new default gateway? What can I do to fix this? ", "views": 950, "tags": "<wi-fi><internet><connection-issues><networking>", "userId": "16265", "userReputation": 8332, "title": "Android phone has Wi Fi troubles after subnet change", "downModVotes": 0, "authorUserId": "17635", "answer": "Most likely the device is still hanging out to the old network configuration and needs to be adjusted or cleared. There are a couple of methods that can be used to accomplish this. Lets start from the simplest Reset the device Wi Fi connection strong . Simple Wi Fi connection reset by turning off wireless and then turning it back on Tap the Menu button on your device li Tap Settings li Tap Wireless and Network li Tap Wi Fi settings li In the new screen uncheck Wi Fi to turn it off li After Wi Fi is turned off tap the entry again to turn it back on. li ol Test your connection to confirm if this worked. If not continue to the next options. li Forget about the network strong You can have your device forget the network and then re add it but for this to be possible it needs to get out of range of the network then From the previous location long press the network you want to forget li Tap over Forget Network li Get back within range wait for the network to show up li Enter the network password to join. li ol At this point your device should have a new address and be working. li Advanced Wi Fi settings strong At this point is clear that you need to confirm all settings for your Wi Fi connection Tap the Menu button on your device li Tap Settings li Tap Wireless and Network li Tap Wi Fi settings li Tap the Menu button again li Tap Advanced li ol From here you can confirm all the settings one by one and make sure they match your network requirements Use static IP address Network Gateway Netmask DNS1 and DNS2. li ol ", "upModVotes": 0, "answerScore": "0", "id": 26823, "authorUsername": "Daniel"}