{"username": "trejder", "accepted": 0, "subtitle": "", "views": 527, "tags": "<2.3-gingerbread><adb>", "userId": "20449", "userReputation": 405, "title": "", "downModVotes": 0, "authorUserId": 0, "answer": "What version of Android you currently have on your Nexus device? I have I think exactly the same device as you ASUS Nexus 7 II 2013 LTE and three days ago it was upgradred from 4.3.0 code to 4.4.2 KitKat code I issued manual upgrade by connecting to WiFi network and going to Settings gt About phone gt System Updates code . After upgrade option you're referring to Settings gt Wireless amp networks gt More gt Mobile Networks gt Use only 2G networks code has been changed to Preferred network code with options 4G code 3G code and 2G code . Now you can fully control which kind of network your tablet access and you can limit it to use only 3G code networks second option which has full fallback to 2G code network if 3G code one isn't accessible in your area. ", "upModVotes": 1, "answerScore": "1", "id": 62637, "authorUsername": 0}