{"username": "GAThrawn", "accepted": 0, "subtitle": "", "views": 5242, "tags": "<wi-fi><audio><windows><streaming>", "userId": "156", "userReputation": 20128, "title": "", "downModVotes": 0, "authorUserId": 0, "answer": "WIFI PPPOE a by cnDDU a is an app that allows you to make a PPPoE connection from your phone over a wireless connection ...main purpose is for user to make PPPOE connection via WIFI e.g. dialing through ADSL Modem with user name and password provided by some internet ISPs. This app makes the Android devices be able to connect to Internet directly via PPPOE dialing through WIFI and no need for another WIFI Router any more. blockquote Note that a rooted phone with Busybox installed is required to use this app. There are also a number of other similar apps available in the Play Store a now some free some not. They all currently seem to require a rooted phone. answer rescued from deletions em ", "upModVotes": 8, "answerScore": "8", "id": 21876, "authorUsername": 0}