{"username": "Compro01", "accepted": 0, "subtitle": "", "views": 26714, "tags": "<nexus-7><usb-drivers><4.3-jelly-bean>", "userId": "23562", "userReputation": 4033, "title": "", "downModVotes": 0, "authorUserId": 0, "answer": "Yes. They're called Wireless Emergency Alerts a part of the Emergency Alerts System a . There was a thing in California a earlier this year over the first use of the system giving utterly irreverent information sending the alert to people hundreds of miles from the event presumably due to poor implementation. ", "upModVotes": 2, "answerScore": "2", "id": 54429, "authorUsername": 0}