{"username": "pyko", "accepted": 0, "subtitle": "", "views": 5189, "tags": "<wi-fi><2.2-froyo><connection-issues><huawei-u8800>", "userId": "3065", "userReputation": 967, "title": "", "downModVotes": 0, "authorUserId": 0, "answer": "You can turn 3G data back on through 'Settings'. Go to 'Settings' li Go to 'Wireless amp Networks' li Somewhere near the bottom should be 'Mobile Network' enable it li ol Now you're phone should have both 3G and WiFi enabled. If it can connect to a WiFi it'll use WiFi otherwise it'll fall back to use 3G. edit as Seth pointed out below these instructions may differ slightly between android phones but should be relatively similar . Instructions above are for the HTC Desire. ", "upModVotes": 2, "answerScore": "2", "id": 8390, "authorUsername": 0}