{"username": "Silveri", "accepted": 0, "subtitle": "", "views": 18126, "tags": "<samsung-galaxy-s><proxy>", "userId": "15610", "userReputation": 131, "title": "", "downModVotes": 0, "authorUserId": 0, "answer": "The best and simplest idea in the long run would be to get a wireless broadband router that also supports ethernet wired networking . Your pc can still use cables and your android phone just connects to it using wi fi. Without a wi fi router you still have a few more options that work with Windows as long as your pc has wi fi which you can get using a simple USB network card that costs less than 20 USD . In this case you have a few options in order of recommendation Use software to turn your pc into a wifi router that shares it's internet connection. Instructions are available here a . li Setup an ad hoc network with Windows and then root your android phone to enable it to see ad hoc networks using the instructions found here a . li Use Wi fi Direct which is a new protocol that'll work with Android 4.0 and Windows 8 not very helpful I know . li ol ", "upModVotes": 0, "answerScore": "0", "id": 23752, "authorUsername": 0}