{"username": 0, "accepted": 0, "subtitle": "I rooted my Droid and got Froyo working on it Bugless Beast . What is the best way to enable Wifi Hotspot on this thing? I tried an app Wireless Tether which allows me to connect my Mac via Wifi but it doesn't assign a valid IP address to it. ", "views": 874, "tags": "<wi-fi><2.2-froyo><motorola-droid><tethering><wifi-hotspot>", "userId": null, "userReputation": 0, "title": "Activating wifi hotspot tethering on a Verizon Droid with Froyo 2.2", "downModVotes": 0, "authorUserId": null, "answer": "That app is really your best and maybe only choice. Try resetting or maybe reinstalling the Wireless Tether app and try again. If that doesn't work you may need to set a manual IP on your Mac. ", "upModVotes": 2, "answerScore": "2", "id": 1006, "authorUsername": 0}