{"username": "Daniel.Saez", "accepted": 0, "subtitle": "", "views": 753, "tags": "<tethering><wifi-tethering><usb-tethering>", "userId": "34965", "userReputation": 11, "title": "", "downModVotes": 0, "authorUserId": 0, "answer": "I performed two steps to fix the issue Settings Wireless amp network settings Wi Fi settings click menu button and select Advanced Select Wi Fi sleep policy Select Never. li Dial 526 code for WLAN Diagnostics. This will reload the Wi Fi driver I tried this before without step 1 and it rebooted my mobile . li ol ", "upModVotes": 1, "answerScore": "1", "id": 46379, "authorUsername": 0}