{"username": "Webs", "accepted": 0, "subtitle": "", "views": 7895, "tags": "<networking><root-access>", "userId": "316", "userReputation": 1020, "title": "", "downModVotes": 0, "authorUserId": 0, "answer": "I've noticed this with Dolphin as well but in my findings it is not actually refreshing the page rather I think it is reloading the cached content of the page. I'm pretty sure this is whats going on because at work we have a guest wireless system that requires authentication. When I connect my phone to it and browse I have to login with credentials at a landing page. This page doesn't come up right away after opening Dolphin browser even though I sit and wait for Dolphin to load up the page. I have to hit refresh and then I am redirected to the landing page to login. I hunted for a cache setting that may improve this annoyance but didn't find one. We might have to wait for an update to the app. Update This should HELP solve the problem for root users I say help because there still may be some refreshing that occurs. The problem Android is set to offload the browser cache from memory to the local partition where apps are stored when you leave the browser. This is because most android phones still don't have much space in the partition where apps and such are installed. My Evo only has 400mb of space. My best guess is that Android was set to work this way because originally phones didn't have much space to work with. No that is becoming less of an issue. Possible Solutions For rooted users only Download Swapper2. From what I have read in other forums this makes a huge difference in how often the browser offloads cache to the local partition. And users have reported it makes a big difference. li Set Dolphin browser to store cache on the SD card. Maybe if the browser doesn't have to wait for cache to be shuffled around it wont refresh as much or if it does still refresh maybe it will take less time. li ol What did I do? I installed Swapper2 and wow. It really works. Now I can open Dolphin and not have to wait for refresh. Finally ", "upModVotes": 1, "answerScore": "1", "id": 1737, "authorUsername": 0}