{"username": "Cody Capella", "accepted": 0, "subtitle": "", "views": 8976, "tags": "<sync>", "userId": "2342", "userReputation": 197, "title": "", "downModVotes": 0, "authorUserId": 0, "answer": "DoubleTwist strong lets you sync your phone's music library with your music on your computer from iTunes and Windows Media Player as well I believe either by plugging it into your computer's USB port or by syncing wirelessly over the air though the wireless feature costs a little bit . You can find it at http www.doubletwist.com a and in the Android Market at https market.android.com details?id com.doubleTwist.androidPlayer a . Another option is to sync your collection wirelessly using Google Music strong though you can only stream em your music using it or download it and play it only using the Music app cannot be played by other media players on your phone . Google Music is free for up to something like 20 000 songs and it backs up all your music that you have on your computer or that you purchase from the Android Market both to your phone and your computer. ", "upModVotes": 3, "answerScore": "3", "id": 18037, "authorUsername": 0}