{"username": "jlehenbauer", "accepted": 0, "subtitle": "", "views": 2079, "tags": "<2.3-gingerbread><wi-fi>", "userId": "6052", "userReputation": 8301, "title": "", "downModVotes": 0, "authorUserId": 0, "answer": "This depends on the features that come with your Droid X as they may be slightly different than other brands of Android phones. On my phone Cyanogenmod 7.1 Gingerbread there is a setting under Menu gt Settings gt Call Settings gt Blacklist code and another forum user a says in Android 2.1 there is an option under Menu gt settings gt call settings gt all calls gt auto reject code . Others a say in some contacts applications you can long press a contact and choose to block them specifically. Another good solution is to use Google Voice a to handle calls and voicemail and such. It's not built in to begin with but it's a Google service so like second party. Although In ICS you can specify a reject list that matches certain criteria Start with Ends with Includes Exactly the same as . This way you could specify Start with 1 800 and it would reject all calls that start with 1 800. blockquote according to a post on this forum a . So if you're using an ICS ROM you may be in luck as most here are skeptical a about the Droid X getting an official ICS update. ", "upModVotes": 5, "answerScore": "5", "id": 24547, "authorUsername": 0}