{"username": "t0mm13b", "accepted": 0, "subtitle": "", "views": 318, "tags": "<4.0-ice-cream-sandwich><networking>", "userId": "4003", "userReputation": 12307, "title": "", "downModVotes": 1, "authorUserId": 0, "answer": "This depends on two factors. Settings strong Wireless amp Network settings strong Mobile networks strong li Data enabled strong if that's checked all internet data goes through the telephony layer and treated as internet data. li ul The other spot is in Settings strong Accounts amp Sync Settings strong Background data strong and Auto sync strong are checked it will chew up the bandwidth provided Data enabled em is checked from the previous spot above Then yes data charges will increase. ", "upModVotes": 0, "answerScore": "-1", "id": 47119, "authorUsername": 0}