{"username": "Mark", "accepted": 0, "subtitle": "", "views": 271, "tags": "<wi-fi><networking><wifi-tethering><usb-tethering>", "userId": "16574", "userReputation": 111, "title": "", "downModVotes": 0, "authorUserId": 0, "answer": "It Could be a 3rd party messaging app or data roaming notifications. You could try turning off data roaming and see if you get any phantom notifications. Menu Settings Wireless and network mobile networks Settings may be different in Gingerbread from what is above ", "upModVotes": 1, "answerScore": "1", "id": 26380, "authorUsername": 0}