{"username": "ce4", "accepted": 0, "subtitle": "", "views": 950, "tags": "<wi-fi><internet><connection-issues><networking>", "userId": "15713", "userReputation": 12542, "title": "", "downModVotes": 0, "authorUserId": 0, "answer": "Your charger is fine. Only your phone is running hot due to heavy usage. Your phone has a few components that dissipate heat if heavily used The processor strong when used heavily by an app yours has 2 cores li The graphics strong chip when your app uses OpenGL also for screen composition li The display strong when lit depending on the brightness li The battery strong itself when charged or discharged heavily li The modem strong also needs rather much power for 3G 4G LTE data transfers li ul If this all above leads to a high battery temperature a safety mechanism kicks in for security reasons LiIon battery technology needs this supervision you may have heard of burning em or exploding em consumer tech Reasons It's mostly a mix of all things above. Maybe it's also a bad programmed app requires too much computation keeps CPU awake etc. . What you can do lower screen brightness li underclock your CPU via SetCPU a li Is Force GPU rendering em in the developer settings enabled? If so disable. li Try another app or file a bug report for waze maybe li Does the app work also when the screen is off I'm not sure what it does maybe it has speech output that doesn't require you to look at the screen li maybe it's due to your model I heard the i9100G generates more heat li Switch to 2G only em in the mobile networks settings Settings Wireless amp networks more Mobile networks Use only 2G networks strong saves battery li ul ", "upModVotes": 5, "answerScore": "5", "id": 26999, "authorUsername": 0}