{"username": "Matthew Read", "accepted": 0, "subtitle": "", "views": 3300, "tags": "<bluetooth><tethering><bluetooth-tethering>", "userId": "1465", "userReputation": 43905, "title": "", "downModVotes": 0, "authorUserId": 0, "answer": "You can't. The Tab doesn't have an ethernet jack and doesn't support it anyways. If you don't want to get yourself a wireless router you can set up a WiFi network through a computer with a WiFi card. There's a guide on LifeHacker a on this for Windows 7. The basics Connect your PC to the wired network li Create an ad hoc network on the PC you'll want to encrypt it li Enable ICS Internet Connection Sharing li Connect the Tab to the WiFi network broadcast by the PC li ol If you have trouble getting the PC portion to work you should ask how to get it working on Super User a since they handle PC stuff like this. ", "upModVotes": 4, "answerScore": "4", "id": 13585, "authorUsername": 0}