{"username": "Matthew Read", "accepted": 0, "subtitle": "", "views": 265, "tags": "<2.2-froyo><bluetooth><att><htc-aria>", "userId": "1465", "userReputation": 43905, "title": "", "downModVotes": 0, "authorUserId": 0, "answer": "I think it's probably best to do a factory reset and see if that helps. However you could try going to Settings gt Wireless and network gt Mobile Networks code and experimenting. I recommend shutting off roaming and making sure Network mode is on Auto. ", "upModVotes": 1, "answerScore": "1", "id": 7282, "authorUsername": 0}