{"username": "GAThrawn", "accepted": 0, "subtitle": "", "views": 3090, "tags": "<4.0-ice-cream-sandwich><usb><usb-peripherals><game-controllers>", "userId": "156", "userReputation": 20128, "title": "", "downModVotes": 0, "authorUserId": 0, "answer": "Selected excerpts from the official Android 4 Platform Highlights a document The biggest changes will be for phones upgrading from Gingerbread to Ice Cream Sandwich rather than for tablets upgrading from Honeycomb as a lot of the new UI features were introduced in Honeycomb. li The UI change is a big difference and brings Honeycomb's Recent Apps button for easier access to multi tasking to the main line Android platform along with the System bar that it sits on. li The standard Lock Screen now has quick access to the Camera and Notifications and there will be album art and controls for music playing in the Music app on the lockscreen. li When an incoming call arrives users can now quickly respond by text message without needing to pick up the call or unlock the device. li Improved text input and spell checking on the standard Android 4 keyboard li Android 4.0 introduces a powerful new voice input engine that offers a continuous open microphone experience and streaming voice recognition. li To meet the needs of users with tiered or metered data plans Android 4.0 adds new controls for managing network data usage. li Enhanc ing the accessibility of Android 4.0 for blind or visually impaired users. Most important is a new explore by touch mode that lets users navigate without having to see the screen. li A new People app that offers richer profile information including a large profile picture phone numbers addresses and accounts status updates events stream items and a new button for connecting on integrated social networks. li The user's own contact information is stored in a new Me profile allowing easier sharing with apps and people. li an updated Calendar app brings together personal work school and social agendas. li a new visual voicemail features integrates incoming messages voice transcriptions and audio files from one or more providers. li The Camera app includes many new features... continuous focus zero shutter lag exposure... Stabilized image zoom... users can now take snapshots at full video resolution just by tapping the screen as video continues to record... built in face detection locates faces in the frame and automatically sets focus... single motion panorama mode... li Redesigned Gallery app with photo editor li Live Effects for transforming video li instantly sync and manage Google Chrome bookmarks from all ... accounts li Android Beam for NFC based sharing requires NFC hardware integrated into the device li Face Unlock li Wi Fi Direct lets users connect directly to nearby peer devices over Wi Fi li built in support for connecting to Bluetooth Health Device Profile HDP devices... users can connect to wireless medical devices and sensors in hospitals fitness centers homes and elsewhere li ul blockquote Also your manufacturer Asus may have added or updated their own specific software and some of the new features may only be available if your manufacturer hasn't customized replaced the original Android app. ", "upModVotes": 2, "answerScore": "2", "id": 20015, "authorUsername": 0}