{"username": "aggregate1166877", "accepted": 0, "subtitle": "", "views": 3641, "tags": "<cyanogenmod><samsung-galaxy-s-3><data-connection><signal>", "userId": "23978", "userReputation": 341, "title": "", "downModVotes": 0, "authorUserId": 0, "answer": "I got it done via iptables. First open the terminal run su code and type ip route show code . This will show which interfaces are currently being used. In my case I had wlan0 code for the wireless hotspot and rndis0 code for the usb tether. Second run the following iptables commands replacing wlan0 code and rndis0 code with your actual interfaces iptables I FORWARD i rndis0 o wlan0 j ACCEPT code iptables I FORWARD i wlan0 o rndis0 j ACCEPT code This will cause the phone to forward the traffic between the two computers. To revert back to normal settings I simply restart my phone. ", "upModVotes": 1, "answerScore": "1", "id": 44008, "authorUsername": 0}