{"username": "gary", "accepted": 0, "subtitle": "", "views": 265, "tags": "<2.2-froyo><bluetooth><att><htc-aria>", "userId": "15", "userReputation": 5017, "title": "", "downModVotes": 0, "authorUserId": 0, "answer": "The following was added as an edit to the question. It seems like it should be an answer. Go to Setting Wireless amp Network Wifi settings code li Press Menu code button and select Advance code li Check Use Static IP code li Enter IP adress code Gateway code Netmask code and DNS Server 1 amp 2 code of associated with your LAN networks. li ol Eg. for me I use ip 192.168.1.100 code li gateway 192.168.1.1 code li DNS1 8.8.8.8 code li DNS2 8.8.4.4 code li ul ", "upModVotes": 1, "answerScore": "1", "id": 7305, "authorUsername": 0}