{"username": "SarkarG", "accepted": 0, "subtitle": "", "views": 318, "tags": "<4.0-ice-cream-sandwich><networking>", "userId": "36079", "userReputation": 141, "title": "", "downModVotes": 0, "authorUserId": 0, "answer": "To manually start and stop internet em Go to Settings gt Wireless and networks gt Mobile networks code strong and disable Mobile data code strong . This will stop internet connection through mobile network. Enable this to start internet again. To stop it permanently em Some application may start internet automatically So to prevent accidental internet consumption Create a new dummy Access Point Name code strong in Mobile networks code strong section and select that APN. So from next time your whenever you or any application try to connect to internet though mobile network it will try to connect though that dummy Access point and internet won't start. Internet will only work when you connect to WiFi. ", "upModVotes": 4, "answerScore": "4", "id": 47494, "authorUsername": 0}