{"username": "Matthew Read", "accepted": 0, "subtitle": "", "views": 1396, "tags": "<networking><internet><reverse-tether>", "userId": "1465", "userReputation": 43905, "title": "", "downModVotes": 0, "authorUserId": 0, "answer": "Settings gt Wireless and Network gt WiFi Settings code hit the Menu button and choose Advanced. However it appears this doesn't support user authentication. I can't find a solution online either . The question I marked as a duplicate may be of some assistance though your version of Android may be too old for any of this. ", "upModVotes": 0, "answerScore": "0", "id": 11751, "authorUsername": 0}