{"username": "George Ga\u00e1l", "accepted": 0, "subtitle": "", "views": 315, "tags": "<wi-fi><cyanogenmod><htc-mytouch-3g-slide>", "userId": "7235", "userReputation": 367, "title": "", "downModVotes": 0, "authorUserId": 0, "answer": " What software do I need to add to do this or can it be done with the built in software? blockquote All software for it is built in. Look through Setting gt Wireless amp networks code menu. There must be items like Portable Wi Fi hotspot code and Portable Wi Fi hotspot settings code ", "upModVotes": 1, "answerScore": "1", "id": 12449, "authorUsername": 0}