{"username": "Lie Ryan", "accepted": 0, "subtitle": "", "views": 829, "tags": "<wi-fi><samsung-nexus-s><networking>", "userId": "482", "userReputation": 17576, "title": "", "downModVotes": 0, "authorUserId": 0, "answer": "First be aware that you're transferring data over a wide area wireless device the range of 3G is much wider than Wifi therefore it is easier for an attacker to snoop on whatever your device is transmitting on 3G than on Wifi. The 3G GPRS only has a lightweight encryption to limit unnecessary use of CPU power and battery which is already scarce in mobile devices this encryption should never be relied upon. However applications can use its own encryption. I have not checked into it specifically but I would presume a that Google Checkout on Android does use SSL encryption which is widely accepted to be strong enough for doing online purchases. In short you should not need to worry about doing online purchases using Android Market. If you're doing purchases on other apps you should check whether they're using SSL or other strong encryption. Be aware that your banking details are being transmitted wirelessly it is trivial for anyone to record data that are transmitted using radio waves your only line of defense is SSL encryption which should strong hold attackers at bay long enough until your credit card expires. ", "upModVotes": 8, "answerScore": "8", "id": 12202, "authorUsername": 0}