{"username": 0, "accepted": 0, "subtitle": "", "views": 826, "tags": "<audio><headphones><bluetooth-audio>", "userId": null, "userReputation": 0, "title": "", "downModVotes": 0, "authorUserId": 0, "answer": "You can remove wifi networks under Settings Wireless Wifi long press on unwanted network remove. Some apps like the automatic hotspot login from the german Deutsche Telekom are adding SSIDs to the list of known networks. If you remove such an app the network is maybe not automatically removed. ", "upModVotes": 1, "answerScore": "1", "id": 67098, "authorUsername": 0}