{"username": "Zuul", "accepted": 0, "subtitle": "", "views": 2606, "tags": "<usb><ssh>", "userId": "16265", "userReputation": 8332, "title": "", "downModVotes": 0, "authorUserId": 0, "answer": "Every Android devices comes with many apps already installed. On one hand these are useful and enhance the functionality of your device. But on the other hand like in your case they are useless apps that use resources aren't available on the user's country and some times can't even be uninstalled and. This is better clarified below but it's all about deals that have been made... sup What apps come with the device? h2 Built in strong Almost every device comes with essential apps to allow the user to use the device instantly. Some examples are Browser Camera App Email Clock E mail Music Player. li Carrier Specific strong It's common to find apps to access the wireless carrier services either to entice you to subscribe or to access information about your account. li Google Own Apps strong Apps developed a by Google may or may not be pre installed in your device. This is decided by the device manufacturer or wireless carrier. One can always install or uninstall as desired. li Bloatware strong Wireless carriers or device manufacturers bundle sample apps as part of a deal made with vendors. Usually this app can't be uninstalled. li ul ", "upModVotes": 0, "answerScore": "0", "id": 26713, "authorUsername": 0}