{"username": "BrianCooksey", "accepted": 0, "subtitle": "", "views": 7895, "tags": "<networking><root-access>", "userId": "382", "userReputation": 1916, "title": "", "downModVotes": 0, "authorUserId": 0, "answer": "You can download applications over a wifi connection without any em phone plan. For example I recently removed an HTC Hero from my phone plan and was able to download applications to the phone over Wifi with no problem.... even though I could not make calls. Since Android is not limited to phones or devices with wireless data plans requiring a phone plan would not be possible for all Android devices. Additionally with competion in the works like Amazon's upcoming Android applications market a there will be too much disincentive for Google to require a monthly fee for market access. ", "upModVotes": 5, "answerScore": "5", "id": 2143, "authorUsername": 0}