{"username": "StriperQueen", "accepted": 0, "subtitle": "", "views": 1396, "tags": "<networking><internet><reverse-tether>", "userId": "8385", "userReputation": 11, "title": "", "downModVotes": 0, "authorUserId": 0, "answer": "Install MyAT amp T a app amp log into her online wireless account that should be see up on AT amp T website. Then check usage from there. It tells me my phone minutes text messages amp data. I use very little data as I am usually connected to Wi Fi but because I am on a limited data plan this app comes in handy. ", "upModVotes": 1, "answerScore": "1", "id": 13965, "authorUsername": 0}