{"username": "DarthNoodles", "accepted": 0, "subtitle": "", "views": 1162, "tags": "<bluetooth><battery-life><tethering><wifi-tethering>", "userId": "965", "userReputation": 862, "title": "", "downModVotes": 0, "authorUserId": 0, "answer": "I haven't looked into it much but perhaps you should check out Winamp. They have an android player in beta now that supports wireless and USB synchronization to a PC that is also running Winamp. The App is currently not available on PlayStore. You can download the apk from the official Winamp forums and download the app under the Android category Download WinAmp a Page ", "upModVotes": 1, "answerScore": "1", "id": 2956, "authorUsername": 0}