{"username": "P.K.VISHNU", "accepted": 0, "subtitle": "", "views": 426, "tags": "<linux><vnc><mouse>", "userId": "31471", "userReputation": 1, "title": "", "downModVotes": 2, "authorUserId": 0, "answer": "i had the same problem my phone switches off and on for about 20 25 times a day horrible isnt it well .. this is wat i did to over come this problem and it worked fine . go to settings wireless and network wifi settings using menu option choose advance settings wifi sleep policy select never press menu option and save strong .. have happy time ", "upModVotes": 0, "answerScore": "-2", "id": 42839, "authorUsername": 0}