{"username": "sickgemini", "accepted": 0, "subtitle": "", "views": 315, "tags": "<wi-fi><cyanogenmod><htc-mytouch-3g-slide>", "userId": "297", "userReputation": 2095, "title": "", "downModVotes": 0, "authorUserId": 0, "answer": "Check that the following setting is ticked Settings Wireless amp networks Mobile networks Data enabled Also verify that the access point name settings are correct and the correct access point is chosen. You should be able to find the details of what it should be on the Vodafone website. The settings are at Settings Wireless amp networks Mobile networks Access Point Names ", "upModVotes": 2, "answerScore": "2", "id": 12291, "authorUsername": 0}