{"username": "GAThrawn", "accepted": 0, "subtitle": " Possible Duplicate strong How does Google Maps estimate my location without GPS? a blockquote I was wondering how Google Maps on my Android phone can locate me with a good accuracy when my GPS is disabled. At first I though it was with the cell tower but I'm not sure it can achieve this precision and it is way better when the wireless is enabled. Experiment that i did. If GPS is OFF and Wifi is ON Perfect location li If Wifi is ON GPS OFF Still Perfect location li If Wifi is OFF and GPS is ON location is not precise. li ol Tested this with 5 6 Phones Any Idea why ? ", "views": 8865, "tags": "<gps><google-maps><geolocation>", "userId": "156", "userReputation": 20128, "title": "How can Google Maps accurately locate my phone when GPS is disabled?", "downModVotes": 0, "authorUserId": "14304", "answer": "Google have a huge database of the approximate locations of a large number of phone network cell towers and wifi access points all around the world. If your phone can see one or more known cell tower IDs or Wifi AP SSIDs then it can query Google's database to ask where that is and use that for your location. The cell network towers have a large range kilometers in some cases so that alone won't give a precise location. As Wifi is a very short range signal your phone can locate you very precisely using that particularly if you're also picking up Wifi signals of different strengths from neighbouring houses to triangulate from. All of the quoted sections below are from Google Maps Help Location based services a Because GPS is not always available and locations derived from cell towers arent very accurate Google and other Internet companies use publicly broadcast Wi Fi data from wireless access points to improve our location based services. By using signals from these access points your mobile device is able to fix its general location quickly without using too much power. blockquote ... Our Location Server uses only publicly broadcast Wi Fi information to estimate the location of a device The MAC Media Access Control address strong . This is a number that identifies computing devices whether PCs laptops tablets mobile phones or wireless access points interacting with a network. MAC addresses usually look like this 00 01 02 0A 0B 0C. The number is usually fixed for the life of the device. A MAC address tells you nothing about the owner or user of the equipment concerned. Its just a string of characters thats technically necessary for web pages and other content to be properly delivered to your device over the Internet. blockquote This data has been collected in two main ways as their Google Street View car drives around it always has a precise GPS fix at the same time it listens out for Wifi APs that broadcast their identity and records where it was when it picked them up and does the same for phone network cell towers in addition they crowd source the data from Google Maps users on mobile devices as the Google Maps users travel around with GPS enabled Google Maps will check which cell towers they're connected to and which wifi points they can see and periodically upload this information. Google Maps on an Android handset is an example of a reliable channel since we can be confident that the SSIDs and MAC addresses it sends as part of a location request havent been tampered with before being sent. So for example one way to ensure that your changed SSID is submitted to Google quickly open Google Maps on an Android Device with WiFi enabled and use the My Location feature a to establish a location fix in the vicinity of your WiFi access point. blockquote See also How does Android get the coarse location? a ", "upModVotes": 4, "answerScore": "4", "id": 21894, "authorUsername": "Yahoo"}