{"username": "Lie Ryan", "accepted": 0, "subtitle": "", "views": 11578, "tags": "<wi-fi><wifi-hotspot>", "userId": "482", "userReputation": 17576, "title": "", "downModVotes": 0, "authorUserId": 0, "answer": "If you have an unlocked phone I don't think there should be any problem. The SIM card for GoPhone is apparently just a regular prepaid SIM card and is not tied to the phone it is sold with. If the phone doesn't recognize the APN for 3G just go to Settings gt Wireless and Networks gt Mobile Networks gt Access point Names code and enter the appropriate access point settings manually. ", "upModVotes": 3, "answerScore": "3", "id": 19587, "authorUsername": 0}