{"username": 0, "accepted": 0, "subtitle": "i see this link a about enable wireless tools on android. but i can't understand the way he follow to enable tools on what terminal or adb shells for the device or on linux platform also from where can i have this directory mydroid external wireless tools directory code it is for the android device or for linux file directory ? and the compile and build from where ", "views": 657, "tags": "<wi-fi><linux><kernel><ad-hoc-networks>", "userId": null, "userReputation": 0, "title": "get wireless tools in Android devices?", "downModVotes": 0, "authorUserId": "29536", "answer": "Wireless Tools home page a has links to multiple versions including latest stable v29 a li latest beta v30 pre9 a li ul ", "upModVotes": 0, "answerScore": "0", "id": 41296, "authorUsername": "H.H"}