{"username": "Matthew Read", "accepted": 0, "subtitle": "I recently got a Galaxy Tab G from Verizon but I'm cheap so I only got the 1GB data plan. How do I know if the Tab is using the wireless connection I'm connected to or if it's still trying to use 3G to load data? Is there a setting or maybe a free app that I can get to tell me what apps are using what connection? I haven't explored much on the device itself so there may be something built in that I just haven't found yet... ", "views": 1212, "tags": "<2.2-froyo><samsung-galaxy-tab><data-connection>", "userId": "1465", "userReputation": 43905, "title": "Is my Samsung Galaxy Tab using wireless or 3G?", "downModVotes": 0, "authorUserId": "504", "answer": "In addition to Nanne's answer I believe Android also defaults to using WiFi when both connections are enabled. So if you have a WiFi network saved your phone will use it when you return so you don't need to keep checking. This assumes WiFi is enabled and there are no network problems of course . You can also shut off data use by going to Settings gt Wireless and network gt Mobile networks code and un checking Use packet data strong or similar. ", "upModVotes": 4, "answerScore": "4", "id": 7394, "authorUsername": "EJC"}