{"username": "Ian", "accepted": 0, "subtitle": "", "views": 838, "tags": "<tablet><tethering>", "userId": "4564", "userReputation": 150, "title": "", "downModVotes": 0, "authorUserId": 0, "answer": "I was able to get a fix by doing the following Remove any rubber case or any case for that matter as most of them affects the reception of the GPS transceiver li Go outside. Don't attempt to do this inside your house. li Go to Settings Location and turn on Use wireless networks and Use gps sattelites . Connect to your wireless network now li Download and install the GPS Status and Toolbox a app. li Launch the app. Press Menu Tools Manage A GPS state li Press Reset li Press Download li Reboot your phone Not sure if this is necessary . li Re launch the app make sure that both GPS and network are turned on li Leave your phone while the app is running in a place with clear line of sight for about an hour. li Watch a movie drink coffee whatever. Just leave it for an hour. li ol BTW You should see a few satellites after 30 seconds but without locks no long lat . After an hour you should get a lock if there is at least one satellite. After your first lock it will be faster a matter of seconds to a minute to get your next lock. And oh you no longer need to use wireless networks on your consecutive locks so you can just turn that off. Good luck ", "upModVotes": 1, "answerScore": "1", "id": 8586, "authorUsername": 0}