{"username": "geffchang", "accepted": 0, "subtitle": "", "views": 4107, "tags": "<networking><wifi-hotspot>", "userId": "5342", "userReputation": 14263, "title": "", "downModVotes": 0, "authorUserId": 0, "answer": "Based on my experience GPS always loses its accuracy after a few days. Its data becomes stale. What I would normally do is Use FasterFix a to make sure I am connecting to the NTP servers nearest me. Refer to this XDA list a for suggested NTP servers. You can also use FasterGPS a if you like I have no issues with either apps. li Use wireless networks Wi Fi or mobile network to help fix my location. In my Samsung Galaxy S4 this is in System settings gt More gt Location services gt Use wireless networks code . li Reset GPS data with GPS Test Plus a or its FREE version . When you do this make sure you are outside the building where are are no obstructions trees etc . li After some time I check Google Maps and see if my position has updated. li ul More often than not this will improve the accuracy of my GPS location. When I notice that my position is off I check those items I listed above. Also when you are inside buildings do not expect to get an accurate reading unless your phone has a really awesome i.e. POWERFUL GPS. ", "upModVotes": 0, "answerScore": "0", "id": 48442, "authorUsername": 0}