{"username": "franzlorenzon", "accepted": 0, "subtitle": "", "views": 12235, "tags": "<file-system>", "userId": "24350", "userReputation": 131, "title": "", "downModVotes": 0, "authorUserId": 0, "answer": "I have a Galaxy S2 and I resolved a similar problem using the phone just as a mass storage device and not using MTP following this tutorial from askubuntu a it worked nicely go to the settings li under Wireless and network click on More li select USB utilities li click the Connect storage to PC li ul Now you can plug in the USB cable and use USB mass storage. On more modern versions of Android you may need to click the More item in settings. This contains the USB Utilities item mentioned above. blockquote ", "upModVotes": 3, "answerScore": "3", "id": 34429, "authorUsername": 0}