{"username": "Matthew Read", "accepted": 0, "subtitle": "", "views": 28954, "tags": "<bluetooth><samsung-galaxy-tab><skype><bluetooth-pairing>", "userId": "1465", "userReputation": 43905, "title": "", "downModVotes": 0, "authorUserId": 0, "answer": "Android shuts of WiFi after a certain time by default sometimes as little as 15 seconds after the phone is locked. To change the timeout period go to Settings gt Wireless and network gt Wi Fi settings code pre Then press the menu button choose Advanced strong and change the Wi Fi sleep policy strong to Never . ", "upModVotes": 1, "answerScore": "1", "id": 3915, "authorUsername": 0}