{"username": "Chris_K", "accepted": 0, "subtitle": "", "views": 7895, "tags": "<networking><root-access>", "userId": "67", "userReputation": 557, "title": "", "downModVotes": 0, "authorUserId": 0, "answer": "I don't know about older versions of Android but from my 2.1 version it is pretty straight forward. From the Home screen go to Settings and tap Wireless and Networks. Then VPN Settings and Add VPN and follow the prompts from there. ", "upModVotes": 2, "answerScore": "2", "id": 2196, "authorUsername": 0}