{"username": "Sid", "accepted": 0, "subtitle": "", "views": 4487, "tags": "<connection-issues><wifi-hotspot><usb-tethering>", "userId": "23379", "userReputation": 3504, "title": "", "downModVotes": 0, "authorUserId": 0, "answer": "If you do not mind transferring files wireless ly you can always go for an option like WiFi file transfer a as explained in this answer a . You can try updating the MTP drivers of your PC and installing device drivers if any. ", "upModVotes": 0, "answerScore": "0", "id": 49805, "authorUsername": 0}