{"username": "Izzy", "accepted": 0, "subtitle": "", "views": 2132, "tags": "<google-play-store><apk>", "userId": "16575", "userReputation": 64318, "title": "", "downModVotes": 0, "authorUserId": 0, "answer": "Before doing so I'd consider two more things Finding the real cause h2 High WiFi usage is not caused by WiFi itself standby but most likely by another app constantly requesting it to stay awake . So first check How to deal with orphaned WakeLocks? a which also deals with this. Checking your WiFi standby policy h2 In Settings rarr Wireless amp Networks rarr WiFi em when pressing the menu button an item named Advanced appears. Tap that to go into the advanced settings and check the Wifi Standby Policy em . There are 3 options available Always WiFi stays awake even when the display is turned off. Useful if you're streaming music. li Only when connected Only when a power source is connected i.e. the device is charging as in that case the battery consumption usually is not an issue. li Never WiFi goes to standby as soon as the display is turned off. li ul WiFi managing tools h2 If this requirement still is present after thoroughly checking above two points there are multiple options available in this section enough to fill at least a small book. First there are tools like e.g. JuiceDefender a or GreenPower a dealing not only with WiFi and mobile networks but covering a lot more energy saving stuff. Other interesting tools might include WifiBatt a and many others just check the related apps on their playstore pages or use Mapsaurus a to find similar apps. ", "upModVotes": 3, "answerScore": "3", "id": 39924, "authorUsername": 0}