{"username": "eldarerathis", "accepted": 1, "subtitle": "I currently have a Nexus S with Gingerbread. I'm planning to travel oversea and I want to disconnect my phone from my cell phone provider but still be able to use the Nexus for wireless access at airports or hotels. Is there a way to achieve that in the OS without having to remove the SIM card? ", "views": 104, "tags": "<2.3-gingerbread><calls>", "userId": "981", "userReputation": 31761, "title": "How do I do the equivalent of removing the SIM card in Gingerbread?", "downModVotes": 0, "authorUserId": "3880", "answer": "The easiest solution is to simply use airplane mode. The wifi chip still works but the cell radio will be turned off so you have no voice SMS or cellular data capabilities. This will be in your settings somewhere probably Settings gt Wireless and Networks gt Airplane mode code . You may need to explicitly re enable your wifi after turning on Airplane Mode ex my phone disables wifi at first but I can just turn it back on . Some phones also allow you to toggle airplane mode from the power menu but I don't know if this is a standard feature of the Android OS. ", "upModVotes": 3, "answerScore": "3", "id": 14273, "authorUsername": "Thierry Lam"}