{"username": "sokol", "accepted": 0, "subtitle": "I have three devices Tablet running Android 2.2 WPAD li Tablet running Android ICS Samsung Tab 2 li A laptop. Dell Studio 1558 li Wirelss Router WRT120N Linksys li ol Wireless Router access is protected with WPA WPA2 PSK. I can confirm that password given is correct. My laptop 3 sup and Android ICS tablet 2 sup both connect fine to the wireless router. But my other tablet 1 sup doesn't connect it keeps Scanning and then disconnects. This tablet used to connect to router earlier but now it does not. I have also observed that after a few seconds the wirless network is shown as Not in Range secured with WPA WPA2 PSK and then comes back with message Remembered secured with WPA WPA2 PSK . So I am also not sure whether it is the problem with the tab Android ICS 2 sup is my new Samsung tab 2 tablet so I have no idea whether this is caused due to new connection or not? To ascertain this I have tried connecting only the first tablet 1 sup but still not working The wireless router is connected to ADSL router provided by service provider. The ADSL router settings are password protected i.e I cannot view ADSL router settings through web browswer. Any thoughts on what could be causing the tablet to be losing the connection? ", "views": 96070, "tags": "<wi-fi><connection-issues>", "userId": "28577", "userReputation": 11, "title": "Android tablet not connecting to Wi Fi while previously did", "downModVotes": 0, "authorUserId": "18953", "answer": "My Nexus 10 recently stopped connecting to the internet via WiFi after it had been connecting for 3 months. I simply rebooted off my wireless router by removing the power for 30 60 seconds and then powering up. Once the router rebooted presto my Nexus 10 was once again connected to the wireless network and the Internet. ", "upModVotes": 1, "answerScore": "1", "id": 39786, "authorUsername": "pradeeptp"}