{"username": "music2myear", "accepted": 0, "subtitle": "", "views": 716, "tags": "<4.0-ice-cream-sandwich><wi-fi>", "userId": "3924", "userReputation": 136, "title": "", "downModVotes": 0, "authorUserId": 0, "answer": "If you're asking for a remote desktop solution that allows you to view control your desktop laptop from your Android mobile device over local wireless network the answer is Any RDP VNC app. Personally I use PocketCloud a by Wyse. It supports both RDP Microsoft Windows built into the OS and VNC cross platform if you have a Linux computer or Apple toy you want to view control or you prefer VNC on Windows protocols. Either RDP or VNC will work over a local network and if you have proper firewall configuration and DNS setup can be used over the public internet as well with reasonable security. VNC strong requires a server to be running on the computer you wish to control. There are several flavors of VNC out there and many of them are free as in beer . Check out TightVNC a for a pretty solid version. RDP strong requires you to enable Remote Desktop a on your computer. In later version of Windows it is disabled by default. The good thing about both these tools is that they are protocols not confined app systems. As in you don't need a Microsoft App on your Android tablet to view an RDP session and you can install any VNC viewer app on your tablet phone to view any type of VNC server. Note With certain types of authentication in VNC I've found some viewer apps don't work. Just find the right combination for what you need. em If however you're asking something different please clarify your question to indicate what it is you're actually asking. em ", "upModVotes": 3, "answerScore": "3", "id": 41098, "authorUsername": 0}