{"username": "GAThrawn", "accepted": 0, "subtitle": "", "views": 7895, "tags": "<networking><root-access>", "userId": "156", "userReputation": 20128, "title": "", "downModVotes": 0, "authorUserId": 0, "answer": "As Trampster said currently Samsung are only pushing firmware updates through their Windows only Kies software. Many manufacturers push out the updates wirelessly OTA over the air straight to the phone so never go near a PC and some provide a file that you download onto the phone's SD card and then boot the phone into a special update mode none of these have any desktop OS requirements. Other than that most of Android is designed to sync with the cloud so Mail Calendar Contacts etc all sync with GMail social networking sites and some 3rd party mail calendar contacts providers straight from the phone to the server. Music pictures videos etc live on the micro SD card in your phone which can be mounted as a drive on any OS that can normally mount USB drives. See this SuperUser question about mounting a Galaxy S on Ubuntu where it turned out to be much easier than the questioner thought What is the mount point Samsung Galaxy S for Ubuntu Desktop? a Apps either save their data to the SD card sync to a server on the web or in very rare cases but I do have one app that does this sync via WiFi to a PC on the local LAN. So in general Android phones really don't care what your desktop OS is as you'll rarely need to do anything other than connect it as a USB drive. ", "upModVotes": 4, "answerScore": "4", "id": 1916, "authorUsername": 0}