{"username": "user48400", "accepted": 0, "subtitle": "", "views": 133, "tags": "<compatibility><headset><sony-smartwatch>", "userId": "48400", "userReputation": 21, "title": "", "downModVotes": 1, "authorUserId": 0, "answer": "The short answer is no there are no USB to ethernet dongles that the Galaxy Note 8 recognizes. The long answer is Galaxy Note 8 only supports wireless network connections unfortunately however that could change if Samsung decides to include support for wired ethernet dongles in updates to the Note 8. ", "upModVotes": 2, "answerScore": "1", "id": 58951, "authorUsername": 0}