{"username": "wbogacz", "accepted": 0, "subtitle": "", "views": 2037, "tags": "<wi-fi>", "userId": "10913", "userReputation": 1692, "title": "", "downModVotes": 0, "authorUserId": 0, "answer": "I found this error occurs for me when I push from the website of Google Play Store to the phone. I always attribute it to the fact that my wireless is not constantly ON to the phone it restores connection after returning from sleep. When I wake the phone after the push I'll find the error and the relevant app page in Google Play Store live on the phone ready to attempt the install again. Pressing the Install button again is successful. UPDATE 2015 01 02 This happened again TODAY at the airport where the wifi was POOR. Another vote for wifi related failure. Didn't even require a reboot the update occurred normally when connected to the home wifi. ", "upModVotes": 1, "answerScore": "1", "id": 59344, "authorUsername": 0}