{"username": "Robert", "accepted": 0, "subtitle": "", "views": 315, "tags": "<wi-fi><cyanogenmod><htc-mytouch-3g-slide>", "userId": "2241", "userReputation": 1380, "title": "", "downModVotes": 0, "authorUserId": 0, "answer": "Installing new apps can be done using adb code tool from the Android SDK platform tools adb.exe install abc.apk code pre Same for downloading files platform tools adb.exe pull sdcard filexyz code pre Or you use a GUI for adb like DroidExplorer a . Via WLAN you can use a software that shares the Android file system via HTTP or FTP. For example if you use SwiFTP a and change the shared folder from sdcard code to code you can access every file on the phone. A connection via ADB is also possible in case you have a rooted phone eg. via adb wireless a . ", "upModVotes": 1, "answerScore": "1", "id": 12547, "authorUsername": 0}