{"username": "Kiran", "accepted": 0, "subtitle": "", "views": 1941, "tags": "<2.3-gingerbread><samsung-galaxy-s-2><usb><mount>", "userId": "9006", "userReputation": 320, "title": "", "downModVotes": 0, "authorUserId": 0, "answer": "I use FTP code file transfer using FileZilla a . Its easy secure and offers decent data transfer rates. So you don't need Bluetooth or a USB cable to store and retrieve stuff from your device. There's a software called Software Data Cable a that allows you to transfer data wirelessly from and to your device using FileZilla. Using both of them together is simple. Hope this helps. ", "upModVotes": 2, "answerScore": "2", "id": 17740, "authorUsername": 0}