{"username": "mike wilkins", "accepted": 0, "subtitle": "", "views": 85, "tags": "<notifications><exchange>", "userId": "37887", "userReputation": 11, "title": "", "downModVotes": 0, "authorUserId": 0, "answer": "Your router may have a pairing button that you need to press. If it does it must be pressed the first time you attempt to make a connection. Be close to the router. Turn off Wi Fi and hit on again. Go to Settings gt Wireless networks gt Wi Fi code . My router is a Cisco Linksys X2000 and I had problems too. ", "upModVotes": 1, "answerScore": "1", "id": 49512, "authorUsername": 0}