{"username": "GAThrawn", "accepted": 0, "subtitle": "", "views": 5189, "tags": "<wi-fi><2.2-froyo><connection-issues><huawei-u8800>", "userId": "156", "userReputation": 20128, "title": "", "downModVotes": 0, "authorUserId": 0, "answer": "This sounds like something that you need to make sure your operator has enabled on your contract normally with smartphones a data plan is a data plan once you've got one they give you a monthly weekly daily bandwidth limit which you can use either on 3G or GPRS the operator doesn't care which you use. It sounds like you don't want to pay for a monthly data limit you want to get a metered contract where you only pay for when you use it normally charged by the megabyte or by the hour or something similar . You can then turn the data connection on or off depending when you want to use it. The exact setting for this can vary from phone to phone but is normally under something like Settings strong Wireless and Network strong Mobile networks strong Use packet data strong . On many phones you can also switch to only use GPRS or 3G sometimes called GSM and WCDMA modes but all that does is control the speed of your connection not normally how you're charged. ", "upModVotes": 4, "answerScore": "4", "id": 8335, "authorUsername": 0}