{"username": "user11738", "accepted": 0, "subtitle": "", "views": 838, "tags": "<samsung-galaxy-s-3><wifi-tethering>", "userId": "57895", "userReputation": 1, "title": "", "downModVotes": 0, "authorUserId": 0, "answer": "If you are using a wireless router what is the brand and model? Your device should be able to connect to the router regardless if you have internet or not. Unless the wireless network was disabled instead of the internet connection. Cheers. ", "upModVotes": 0, "answerScore": "0", "id": 66995, "authorUsername": 0}