{"username": "keyboardsurfer", "accepted": 0, "subtitle": "", "views": 394, "tags": "<wi-fi><battery-life><htc-evo>", "userId": "63", "userReputation": 924, "title": "", "downModVotes": 0, "authorUserId": 0, "answer": "If you have a lot of downloads stalled change the connection type between 2G and 3G 4G within Settings Wireless amp networks Mobile networks Use only 2G networks Klick the checkbox or turn Wifi off and on again. Also this keeps your stalled downloads in queue. Also logging out and back into GoogleTalk has proven a successful solution to this issue sometimes. ", "upModVotes": 1, "answerScore": "1", "id": 1212, "authorUsername": 0}