{"username": "t0mm13b", "accepted": 0, "subtitle": "", "views": 10788, "tags": "<internet><wifi-hotspot><proxy>", "userId": "4003", "userReputation": 12307, "title": "", "downModVotes": 0, "authorUserId": 0, "answer": "The answer is yes there is an open source project available that does exactly that. To quote It is a software designed to help you by pass Great Firewall of China GFW . Different from similar softwares it is designed to run as router instead of running as a client installed on some device. Being router means you can have one thing Android mobile phone for example running fqrotuer then other devices can just connect the wireless network created by fqrouter. blockquote Blog fqrouter a Source fqrouter a ", "upModVotes": 6, "answerScore": "6", "id": 43539, "authorUsername": 0}