{"username": 0, "accepted": 0, "subtitle": "", "views": 874, "tags": "<wi-fi><2.2-froyo><motorola-droid><tethering><wifi-hotspot>", "userId": null, "userReputation": 0, "title": "", "downModVotes": 0, "authorUserId": 0, "answer": "I don't think this is going to be a popular answer but you have to realize that your modern smart phone is an incredibly complex beast and battery life is affected by all sorts of things CPU usage your phone might get warm or use a system activity monitor for more details li Bluetooth radio is it on is it in use ie headset or tethering li Wireless radio what protocol is it using? HSPA EVDO EDGE? li WiFi radio are you actively using it? What version? li Proximity and power of nearest cell towers weak towers cell phone tries harder to connect using more power . li Baseband version this is the part of the phone os written and maintained by your carrier li ol As you can see there are a lot of things that affect battery life so it's tough to guarantee that any given App will have a given profile since it's data usage might be over weak signal which will reduce your battery life more . ", "upModVotes": 3, "answerScore": "3", "id": 1031, "authorUsername": 0}