{"username": "n3rd", "accepted": 0, "subtitle": "", "views": 4402, "tags": "<updates><htc-dream><1.6-donut>", "userId": "6235", "userReputation": 367, "title": "", "downModVotes": 0, "authorUserId": 0, "answer": "If you have a wireless network set up I can recommend to connect via SSH. It allows you to access and fully manage your Android in a few minutes. For Linux or Putty users there is no difference to a standard terminal using SSH besides some specific Android commands. Moreover some file managers such as Nautilus support the SSH protocol so you will have the flexibility of a shell and additionally the comfort for file operations using a graphical file manager. I liked SSH so much that I have written a small how to for Android in German a . I know it might not fully apply to your question but can be considered while working with an additional computer and an Android phone. An easy to use SSH server is SSH Droid a available in the Google market. ", "upModVotes": 11, "answerScore": "11", "id": 10988, "authorUsername": 0}