{"username": "Ed.T", "accepted": 0, "subtitle": "", "views": 908, "tags": "<linux>", "userId": "55", "userReputation": 188, "title": "", "downModVotes": 0, "authorUserId": 0, "answer": "At least one manufacturer has tried to address this issue with an Andoid app. Samsung has an app named Samsung MobilePrint that works for Samsung wireless and networked printers. Samsung MobilePrint a Only Samsung branded printers supported. ", "upModVotes": 1, "answerScore": "1", "id": 8751, "authorUsername": 0}