{"username": "yrajabi", "accepted": 0, "subtitle": "", "views": 1772, "tags": "<wi-fi>", "userId": "8041", "userReputation": 1977, "title": "", "downModVotes": 0, "authorUserId": 0, "answer": "I assume that you have 3G LTE code connection on your Galaxy S3 code and want to use that connection on your Galaxy tab2 code so you would have internet on it. OK here is the solution On Galaxy S3 strong Enable Internet 3G LTE mobile data li Go to Settings Wireless amp Networks Tethering amp portable hotspot the path and names may be different on your phone li Enable Portable Wifi hotspot strong li Click on Configure Wifi hotspot code and define a desired SSID and password for your network. li ul Now on your Galaxy Tab 2 strong Go to settings and enable Wi fi li In the list of available wireless networks find your wireless network created on Galaxy S3 and tap on it to connect li Enter password of the network you created on S3 and then it should connect to your Galaxy S3 and use its internet connection. li ul more info http support.google.com android bin answer.py?hl en amp answer 168932 a If your network Sprint has disabled Tethering on the phone you may want to use 3rd party apps to enable tethering Liam has pointed to one of them in his answer li ul ", "upModVotes": 4, "answerScore": "4", "id": 36179, "authorUsername": 0}