{"username": "forums", "accepted": 0, "subtitle": "", "views": 15934, "tags": "<samsung-galaxy-s-2><external-display>", "userId": "28820", "userReputation": 686, "title": "", "downModVotes": 0, "authorUserId": 0, "answer": "Unfortunately there is no way for you to trace it when all wireless options are nill. The best that you can do is to report the IMEI of the phone to your network so they can block it becoming only a useless brick. I don't know if some network operator have the ability to track phones thru IMEI. You should ask them its worth a try. edit I think my thinking went overboard about your case. Have you simply lost it in the house or a familiar place? ", "upModVotes": 0, "answerScore": "0", "id": 40742, "authorUsername": 0}