{"username": "geffchang", "accepted": 0, "subtitle": "", "views": 362, "tags": "<wi-fi><data-traffic>", "userId": "5342", "userReputation": 14263, "title": "", "downModVotes": 0, "authorUserId": 0, "answer": "Did you install the correct USB drivers for the Samsung Galaxy S3? If not download and install Samsung Kies. You also need to make sure USB tethering is disabled Settings gt Wireless amp networks gt More gt Tethering amp portable hotspot code . Then check USB settings Settings gt Device gt Storage gt Menu gt USB computer connection code . Source a . ", "upModVotes": 0, "answerScore": "0", "id": 47990, "authorUsername": 0}