{"username": "Broam", "accepted": 0, "subtitle": "", "views": 3300, "tags": "<bluetooth><tethering><bluetooth-tethering>", "userId": "6830", "userReputation": 1934, "title": "", "downModVotes": 0, "authorUserId": 0, "answer": "Well without some specialized program there's always dmesg code . Turn on wifi then run dmesg code in a terminal adb shell code ConnectBot. Towards the end of the file you'll see debug statements about your wireless. dmesg grep i lan code can be useful if you have busybox installed. I get lines like this TIWLAN 1251 PG 1.2 tiwlan0 no IPv6 routers present code pre The first one isn't interesting on its own but the second one screams network adapter due to driver naming convention for network adapters. tiwlan0 is closer to OpenBSD's naming convention than Linux's Linux native drivers would just call it wlan0 but...not unexpected. A few web searches later and yep it's a TI wireless chip a . ", "upModVotes": 4, "answerScore": "4", "id": 13556, "authorUsername": 0}