{"username": "jlehenbauer", "accepted": 0, "subtitle": "", "views": 5875, "tags": "<roaming>", "userId": "6052", "userReputation": 8301, "title": "", "downModVotes": 0, "authorUserId": 0, "answer": "I do not know of a way to display your tablet screen other than some sort of display adapter. Things like this a with the receiver would allow you to do it wirelessly but they get mighty expensive. Additionally I do not believe bluetooth is designed as a Display out port so to say and I am hard pressed to believe it would be easy to do this beside the fact that you may need to write that yourself. I would recommend something like Splashtop Remote a . This does not display your tablet screen on the PC em but allows you to see and control your PC screen from your tablet strong . So you could not share your tablet screen but you could still walk around the classroom with your tablet and control what is being projected to the screen. Also and I don't know if this works over bluetooth but you could try the Android Screencast Project a . Maybe it has what you need I know it's not the solution you're looking for but hopefully it helps ", "upModVotes": 1, "answerScore": "1", "id": 24902, "authorUsername": 0}