{"username": "ashes999", "accepted": 1, "subtitle": "I bought an i7500 no data plan. I had assumed that connecting to my router would allow me to download apps from the marketplace apparently not. I get a message about not being able to connect via the SIM data plan. Is there a way for me to download and install apps without actually getting a data plan? ", "views": 5048, "tags": "<google-play-store><wi-fi>", "userId": "8521", "userReputation": 229, "title": "How to download apps without a wireless data plan", "downModVotes": 0, "authorUserId": "8521", "answer": "You can always use sites like SlideMe.org which mirror many Market apps and allow you to download them without registering your Android device. Beware of stolen apps though i.e. paid apps which are available for free . You can also use the Marketplace app with only a wireless router in range. ", "upModVotes": 0, "answerScore": "0", "id": 17155, "authorUsername": "ashes999"}