{"username": "Mr. Buster", "accepted": 0, "subtitle": "", "views": 596, "tags": "<2.2-froyo><wi-fi><settings><battery-life>", "userId": "11343", "userReputation": 3438, "title": "", "downModVotes": 0, "authorUserId": 0, "answer": "Are you willing to consider changing your default music player? If so DoubleTwist a is a great iTunes like desktop Android app that allows you to sync and play everything all in one place. Best part is that it's free everything but their wireless AirSync a . ", "upModVotes": 0, "answerScore": "0", "id": 19067, "authorUsername": 0}