{"username": "eldarerathis", "accepted": 1, "subtitle": "First I know about abdWireless code app. But my problem is different. I am using my Android mobile as Mobile AP Portable WiFi hotspot for using internet on my computer. I want to use adb in wireless mode but the problem is when i enable Mobile AP on my android mobile WiFi gets turned off and i am unable to use abdWireless app. I want to use both wireless ADB code and Portable WiFi hotspot code at the same time. Is there any way to do it ??? ", "views": 4480, "tags": "<wi-fi><adb><wifi-tethering><wifi-hotspot>", "userId": "981", "userReputation": 31761, "title": "How to use adb over Mobile AP Portable wifi hotspot ", "downModVotes": 0, "authorUserId": "37107", "answer": "The ADB over Wifi Widget a works over mobile AP connections though it does require root. You'd need to install it place the widget on one of your home screens and then tap it to turn on wireless ADB connections. The widget should then show the IP you need to connect to ex in my case it was 192.168.43.1 code and the port to use mine was 8000 code but this is configurable . On your PC you then need to run adb connect lt ip gt lt port gt code pre So again using my device as an example I used adb connect 192.168.43.1 8000 code pre ", "upModVotes": 4, "answerScore": "4", "id": 18371, "authorUsername": "VVK"}