{"username": "jlehenbauer", "accepted": 0, "subtitle": "", "views": 3207, "tags": "<sony-ericsson-xperia-x8><sim-unlocking>", "userId": "6052", "userReputation": 8301, "title": "", "downModVotes": 0, "authorUserId": 0, "answer": "EasyTether a is the easiest way to share your phone wireless internet with your computer. You install the program on your phone set up the drivers which can be found here a and run. To enable easytether check the top box on the application screen. Easy as that After you install the drivers em For Ubuntu start a terminal window li type easytether connect code li it will connect and give you another command that you can type into another terminal window to see status information about your connection. li ul NOTE the original terminal window you open that you typed easytether connect code into must stay open while you are using the connection strong For Windows right click the Easytether logo in the taskbar lower right hand side by the clock li choose connect via big number here code li you're connected li ul ", "upModVotes": 2, "answerScore": "2", "id": 12775, "authorUsername": 0}