{"username": "Ruben Roy", "accepted": 0, "subtitle": "", "views": 26251, "tags": "<4.0-ice-cream-sandwich><samsung-galaxy-nexus><wifi-hotspot><ad-hoc-networks>", "userId": "14467", "userReputation": 1629, "title": "", "downModVotes": 0, "authorUserId": 0, "answer": "go to settings wireless and network usb settings. disable usb debugging if promted and select the usb mode you want. kies for syncing with the kies application on the desktop or mass storage for mounting the sdcard and sdcard external sd partitions ", "upModVotes": 4, "answerScore": "4", "id": 22165, "authorUsername": 0}