{"username": "Josh", "accepted": 0, "subtitle": "", "views": 104679, "tags": "<settings><dhcp>", "userId": "50", "userReputation": 390, "title": "", "downModVotes": 0, "authorUserId": 0, "answer": "It is a very simple tool but I like apndroid a to totally disable data while leaving basic phone functionality intact. It has a nice toggle widget. There are also settings that can help with this. On my Nexus One there are settings here Settings Wireless amp Network Settings Mobile Networks Your mileage may vary depending on your model. You can play with those settings to disable roaming or data. ", "upModVotes": 4, "answerScore": "4", "id": 51, "authorUsername": 0}