{"username": "Sparx", "accepted": 0, "subtitle": "", "views": 5537, "tags": "<wi-fi><usb><tethering>", "userId": "1250", "userReputation": 9687, "title": "", "downModVotes": 0, "authorUserId": 0, "answer": "You haven't mentioned what version of Android you're using. In Android's settings go to Wireless and Networks Mobile Networks and uncheck the option to use Data. You will still be able to use WiFi. EDIT As an alternative get an app like APNDroid a which effectively renames your mobile data APN access point name thereby disabling the data connection. ", "upModVotes": 2, "answerScore": "2", "id": 30135, "authorUsername": 0}