{"username": "changkh", "accepted": 0, "subtitle": "I purchased a bluetooth keyboard to use with my lenovo ideatab a2107 which runs android 4.0.3. The specific keyboard is the Anker Ultra Slim Bluetooth Wireless Keyboard for iPad Mini iPad 4 New iPad 3 iPhone 5 Android 3.0 and above Tablet Black a I am able to pair the keyboard with my tablet and the it has a keyboard icon next to it in the list of bluetooth devices. When this happens I am asked to type a 4 digit code and press enter on the keyboard. This works fine. The Keyboard does not show up in tablet's keyboard amp input devices list and I am unable to input text using the keyboard. How can I get the keyboard working properly with my tablet? Thanks ", "views": 14867, "tags": "<bluetooth><keyboard><external-keyboard>", "userId": "26417", "userReputation": 1, "title": "Bluetooth keyboard pairs but does not appear as an input device?", "downModVotes": 0, "authorUserId": "26342", "answer": "I have the same problem. I'm using Apple wireless keyboard and Android ICS 4.0. I can pair and connect them both but there is no additional IME in the input list. Checking and unchecking the use as input code option does not change anything. I'm not sure if there should be one but some say bluetooth keyboard is supported out of the box in ICS. Also some YouTube videos show users who managed to connect them and typing right away without choosing any IME or anything. I'm using BlueKeyboard JP works well for me for the time being until I find a way to get it work natively without a third party app. ", "upModVotes": 0, "answerScore": "0", "id": 37204, "authorUsername": "James"}