{"username": "jlehenbauer", "accepted": 0, "subtitle": "", "views": 4402, "tags": "<updates><htc-dream><1.6-donut>", "userId": "6052", "userReputation": 8301, "title": "", "downModVotes": 0, "authorUserId": 0, "answer": "Kurru basically has it right except that the portable wi fi hotspot code application will most likely require another monthly fee from your provider. As far as wired tethering between devices this is not possible. The protocols do not exist for android devices to accept external network connections through cables. A very easy solution if you are comfortable rooting your device is Wifi Tether a . I use this app constantly and works exactly as Kurru described Install li Run application li Press Tether button li Select Android Hotspot from available wireless access points on your tablet li ol And bam You're done As a personal user i have to say this is the single best advantage to rooting a phone and 100 worth it. ", "upModVotes": 1, "answerScore": "1", "id": 10768, "authorUsername": 0}