{"username": "Zuul", "accepted": 0, "subtitle": "", "views": 703, "tags": "<wi-fi><connection-issues><samsung-galaxy-ace><wifi-hotspot>", "userId": "16265", "userReputation": 8332, "title": "", "downModVotes": 0, "authorUserId": 0, "answer": "While you intend to replace the stock download manager but keep access to Google Play Store since it's your trusted market before that you should try to find the reason as to why are you having troubles downloading apps Troubleshooting Download Issues h1 Is the device supported by Google Play Store? You can confirm this from the Supported Devices List a last updated 2012 06 29 sup li Common quick checks Restart your phone then try downloading the app again. li Confirm there is connectivity to either wireless or cellular networks on your device. li ul li If behind a firewall ensure that TCP and UDP 5228 ports arent blocked they are required for Google Play . li Clear cache and data of both the Google Play Store app and the Download manager Visit Menu Settings Applications Manage applications li Tab over to All li Select the Google Play Store app and then tap Clear data and Clear cache li Select Download manager and tap Clear data and Clear cache . li ol li ol Aditional information for troubleshooting can be found at Google Play Troubleshoot an issue a . Alternatives h1 Other App discovery Method h3 Appbrain a an app discovery service that as per your request still uses Google Play Store as the source for the downloads provide. It features a great instant download tool AppBrain App Market a a nice search function a very clear interface and you can sign in a with your Google account. One side note This app still downloads via the stock download manager. em Alternative Markets h3 Alternative markets have their own download manager. They may be a solution provided the issue does not lie with your current unofficial ROM Amazon Appstore for Android a While an alternative market I've received a notice from the website stating The Amazon Appstore is only available to customers located in the United States. blockquote li GetJar a Launched in 2004 it grows every day counts 600.000 apps and 450.000 registered developers. As an independent app store not tied to any particular handset or carrier it comes as an alternative solution for you. li AndroidPIT a AndroidPIT is a Web 2.0 network and Android blog. Was created to bring together Android experts enthusiasts and developers. Apps are tested at least one every day and reviews are published to help users on their decisions. li SlideME a Founded back in 2008 SlideME provides a 'Managed App Store Service' and builds solutions as per market requirements. li ul ", "upModVotes": 2, "answerScore": "2", "id": 26802, "authorUsername": 0}