{"username": "Izzy", "accepted": 0, "subtitle": "", "views": 1090, "tags": "<rooting><updates><samsung-galaxy-tab><3.1-honeycomb><mobile-network>", "userId": "16575", "userReputation": 64318, "title": "", "downModVotes": 0, "authorUserId": 0, "answer": "If your device is rooted you could give Wireless Tether for Root Users a a try. According to an article on e how.com a this app also features a mac filter allowing you to exactly define which devices are permitted on your hotspot Wireless Tether provides WPA encryption the latest wireless security standard and allows for MAC address filtering letting you screen devices without having to constantly monitor your phone. blockquote EDIT According to the app's own description WPA WPA2 is available on supported devices only whatever those supported devices may be For the default hotspot shipping with Android you might want to star this issue at google code a which requests exactly the feature you are looking for mac filtering . ", "upModVotes": 4, "answerScore": "4", "id": 36015, "authorUsername": 0}