{"username": "t0mm13b", "accepted": 0, "subtitle": "", "views": 4082, "tags": "<adb><terminal>", "userId": "4003", "userReputation": 12307, "title": "", "downModVotes": 0, "authorUserId": 0, "answer": "You can download this app a adbWireless and connect to it via wireless using the wifi without the cable you can connect directly via a address as shown by the widget app. Usually its the following adb connect 192.168.1.x 5555 code pre ", "upModVotes": 0, "answerScore": "0", "id": 28174, "authorUsername": 0}