{"username": "Ryan Conrad", "accepted": 0, "subtitle": "Does anyone know what exactly does Google backup and restore when you enable that option? Also are we able to see this list somewhere? Maybe hidden n levels deep in Google Account information? Reason I ask is I've had the unfortunate experience of my SD Card dying on me put in a temporary SD Card and allowed Google to do the auto restore. Some things that were restored Saved wireless networks li Background li Some apps strangely enough only a subset of my apps were restored some with data some without . All previous apps were installed via Android Market. li ul Then finally got my new SD Card put that in and the following were restored Saved wireless networks li Some apps again same problem... only a subset different subset even fewer apps . This time no data seemed to have been restored either. li ul I think it would be very helpful to be able to view manage a list of what is backed up and thus would be restored but I have yet to find this list... if it even exists . ", "views": 15949, "tags": "<backup><google-backup>", "userId": "1951", "userReputation": 19762, "title": "What info does Google backup?", "downModVotes": 0, "authorUserId": "3065", "answer": "Nothing on your sdcard is backed up unless you have app that syncs data between your sdcard and a cloud service like picasa for example which saves images on the sdcard and does back up to the picasa service. Your apps are backed up I don't know if the data is but it could be as that would make sense to be something that is backed up. The reason you could see only a subset of apps restored could be issues with not being able to download them all at the point of restore. I have had that happen when I would flash a new ROM after a clean wipe and some apps did not automatically come back. It also does back up settings like wireless network settings again you opt in to back up the data so if it has to be restored it can be and this would be something that i would think should be backed up. There is no official or unofficial list that I know of of what is backed up. If turning on a feature to back up your device so it can be restored if needed you should assume that it is going to back up all settings and app data. But it will not restore any information that is saved on the sdcard. As eldarerathis mentioned swapping sdcards should not cause a device restore from the backup service nor should your network settings or backgrounds or anything like that change. I can see it wanting to restore apps that you previously had installed on the old sdcard to the new sdcard but it shouldn't be restoring anything else on the device or sdcard. ", "upModVotes": 1, "answerScore": "1", "id": 15446, "authorUsername": "pyko"}