{"username": "Matthew Read", "accepted": 0, "subtitle": "", "views": 4597, "tags": "<wi-fi><game-controllers>", "userId": "1465", "userReputation": 43905, "title": "", "downModVotes": 0, "authorUserId": 0, "answer": "I believe this is a problem with Samsung's UI TouchWiz I experienced this on a couple ROMs for my Galaxy S. I don't know of any way to fix it without replacing your ROM but I did find that going to Settings gt Wireless and network gt WiFi settings code and toggling WiFi there seemed to work. Settings is a standard Android OS app and thus bypasses whatever problem TouchWiz has when you try to toggle the WiFi from the notification area. ", "upModVotes": 2, "answerScore": "2", "id": 8872, "authorUsername": 0}