{"username": "Kevin O'Shea", "accepted": 0, "subtitle": "", "views": 264, "tags": "<keyboard><hardware>", "userId": "5001", "userReputation": 146, "title": "", "downModVotes": 0, "authorUserId": 0, "answer": "In short the phone will still have the Android OS as 'flashing to cricket' is NOT in reference to the ROM or Operating System. The seller may be referring to moving the phone off of Verizon as the carrier to Cricket another CDMA mobile carrier in the US. This seems to be a normal process as Cricket does not have the expansive collection of Android compared to that of Verizon Wireless. Here are a few thread topics explaining this http androidforums.com incredible all things root 82397 flashing htc droid incredible cricket.html a http androidforums.com cricket 232152 flashing phone verizon cricket.html a Hope that helps ", "upModVotes": 2, "answerScore": "2", "id": 10103, "authorUsername": 0}