{"username": "Zuul", "accepted": 0, "subtitle": "", "views": 2606, "tags": "<usb><ssh>", "userId": "16265", "userReputation": 8332, "title": "", "downModVotes": 0, "authorUserId": 0, "answer": "Your issue ain't related with Browser APP it's a Network configuration regarding the proxy settings. As you can read from your phone's user manual on page 63 Proxy settings are used by Browser but may not be used by other apps. blockquote Since you've mentioned that only Browser gets affected and that all of them work fine under 3G this leaves us with an WiFi settings issue Touch the Settings icon li Touch Wireless amp networks Wi Fi li Touch amp hold your network in the list of Wi Fi networks li Touch Modify network in the dialog that opens li Select Show advanced option li touch None under Proxy Settings then touch Manual in the menu that opens. li Clear the proxy box make sure nothing stays there. li Touch Save. li ol Open the browser and give it a try. You should now be able to navigate without problems either with http code and https code . ", "upModVotes": 2, "answerScore": "2", "id": 26620, "authorUsername": 0}