{"username": "Gene", "accepted": 0, "subtitle": "", "views": 165, "tags": "<wi-fi>", "userId": "29159", "userReputation": 1, "title": "", "downModVotes": 0, "authorUserId": 0, "answer": "This seems to be an attempt by Verizon to cripple the data capabilities of the phone and force you to use their network. While in Germany with a LIDL a 's SIM Card the data text and voice all work when on a wireless network connection. Once the SIM Card is connected to the LIDL network alone voice and messaging work but not data. There is no way to access the APN page in the US or abroad and calls to Verizon support indicate there are no plans to do so and there is no workaround. Will try rooting the phone. ", "upModVotes": 0, "answerScore": "0", "id": 40369, "authorUsername": 0}