{"username": "Zuul", "accepted": 0, "subtitle": "", "views": 1387, "tags": "<wi-fi><security>", "userId": "16265", "userReputation": 8332, "title": "", "downModVotes": 0, "authorUserId": 0, "answer": "Short answer strong As per the documentation Yes. Long answer strong h2 Your Sony Ericsson Xperia X10 a uses the Qualcomm Atheros a MSM8255 product brief PDF for MSM8255 a sup Snapdragon CPU processor which in turn uses WLAN 802.11b g n. li As per the MadWifi a project page The MadWifi project is strong ... a team of volunteer developers working on Linux kernel drivers for Wireless LAN devices with Atheros chipsets. We currently provide three drivers MadWifi ath5k and ath9k. ...ath9k supports all currently available 802.11n chipsets from Atheros strong ... blockquote li ul So as far as we can read from their documentation they provide support for all 802.11n chipsets one of those included with the Qualcomm Atheros Snapdragon WiFi chipset. Ps strong This is purely based on the specifications I can't guarantee with 100 certainty since I haven't tested this support. ", "upModVotes": 1, "answerScore": "1", "id": 25534, "authorUsername": 0}