{"username": "Rostol", "accepted": 0, "subtitle": "", "views": 362, "tags": "<wi-fi><data-traffic>", "userId": "18985", "userReputation": 191, "title": "", "downModVotes": 0, "authorUserId": 0, "answer": "A cheaper option is SoundWire Free version Market Link a the free version will speak every 45 mins just a nag the paid version is under USD 4 link to it inside the same market link. Logically try the free version first. Sadly its PC only not sure why as as far as i can see its a lite VNC app sending only the audio and not keystrokes or anything else. Honestly i find it extremely surprising that no one has made a Bluetooth headset or similar profile for a phone. It would be very useful also for HTPCs as a kind of cheap but very good quality wireless headphones. ", "upModVotes": 0, "answerScore": "0", "id": 47878, "authorUsername": 0}