{"username": "Michael", "accepted": 0, "subtitle": "", "views": 4276, "tags": "<samsung-galaxy-s-3><bluetooth><linux><file-transfer>", "userId": "30128", "userReputation": 86, "title": "", "downModVotes": 0, "authorUserId": 0, "answer": "It sounds like you may need to reset your APN settings Your phone will be slightly different than mine I'm using a Nexus 4. Try locating the following Settings Wireless amp Networks Mobile Networks Access Point Names and from there locate the Reset to default option. If that doesn't work you can backup your device and factory reset it. ", "upModVotes": 1, "answerScore": "1", "id": 41443, "authorUsername": 0}