{"username": "Traveling Tech Guy", "accepted": 0, "subtitle": "", "views": 412, "tags": "<usb><networking><reverse-tether>", "userId": "4925", "userReputation": 311, "title": "", "downModVotes": 1, "authorUserId": 0, "answer": "If you're using a different band of wireless N your wi fi may not be detected by your phone but can be detected by your laptop. I.e. I have a dual band D Link wireless router at home. All my laptops can detect both 2.4Ghz and 5Ghz bands but my phone iPod and Nook only see the 2.4Ghz band. Check your router's band to verify it matches what your phone can see usually 2.4Ghz only . Another thing to check in the router is security measures you or whoever set up the router may have limited access or visibility based on MAC addresses or a manual access page. Update The original question was changed after I posted my reply which was right at the time. Should I delete it completely or just leave it here to collect negative replies? ", "upModVotes": 1, "answerScore": "0", "id": 9771, "authorUsername": 0}