{"username": 0, "accepted": 0, "subtitle": "", "views": 1704, "tags": "<hardware><usb-drivers>", "userId": null, "userReputation": 0, "title": "", "downModVotes": 0, "authorUserId": 0, "answer": "I belive it is because you gained the data during the period Wi Fi was activated so when you swithced off your Wi Fi there was still some unread data you hadn't seen in the form of mail and G notifications . Also I recomed if you are seriously worried about this and it perseveres to turn off Wi Fi via wireless communications in the settings app. ", "upModVotes": 1, "answerScore": "1", "id": 21417, "authorUsername": 0}