{"username": "t0mm13b", "accepted": 0, "subtitle": "How can I check to see if my rooted android device has a wireless card that supports either monitor mode or promiscuous mode? ", "views": 12654, "tags": "<wi-fi>", "userId": "4003", "userReputation": 12307, "title": "How to check if an android device has a wireless card that supports promiscuous or monitor mode?", "downModVotes": 0, "authorUserId": "16398", "answer": "Unfortunately you need root to be able to do that despite you saying it but thought it would be useful to leave that in here for others All modern wireless cards s chipsets would s may have that feature to be able to sniff monitor but as Matthew Read pointed out in the comments below its a grey area in terms of driver support. When you issue the binary command ifconfig strong there's a 'promisc em ' switch to tell it to go into promiscuous mode to enable monitoring sniffing. ", "upModVotes": 2, "answerScore": "2", "id": 24931, "authorUsername": "petFoo"}