{"username": "GAThrawn", "accepted": 0, "subtitle": "", "views": 765, "tags": "<motorola-droid><wifi-hotspot>", "userId": "156", "userReputation": 20128, "title": "", "downModVotes": 0, "authorUserId": 0, "answer": "Disclaimer I don't have any problems with GPS on my Galaxy but I do get a lock a few seconds quicker if I have the aGPS functions switched on. It also means that I get a rough lock while I'm waiting this rough lock is the one with the big blue circle which is about half a mile wide when I'm in my home town or about 30m wide in London. On Froyo at least the settings to turn this on and off are in Settings strong Location and Security strong then you can use both Use wireless networks strong Location determined by Wi Fi and or mobile networks em and Use sensor aiding strong Enhance positioning and save power using sensors em to switch the aGPS on or off ", "upModVotes": 1, "answerScore": "1", "id": 3204, "authorUsername": 0}