{"username": "eldarerathis", "accepted": 0, "subtitle": "", "views": 26210, "tags": "<wi-fi>", "userId": "981", "userReputation": 31761, "title": "", "downModVotes": 0, "authorUserId": 0, "answer": "If the account is the one you used to set up the phone then you probably will have to do a factory reset to remove it. There is a similar question related to this here a and there is a question regarding how to backup your phone here a . If it is not the one you used when setting up the phone then you can try going into Settings gt Accounts and Sync code and tapping on the account. There will be a Remove Account code button on the bottom of the screen that you can use to try to delete the account from your device. That being said strong you might not really need to do a factory reset if you're just trying to avoid the data charges that you're incurring from your Gmail account. Instead try going into Settings gt Accounts and Sync code and unchecking the options Enable Background Data code and Auto sync code . If you want to be absolutely sure that you aren't using up data when you don't want to then you could also go into Settings gt Wireless and Networks gt Mobile Networks code or somewhere similar if your settings are not exactly the same and uncheck the option for mobile data. You would then simply need to turn it back on anytime you want to access the Internet. ", "upModVotes": 1, "answerScore": "1", "id": 15551, "authorUsername": 0}