{"username": "Dani", "accepted": 0, "subtitle": "", "views": 315, "tags": "<wi-fi><cyanogenmod><htc-mytouch-3g-slide>", "userId": "1430", "userReputation": 193, "title": "", "downModVotes": 0, "authorUserId": 0, "answer": "Appereantly you have to define an Access Point Name in order for your mobile data to work. in Settings Wireless amp networks Mobile networks Access Point Names menu New APN The settings vary by operator you can find the Israeli ones here a . ", "upModVotes": 2, "answerScore": "2", "id": 12269, "authorUsername": 0}