{"username": "eldarerathis", "accepted": 1, "subtitle": "How do I enable USB tethering with Cyanogenmod 7.0.3 and Ubuntu Lucid? http oldwiki.cyanogenmod.org index.php?title Tethering a mentions Settings Wireless amp networks Tethering USB tethering i but there is no such option Tethering i . With http code.google.com android wired tether a the phone application says that I have a bad kernel on the phone . ifconfig code on the laptop doesn't show usb0 code . ", "views": 3141, "tags": "<cyanogenmod><usb><tethering>", "userId": "981", "userReputation": 31761, "title": "USB tethering with Cyanogenmod 7.0.3", "downModVotes": 0, "authorUserId": "1631", "answer": "The built in tethering should be Settings gt Wireless and Network gt Tethering amp portable hotspot gt USB tethering code . I think the name of the menu simply changed between CM6 and CM7 from Tethering to Tethering amp portable hotspot . Edit strong Additionally it appears that some phones are simply not supported due to kernel issues. For these devices the menu option will not be present. This thread a on the CyanogenMod forums discusses this and notes at least two devices which fall into this category the HTC Tattoo and the ZTE Blade . ", "upModVotes": 2, "answerScore": "2", "id": 9854, "authorUsername": "pts"}