{"username": "RobC", "accepted": 0, "subtitle": "I know that one of the new features is WiFi direct a for ICS noted at the very bottom of the page in the link . Is there a way to leverage this new feature to transmit files from one ICS device to another? This would be useful because the WiFi speeds would be greater than bluetooth and you wouldn't need to be connected to a WiFi network or create a hotspot. The Samsung Galaxy S II apparently has this feature built in a pre ICS go Samsung . Is this same method available in ICS? Or is there an app for it? EDIT strong Because the galaxy nexus is made by Samsung and is the only device out with ICS right now I'm not sure if this WiFi Direct sharing per the link and Ryan's answer below is built in to ICS vanilla Samsung did have WiFi Direct sharing pre ICS after all . As such I've added a vanilla tag so I'm asking is in the vanilla source code to allow a way for users to share files using WiFi Direct? If not is there an app for it in the market? strong I want to know how to do this on all ICS phones not necessarily just the galaxy nexus. ", "views": 41520, "tags": "<4.0-ice-cream-sandwich><file-transfer><vanilla-android>", "userId": "16468", "userReputation": 1, "title": "How can I send a file wirelessly without bluetooth or a Wi Fi network in ICS?", "downModVotes": 3, "authorUserId": "4666", "answer": "For Samsung G Note users possibly SII and SIII users too go to Settings then under the Wireless and Networks section select More... and you will see the option there. ", "upModVotes": 0, "answerScore": "-3", "id": 25038, "authorUsername": "John"}