{"username": "Dan Hulme", "accepted": 0, "subtitle": "", "views": 163, "tags": "<wi-fi><nexus-4><4.3-jelly-bean><4.4-kitkat>", "userId": "12442", "userReputation": 27986, "title": "", "downModVotes": 0, "authorUserId": 0, "answer": "Go into the main Settings strong app. Find Location access strong Location services strong on some phones in the list of settings pages and make sure all the settings in that page are on in particular Wi Fi amp mobile network location strong which might have a slightly different name such as Use wireless networks strong . When you turn this option on there's a dialog warning you that this periodically sends the visible Wi Fi networks to Google. This is how the location mechanism works so you have to agree to it if you want this feature. Even when it's on it only works when you're connected to the internet either through 3G or Wi Fi . It works by sending Google the list of Wi Fi networks you can see. Google has collected a database of Wi Fi network names and real world locations so with this information they can reply to your phone with its approximate position. Obviously this can only work with internet access. The similar feature in the iPad works exactly the same way only with a different database maintained by Apple instead of Google. ", "upModVotes": 0, "answerScore": "0", "id": 58164, "authorUsername": 0}