{"username": "Srikanth Nakka", "accepted": 0, "subtitle": "I recently purchased Wireless Router and When I connected Wirelessly through my mobile Sony Xperia P android ver 2.3.7 keeps on connecting and disconnecting for every 2mins. Whereas from other mobile Samsung Galaxy Y its perfectly connecting w o any issues. Can someone pls tell me how to resolve this issue? Router details h1 D Link Model No DIR 600L H W ver B1 F W Ver 2.00 ", "views": 1889, "tags": "<2.3-gingerbread><wi-fi>", "userId": "42276", "userReputation": 116, "title": "Frequent WiFi disconnects with my WiFi router", "downModVotes": 0, "authorUserId": "42276", "answer": "Problem was solved by unchecking the option in my android mobile Use wireless networks in Location amp security settings . ", "upModVotes": 1, "answerScore": "1", "id": 54914, "authorUsername": "Srikanth Nakka"}