{"username": "Adrian", "accepted": 0, "subtitle": "", "views": 838, "tags": "<tablet><tethering>", "userId": "2425", "userReputation": 440, "title": "", "downModVotes": 0, "authorUserId": 0, "answer": "It doesn't work with my HP Wireless printer At the moment Google cloud print requires a PC connected to the printer hardware manufacturers are supposedly going to release printers with the software built in but seeing as the software is nowhere near complete...it could be years and you'll need a new printer The HP printer has its own method for mobile printing though. HP have a system where you send a special address your documents as email attachments and the printer will print them. The same printer works fine with iPhone directly. my wife just taps print and it prints her documents... I think Android needs to get printing using existing standards ASAP. ", "upModVotes": 1, "answerScore": "1", "id": 8506, "authorUsername": 0}