{"username": "Zuul", "accepted": 0, "subtitle": "", "views": 5875, "tags": "<roaming>", "userId": "16265", "userReputation": 8332, "title": "", "downModVotes": 0, "authorUserId": 0, "answer": "EDITED strong h2 Found the official source a where can be read that the Motorola Droid X build was renamed to shadow Also worthy of note the new release files have a slightly modified naming scheme including the codename instead of the commercial common name in the filename. So the following is a handy translation chart to make sure you dont mis identify your device... ... shadow Motorola Droid X ... blockquote Original Answer strong h2 At cyanogenmod downloads a the build identified by cdma shadow code stopped at cm shadow full 154.zip code the available links are broken em . When they were resumed they've been renamed to shadow code being shadow code the codename for the Droid X. Droid X strong formerly known as Droid Xtreme has the development codename Shadow . li CDMA strong Stands for Code Division Multiple Access. It is the general system used for 3G services. li ul Related information h2 CDMA Technology strong CDMA is a wireless technology standard used by Verizon Wireless in all of its phones and by certain other carriers in the countries listed at this link a . blockquote Trying further to justify this answer strong h2 Here's the metadata found at META INF com android metadata code for the cm 7 20120624 NIGHTLY shadow.zip a where can be seen the reference to the cdma shadow strong post build verizon shadow vzw cdma shadow shadow 2.2.1 VZW 23.340 user ota rel keys release keys post timestamp 1289194863 pre device cdma shadow code pre And yet the information presented on the menu hover effect Besides from this the cyanogenmod documentation forums and wiki pages reveal no better insight and are mentioned to be outdated. This seams to be the best official justification for the build rename. ", "upModVotes": 4, "answerScore": "4", "id": 24794, "authorUsername": 0}