{"username": "Dick Byre", "accepted": 0, "subtitle": "", "views": 3207, "tags": "<sony-ericsson-xperia-x8><sim-unlocking>", "userId": "7502", "userReputation": 29, "title": "", "downModVotes": 1, "authorUserId": 0, "answer": "You should try Open Garden Wifi Tethering a . It supports bluetooth so You can easily share the connection this way. Of course it would be slower but still wireless. If You don't have bluetooth adapter You can buy one on ebay for less than 2. ", "upModVotes": 3, "answerScore": "2", "id": 12713, "authorUsername": 0}