{"username": "Joe", "accepted": 0, "subtitle": "", "views": 12677, "tags": "<wi-fi><4.0-ice-cream-sandwich><samsung-galaxy-s-2>", "userId": "14893", "userReputation": 1, "title": "", "downModVotes": 1, "authorUserId": 0, "answer": "I'm having this issue with a captivate running CM9. It only happens on certain networks. I can't attribute it to DHCP Static since thats IP and it runs higher in the stack than the physical connection. Only guess is with static IP the device isn't entering low power state on the wifi chip where with DHCP it may allow that. I've got some access points that show me connected clients active inactive or inactive standby. Certain access points routers may disconnect clients that don't respond frequently enough in standby state . My ubiquiti unifi access points don't disconnect my phone when in standby my ubiquiti pico2 access points do. Linksys WRT54G does disco in standby while my Motorola eXtreme Docsis 3.0 Wireless Router at home does not. It is consistent in each location so I attribute it more to the access point actively dropping a standby connection versus it being something wrong with the phone. ", "upModVotes": 0, "answerScore": "-1", "id": 22786, "authorUsername": 0}