{"username": "C\u00e9dric", "accepted": 0, "subtitle": "", "views": 910, "tags": "<notifications><alerts><weather>", "userId": "58390", "userReputation": 1, "title": "", "downModVotes": 0, "authorUserId": 0, "answer": "My solution to preserve modification date during file copy on Android device with MTP strong Tested on LG G2 stock without root Andorid 4.4.2 and HTC one M7 Andorid 4.4.2 Network share of the folder to copy on the computer Win 8 li Use SyncMe Wireless a to copy files from computer to device li ol As far as I can see the modification dates are fully preserved ", "upModVotes": 0, "answerScore": "0", "id": 67417, "authorUsername": 0}