{"username": "DavidAP", "accepted": 1, "subtitle": "I'd like to be able to stream video to my android phone Samsung Galaxy S rooted 2.2 from a PC running Windows XP I'm at work . There's no wireless network here VLC and similar marketplace apps seem to only offer this service over wifi 3G can I over USB? ", "views": 9454, "tags": "<usb><video><windows><streaming>", "userId": "7973", "userReputation": 335, "title": "Can I stream video from PC to an android device over USB?", "downModVotes": 0, "authorUserId": "1084", "answer": "I think the answer here is in all practicability no. One hypothetical alternative would be USB host support and to mount an external hard drive or thumb drive onto your phone. This would mean doing something like this How To Mount External Hard Drive to Your XOOM. a This seems impractical and potentially dangerous who knows if that OTG cable might cause a short . The SGS may not even recognize the cable or the drive and the apk may not work with your phone. That's the best answer I have on actually connecting via usb to a storage location. Actual streaming from a PC via the USB port though? Even if there were a way it'd probably require extensive work on both the phone and the computer. Wouldn't a better and way easier solution be to buy a wireless USB adapter and set it to ad hoc mode and SSID non broadcast? Just a thought. ", "upModVotes": 6, "answerScore": "6", "id": 13418, "authorUsername": "fearoffours"}