{"username": "TeT", "accepted": 0, "subtitle": "I just bought a new d2 Tablet a and it seems to be functioning normally except that the Wi Fi will not turn on. I navigated to the settings screen and selected Wi Fi and dragged the Off code button to On code . It stayed at On code and displayed the text Turning Wi Fi on... for five seconds after which it turned the button back to Off code . It has done this repeatedly. I know I have good wireless signal b c I'm using it to submit this question from my laptop. Is there some additional diagnostic I can do or do I need to see about returning it as defective? ", "views": 966, "tags": "<4.0-ice-cream-sandwich><wi-fi>", "userId": "22766", "userReputation": 21, "title": "How to Diagnose Wireless that won't turn on?", "downModVotes": 0, "authorUserId": "22703", "answer": "This is what i would do myself and in that order Modify the way you authenticate to the Wifi access point. Removing temporarily strong any kind of encryption. If this fix your problem Your phone most likely doesn't handle some advanced kind of WPA2 or something like that. li Look for an issue in the configuration of the access point itself. Look for MAC address filtering for example. li Finally as a last resort use command line tools like adb debug on your phone to read what's happening to your wireless driver on the phone. li ol ", "upModVotes": 2, "answerScore": "2", "id": 32252, "authorUsername": "C. Ross"}