{"username": "eldarerathis", "accepted": 0, "subtitle": "", "views": 264, "tags": "<keyboard><hardware>", "userId": "981", "userReputation": 31761, "title": "", "downModVotes": 0, "authorUserId": 0, "answer": "As far as I'm aware there really shouldn't be any other settings which are affected by the OTA. In fact Android Central has a thread a where people are compiling a list of new features and apps along with reported issues and bugs. They've put this losing your alarms in their list of bugs. It looks like it also broke Netflix and Wireless N support for what it's worth. ", "upModVotes": 2, "answerScore": "2", "id": 10154, "authorUsername": 0}