{"username": "Karan Raj Baruah", "accepted": 0, "subtitle": "", "views": 104478, "tags": "<4.0-ice-cream-sandwich><samsung-galaxy-s-2><sms><mms>", "userId": "31626", "userReputation": 1566, "title": "", "downModVotes": 0, "authorUserId": 0, "answer": "Your phone probably is fixed in 3G mode or is in auto 3G GSM mode. I suggest you to switch to GSM only mode. That way you won't face a network problem. Go to Settings Wireless and Networks Mobile networks Network Mode blockquote Select GSM only from that menu. Also try going to Network Operators from the mobile network menu and try selecting a network manually. ", "upModVotes": 0, "answerScore": "0", "id": 64878, "authorUsername": 0}