{"username": "Izzy", "accepted": 0, "subtitle": "", "views": 4082, "tags": "<adb><terminal>", "userId": "16575", "userReputation": 64318, "title": "", "downModVotes": 0, "authorUserId": 0, "answer": "If you want to use the internet connection your Android device provides to access the internet when working on your laptop this is called Tethering a this Wikipedia article gives you closer information . The followint Q amp A gives you some closer information on this topic Use 3G connection on my Android in Ubuntu a Though the title mentions Ubuntu the solution provided there explicitly states to also support Fedora and it should work via USB cable. Starting with Froyo Android 2.2 your device can also directly act as a Wifi Hotspot just check in the setup under Wireless amp Networks em which of course requires your laptop to support Wifi but which laptop does not? . When running into trouble with this you might want to check this Q amp A Tethering an Android 2.2.1 Froyo using Wifi a If your question is rather the other way around Your laptop having internet and you want to use that connection from your Android this is called Reverse tethering em . In this case check Connect Android device as wifi adapter to a PC to create an ad hoc network a More on reverse tethering you can find checking the questions tagged reverse tether a . ", "upModVotes": 1, "answerScore": "1", "id": 28374, "authorUsername": 0}