{"username": "Edelcom", "accepted": 0, "subtitle": "", "views": 351, "tags": "<cyanogenmod><ssh><busybox>", "userId": "594", "userReputation": 4052, "title": "", "downModVotes": 0, "authorUserId": 0, "answer": "In case this helps someone with the same problem I have the solution I had to check the Settings code Wireless and network code Mobile network code Use packet data code strong check box. When this was done I could send picture MMS messages. Maybe obvious for some .. but it sure was one setting I thought I should not need just to send an MMS message. ", "upModVotes": 10, "answerScore": "10", "id": 8035, "authorUsername": 0}