{"username": "Sharain", "accepted": 0, "subtitle": "", "views": 199, "tags": "<ad-hoc-networks>", "userId": "53381", "userReputation": 196, "title": "", "downModVotes": 0, "authorUserId": 0, "answer": "The speed of an upload or download is determined by more than one factor and can not simply be increased . If the network connection is weak there is little you can do about that. The speed will be determined by your upload speed the receivers download speed and how the communicating devices handle it all. As you are likely using wireless on your phone things that can interfere with the wireless signal has also a lot to say. The more clear space is between you and the router the better. Even then other wireless devices can cause disturbance in the signal. So the answer is you really cam't unless you know exactly em what is slowing the speed down and even then it is a gamble. What you can do is of course connect the phone to a computer and upload the pictures manually from there. If the computer is connected to the net with wire your pictures should take no time to upload download ... unless you are on a 20 year old net line that is... ", "upModVotes": 0, "answerScore": "0", "id": 64943, "authorUsername": 0}