{"username": "Maurice", "accepted": 0, "subtitle": "", "views": 966, "tags": "<4.0-ice-cream-sandwich><wi-fi>", "userId": "14029", "userReputation": 163, "title": "", "downModVotes": 0, "authorUserId": 0, "answer": "I found out there are two types of Xbox360 controller. the regular wireless controller with optional usb charger cable li the actual wired usb controller li ol Allthough the wireless controller with USB charger cable looks like a regular USB controller it does not behave this way. Also when connected via USB it will still operate wirelessly. So the problem lies in the controller. To use a xbox360 controller via USB we would need the actual wired USB controller and NOT em the wireless controller with charger cable. ", "upModVotes": 0, "answerScore": "0", "id": 32193, "authorUsername": 0}