{"username": "beavel", "accepted": 0, "subtitle": "", "views": 9366, "tags": "<wi-fi><mac-address><dhcp>", "userId": "47306", "userReputation": 111, "title": "", "downModVotes": 0, "authorUserId": 0, "answer": "Try changing the channel that the wireless is hosted on. I've had this recently with two different devices one android where my wireless did not appear in list of available SSID's. In both cases it was in the 5 GHz spectrum and moving my N to a different channel fixed the problem. Apparently certain driver don't implement the full spectrum properly. ", "upModVotes": 1, "answerScore": "1", "id": 58075, "authorUsername": 0}