{"username": "Amanda", "accepted": 0, "subtitle": "", "views": 596, "tags": "<audio><streaming>", "userId": "3550", "userReputation": 2540, "title": "", "downModVotes": 0, "authorUserId": 0, "answer": "I really like APNdroid and haven't had problems with it at all. However I've got an HTC Dream that's unlocked and running on AT amp T so it is pretty much guaranteed that I'm not getting OTA updates. You can always access your APN settings directly so even if an update broke your APN settings you should have been able to go in through Settings gt Wireless controls gt Mobile networks gt Access point names code I have the option of manually adding one or more APNs and a reset to defaults button that will restore the T Mobile APNs my phone shipped with. ", "upModVotes": 1, "answerScore": "1", "id": 7770, "authorUsername": 0}