{"username": "Ryan Conrad", "accepted": 0, "subtitle": "", "views": 1626, "tags": "<wifi-tethering><wi-fi>", "userId": "1951", "userReputation": 19762, "title": "", "downModVotes": 0, "authorUserId": 0, "answer": "I will say yes but that answer doesn't necessarily hold true 100 of the time. It really depends on the bands that the device supports. On the device spec sheets you will usually see something like this 800 1900 700 blockquote These are the bands that the device will operate on. I pulled these numbers from the Droid Bionic a . From that spec sheet it goes even further and shows that it supports EV DO rev.A CDMA 3G and LTE 4G . So this phone does support Verizon's 3G amp 4G networks which means that if 4G is not avaialble then it will fall back to the CDMA data network which is what the device will uses for Voice even when data uses LTE. The same rules apply for GSM networks like AT amp T and T Mobile. The device spec sheet will say what bands the device can operate on and if the carrier's network operates within that band then the phone will work. This is why iPhone users can use unlocked AT amp T iPhones on T Mobile's network but they only can get EDGE data. This is because the iPhone does not support the band that T mobile uses for its UMTS HSPA HSPA 3G 4G data networks. T mobile a bands 850 1900 GSM GPRS EDGE li 1700 2100 UMTS HSPA li ul AT amp T a bands 850 1900 GSM GPRS EDGE li 580 1900 UMTS HSPA 3G li 700 LTE 4G li ul Verizon a bands 800 1900 CMDA EV DO 3G li 700 LTE 4G li ul Sprint doesn't know if they want to use LTE or WiMax so I am not listing their bands. ", "upModVotes": 9, "answerScore": "9", "id": 14816, "authorUsername": 0}