{"username": "Mr. Buster", "accepted": 0, "subtitle": "", "views": 318, "tags": "<4.0-ice-cream-sandwich><networking>", "userId": "11343", "userReputation": 3438, "title": "", "downModVotes": 0, "authorUserId": 0, "answer": "For GSM devices as far as I know the proxy settings for your mobile data connection are defined in the Access Point Name APN . Go to Settings gt Wireless and Networks gt More gt Mobile Networks gt Access Point Names gt Your data APN code your device's menu may differ slightly . Check the Proxy code field it's possible this got modified somehow. Might also be worth snooping around your carrier's website for the recommended APN settings and double checking that everything is correct. Once finished press Menu gt Save code and give it a test. ", "upModVotes": 5, "answerScore": "5", "id": 47207, "authorUsername": 0}