{"username": "Matthew Read", "accepted": 0, "subtitle": "When my wireless is turned off and I get near an open wireless network it automatically connects to it. Why? How can I completely turn off the Wi Fi so that my phone will not do such insecure things? ", "views": 145, "tags": "<wi-fi><security>", "userId": "1465", "userReputation": 43905, "title": "How can I turn off Wi Fi in Android?", "downModVotes": 0, "authorUserId": "4895", "answer": "If it was turned off it wouldn't be able to detect the network. Go to Settings gt Wireless and network gt Wi Fi settings code and uncheck Wi Fi to disable Wi Fi. ", "upModVotes": 6, "answerScore": "6", "id": 12892, "authorUsername": "LanceBaynes"}