{"username": "Renan", "accepted": 0, "subtitle": "", "views": 26251, "tags": "<4.0-ice-cream-sandwich><samsung-galaxy-nexus><wifi-hotspot><ad-hoc-networks>", "userId": "14280", "userReputation": 634, "title": "", "downModVotes": 0, "authorUserId": 0, "answer": "Yes you are subject to the same risks as you would have in a laptop or any device that connects to a wireless network for that matter to avoid them the standard security procedures apply do not use unencrypted connections that you do not trust and always prefer HTTPS for browsing. ", "upModVotes": 21, "answerScore": "21", "id": 22149, "authorUsername": 0}