{"username": "Toni Marie Swats", "accepted": 0, "subtitle": "", "views": 838, "tags": "<samsung-galaxy-s-3><wifi-tethering>", "userId": "57985", "userReputation": 101, "title": "", "downModVotes": 0, "authorUserId": 0, "answer": "Try deleting forgetting the wireless connection first. Sometimes security information WPA WPA2 related to the connection is cached and is no longer relevant. When the security information doesn't match the connection can be shaky. If this is a pervasive issue all wireless connections delete forget all wireless connections and open the app in app manager and delete all cached data. ", "upModVotes": 0, "answerScore": "0", "id": 67067, "authorUsername": 0}