{"username": "Leyon", "accepted": 0, "subtitle": "", "views": 30015, "tags": "<2.2-froyo><wi-fi><settings><bluetooth><battery>", "userId": "9276", "userReputation": 21, "title": "", "downModVotes": 0, "authorUserId": 0, "answer": "I dont think so that your need to have to Port if you are willing to use VPN on Android. You simply need to add the server name in the settings which will be given to you by your VPN Provider. However i will advise you to configure the setting again on vpn android a . It will surely works out as one of my friend has also faced such issues while connecting to vpn but he tried the configuration steps and then able to use the vpn serviceon its android phone. Follow these simple steps... Add a new VPN connection strong Press the Home icon press Menu and tap Settings Tap Wireless amp networks Tap VPN settings Tap Add VPN Select the type of VPN to add PPTP L2TP L2TP IPSec PSK VPN L2TP IPsec CRT VPN Fill in VPN details such as VPN name VPN server etc the required settings will depend on type of VPN selected and will be provided to you by your VPN Provider or network admin Click Save or Done. Connecting to the VPN strong Press Home icon press Menu and tap Settings Tap Wireless amp networks Tap VPN settings. The VPN connections you have added are now listed. Tap the VPN you wish to connect to. A dialog box will open asking for your credentials enter them and touch connect ", "upModVotes": 2, "answerScore": "2", "id": 15170, "authorUsername": 0}