{"username": "Logos", "accepted": 0, "subtitle": "", "views": 1620, "tags": "<wi-fi><internet>", "userId": "9160", "userReputation": 3467, "title": "", "downModVotes": 0, "authorUserId": 0, "answer": "You may need to manually specify the network and or APNs in Settings gt Wireless and network gt Mobile networks gt Access Point Names code vodafone's tech support for vodafone should be able to provide these for you. I have to do this when I use my WIND Mobile SIM card in Canada on my phone. ", "upModVotes": 1, "answerScore": "1", "id": 16122, "authorUsername": 0}