{"username": "ce4", "accepted": 0, "subtitle": "", "views": 34996, "tags": "<wi-fi><settings><data-transfer>", "userId": "15713", "userReputation": 12542, "title": "", "downModVotes": 0, "authorUserId": 0, "answer": "Android 4.0 officially supports bluetooth tethering in both directions and allows bridging to whatever the internet connection is wifi usb 3G . You need 1x device as tether host running Android 4.0 that has wifi 3g usb internet li 1x client device running Android 4.0 li both devices are bluetooth paired li enabled 'bluetooth tethering' setting on the host device settings wireless amp networks more tethering amp portable hotspot bluetooth tethering li ul You then can connect to the tethering profile settings bluetooth paired devices GN profiles Internet Access The GNexus fulfills all of that however your P1000 cannot officially upgraded to Android 4.0 though so you're out of luck or you have to install an aftermarket firmware e.g. CyanogenMod9 a which is based on Android 4.0.4 ", "upModVotes": 3, "answerScore": "3", "id": 28736, "authorUsername": 0}