{"username": "onik", "accepted": 0, "subtitle": "", "views": 145, "tags": "<wi-fi><security>", "userId": "475", "userReputation": 14544, "title": "", "downModVotes": 0, "authorUserId": 0, "answer": "You should check your USB connection mode. This can be found in Settings gt Wireless and network gt USB Settings code . This should be set to Mass storage code to access the memory card. Alternatively you can use the debugging mode by selecting Settings gt Applications gt Development gt USB debugging code . After this plug your phone in to the USB open the notification bar and tap the USB debugging notification to get to mount your drives. ", "upModVotes": 2, "answerScore": "2", "id": 12945, "authorUsername": 0}