{"username": "Sergey Vlasov", "accepted": 0, "subtitle": "", "views": 318, "tags": "<4.0-ice-cream-sandwich><networking>", "userId": "11251", "userReputation": 2064, "title": "", "downModVotes": 0, "authorUserId": 0, "answer": "See the USB access from guest in Hyper V a question on ServerFault in short Hyper V does not provide any way to access host USB ports from guests. There are some workarounds mostly USB over Ethernet solutions. Another option which could work for some use cases is to enable Wireless ADB on the devices and then access them via the network. ", "upModVotes": 1, "answerScore": "1", "id": 47140, "authorUsername": 0}