{"username": "Lie Ryan", "accepted": 0, "subtitle": "", "views": 25279, "tags": "<bluetooth><tethering><ios><bluetooth-tethering>", "userId": "482", "userReputation": 17576, "title": "", "downModVotes": 0, "authorUserId": 0, "answer": "You will need your operator's APN details hint ask the operator's customer service or search on Google which you can enter through Settings gt Tap Wireless amp network settings gt Tap Mobile networks gt Tap Access Point Names gt Press Menu Button gt Tap New APN code eclair 2.1 . Alternatively many operators can send a special service message that will automatically configure the correct APN settings. You might need to contact your operator's customer service or send an SMS text message to a special number before they send you the autoconfigure service message. ", "upModVotes": 3, "answerScore": "3", "id": 4268, "authorUsername": 0}