{"username": "geffchang", "accepted": 0, "subtitle": "", "views": 50235, "tags": "<usb-on-the-go><lg-optimus-one>", "userId": "5342", "userReputation": 14263, "title": "", "downModVotes": 0, "authorUserId": 0, "answer": "I'm not sure if you have a first question or if I understand your first question. But if you are looking for an app to read NFC tags just search for check nfc in Google Play. There are a lot of apps there. If you want to enable the NFC on a device go to Settings gt Wireless amp Networks gt More... gt NFC code . This is also how you check if the device can read NFC. To answer your second question please look at conor's answer in this question Is it possible to use Android Beam between an android device and another NFC device? a ", "upModVotes": 1, "answerScore": "1", "id": 39404, "authorUsername": 0}