{"username": 0, "accepted": 0, "subtitle": "", "views": 10431, "tags": "<wi-fi><networking>", "userId": null, "userReputation": 0, "title": "", "downModVotes": 0, "authorUserId": 0, "answer": "Have you checked whether the network is broadcasting its SSID? If it isn't then your phone won't find it and the network won't appear in the list. You can enter the network details manually by going into the Wi Fi settings strong under Wireless and network strong on my 2.1 phone then clicking Add Wi Fi network strong at the bottom of the Wi Fi networks strong section then entering the network's SSID. If you're already doing this and the network isn't being added it may be that the router has restricted the client devices that can connect to it. In this case you'll have to use a client with an established connection and modify the settings to allow your phone. You can typically add the MAC address to a whitelist. You can typically find your phone's MAC address under Settings strong About phone strong Status strong Wi Fi MAC address strong ", "upModVotes": 1, "answerScore": "1", "id": 805, "authorUsername": 0}