{"username": "Richard Borcsik", "accepted": 0, "subtitle": "", "views": 12677, "tags": "<wi-fi><4.0-ice-cream-sandwich><samsung-galaxy-s-2>", "userId": "13391", "userReputation": 5441, "title": "", "downModVotes": 1, "authorUserId": 0, "answer": "This functionality is built into android so there's no need for an external tool application. In settings Wireless and networks gt Mobile Networks gt Data Enabled code pre Disable this and you're all set. ", "upModVotes": 9, "answerScore": "8", "id": 22840, "authorUsername": 0}