{"username": "Ryan Conrad", "accepted": 0, "subtitle": "", "views": 23808, "tags": "<dlna>", "userId": "1951", "userReputation": 19762, "title": "", "downModVotes": 0, "authorUserId": 0, "answer": "In Settings Wireless amp Networks Data Usage code you should be able to uncheck the set mobile data limit . The limit will stop data usage when you reach the limit. You probably have this unchecked already . On this screen is where you can move the warning levels up so you will not reach them and you will not receive the notification. One thing to note If you have mobile data disabled the checkbox to set the limits will not be visible. Re enable it temporarily and you can dispatch the annoying notifications for good. ", "upModVotes": 8, "answerScore": "8", "id": 19980, "authorUsername": 0}