{"username": "user931", "accepted": 0, "subtitle": "", "views": 24258, "tags": "<wi-fi><bluetooth><file-system><file-management>", "userId": "3303", "userReputation": 10029, "title": "", "downModVotes": 0, "authorUserId": 0, "answer": "Install Wireless Tether a app free if you are rooted. It features Access Control. Means you can use it to allow deny ad hoc clients for mobile data. Ofcourse for this.. it'll need to display connected clients. And it works with Galaxy Nexus LTE Update strong You can use Fing Network Tools a too. Its clean way for your task. ", "upModVotes": 3, "answerScore": "3", "id": 20694, "authorUsername": 0}