{"username": "ce4", "accepted": 0, "subtitle": "I have a rooted Samsung Galaxy S3. I am about to go abroad and will need to connect my laptop to the Internet without having someone come and install a DSL or cable router as the waiting time to install these is quite long I would be gone before the internet technicians drop by . So what I have decided is to purchase a SIM card and connect my laptop to my android phone to do internet browsing. My understanding is that with tethering I can transform this phone into a router or wireless hotspot. What are tethering options settings or apps for this phone? li Is it better to connect the PC to the phone wirelessly via a USB cable to use tethering or via Bluetooth tethering? In terms of speed I guess Wi Fi tethering would be superior here. em li ol ", "views": 558, "tags": "<tethering><wifi-tethering><usb-tethering><bluetooth-tethering>", "userId": "15713", "userReputation": 12542, "title": "Tethering options for the laptop and the phone", "downModVotes": 0, "authorUserId": "31555", "answer": "I use all 3 methods and prefer USB tethering if possible. Some notes on each USB tethering strong Exclusive for one device there's only 1 cable li charges the phone li Safe network is not exposed wirelessly li No driver needed recent Macs Win Linux li Best speed and latency USB 2.0 has 480MBit s li Tethers any active connection on the phone wifi 3G li ul Wifi tethering strong more than one client at once possible li Wifi chip may draw extra power in this mode li Easy and well known setup on clients li No strings attached li ul Bluetooth tethering strong Doesn't draw extra power when enabled li Can be enabled 24 7 li Capps speed at respective BT speed 2MBit? li It's really OK speedwise for surfing li ul I tether my PC via USB most of the time to a wifi network my tablet tethers via BT primarily but I switch to wifi as needed too. I use this app a to automatically enable BT tethering on my Nexus phone. The BT tethering always on is very cool when I'm on a train and use my tablet No need to enable and remembering to afterwards disable wifi tethering the phone just stays in my pocket. ", "upModVotes": 1, "answerScore": "1", "id": 48253, "authorUsername": "user2239505"}