{"username": "Ambar", "accepted": 0, "subtitle": "", "views": 577, "tags": "<samsung-galaxy-s-2><connection-issues><usb-connection-mode><mac-os-x>", "userId": "30280", "userReputation": 11, "title": "", "downModVotes": 0, "authorUserId": 0, "answer": "Select the 'Mass Storage Only' option in the USB settings and then connect the cable. If this doesn't work you can connect your laptop and your phone to the same wireless network and use AirDroid a to transfer files wirelessly from your laptop to your phone and vice versa using a browser on your laptop. Both devices just have to be connected to the same wireless network with or without internet access . Hope this helps ", "upModVotes": 0, "answerScore": "0", "id": 41848, "authorUsername": 0}