{"username": "Flow", "accepted": 0, "subtitle": "", "views": 2461, "tags": "<windows><bluetooth><voip>", "userId": "440", "userReputation": 15665, "title": "", "downModVotes": 1, "authorUserId": 0, "answer": "Yes. On ICS the setting can be found at Settings gt Wireless amp Networks gt More.. gt Tethering amp portable hotspot gt USB tethering code I think it should be at the same place on Jelly Bean. Note that you need a device with a cellular data chip for this feature. Devices without e.g. the Nexus 7 won't show this option. USB tethering support was added with the 2.2 Froyo release a ", "upModVotes": 7, "answerScore": "6", "id": 28537, "authorUsername": 0}