{"username": "Sparx", "accepted": 0, "subtitle": "", "views": 838, "tags": "<tablet><tethering>", "userId": "1250", "userReputation": 9687, "title": "", "downModVotes": 0, "authorUserId": 0, "answer": "I haven't tried this myself but the following supposedly helps in getting a faster em lock for Samsung's Galaxy range of Android devices. Make sure GPS satellite and Wireless networks has been activated. Press 1472365 . This will bring up GPS settings. Settings gt Parameter Settings gt Address gt Server Type 1x MPC Settings gt Parameter Settings gt Position mode option3 Settings gt Fix Request Settings gt Session Operation Standalone Settings gt Fix Request Settings gt Server Option Local gpsOne XTRA gt Xtra Enable Enable code pre Then try with Google Maps. If you want to go back to the default setting Settings gt Parameter Settings gt Address gt Server Type UMTS SLP Settings gt Parameter Settings gt Position mode option2 Settings gt Fix Request Settings gt Session Operation MS based Settings gt Fix Request Settings gt Server Option Default code pre See if that helps. Other users have also reported issues with the Galaxy range of not receiving SMS messages immediately after returning out of Airplane Mode. Seems a touch buggy... ", "upModVotes": 1, "answerScore": "1", "id": 8421, "authorUsername": 0}