{"username": "Zuul", "accepted": 0, "subtitle": "", "views": 41520, "tags": "<4.0-ice-cream-sandwich><file-transfer><vanilla-android>", "userId": "16265", "userReputation": 8332, "title": "", "downModVotes": 0, "authorUserId": 0, "answer": "You haven't mentioned you Vizio Table version but assuming that it is Vizio 8 VTAB1008 a I've contacted their support team through the Live Chat a Conversation log strong Evan Thank you for contacting VIZIO Live Chat the home of Entertainment Freedom for All. This is Evan in South Dakota. Have you ever contacted us before? Salustiano Silva Nope Evan To better assist you I would like to get you registered for technical support so I can log this case. Could I start off by first getting your full address including City State and zip code physical address not PO Box and then could you give me your serial number date of purchase purchase location and price please? Salustiano Silva I don't know if my message was clear but the VTAB1008 isn't mine I'm just trying to help out be asking you is such device support any sort of usb keypad devices... Evan there is a wireless android based keyboard that Walmart carries Salustiano Silva Nice a light at the end of the tunnel can you point me in the right direction? Salustiano Silva I mean there's many there... don't know the right one that actually works with the VTAB1008 Evan Let me check on this for you. Salustiano Silva Thank you very much Evan You are welcome Evan Logitech Bluetooth Tablet Keyboard for Android Model 920 003390 Salustiano Silva Checking it now... As per a more technical issue using the wireless keyboard the on screen keyboard doesn't appear right? Also ussing arrow keys we can scroll what's on screen am I correct? Evan That is correct. Salustiano Silva Thank you for your help I'll go along and pass the message. Evan Is there anything else that I can assist you with today? Salustiano Silva Believe not If this works its all good Tks Evan Thank you for contacting VIZIO Chat Support If you need our assistance again in the future you can contact us by Chat Email and Phone service. That information is found on http www.vizio.com a . Case number is 2293020. Have a great day Evan has disconnected. blockquote The product recommended is the Logitech Bluetooth Tablet Keyboard for Android a Can be found at strong Amazon strong Logitech Tablet Keyboard for Android 3.0 920 003390 em a li Walmart strong Logitech Bluetooth Tablet Keyboard for Android em a li ul Reviews strong Android Central Bluetooth keyboard review Logitech keyboard for Android 3.0 tablets a li AndroidGuys Logitech Bluetooth Keyboard for Android 3.0 Review a li ul As per the chat I'm told that strong the arrow keys can be used to scroll documents web pages etc li the suggested wireless keyboard replaces the on screen keyboard thus allowing you to work with it on all the necessary input actions. li ul I hope this helps you out em ", "upModVotes": 5, "answerScore": "5", "id": 25434, "authorUsername": 0}