{"username": "Bill Parkes", "accepted": 0, "subtitle": "", "views": 4546, "tags": "<battery-life><3g><2g>", "userId": "23364", "userReputation": 59, "title": "", "downModVotes": 0, "authorUserId": 0, "answer": "Depending on where you are in the world and which carrier you're with your phone will have a unique model. You can find your phone's model number by going to Settings About device and it'll be around the middle of the page. North American models Carrier Name Model Identifier AT amp T US SGH I747 Bell Mobility CAN SGH I747 Moblicity CAN SGH T999 Rogers Wireless CAN SGH I747 SaskTel CAN SGH I747 Sprint US SPH L710 T Mobile US SGH T999 Telus Mobility CAN SGH I747 U.S. Cellular US SCH R530 Verizon US SGH I535 Videotron CAN SGH T999 Wind Mobile CAN SGH T999 code pre ", "upModVotes": 2, "answerScore": "2", "id": 33100, "authorUsername": 0}