{"username": "Matthew Read", "accepted": 0, "subtitle": "", "views": 351, "tags": "<cyanogenmod><ssh><busybox>", "userId": "1465", "userReputation": 43905, "title": "", "downModVotes": 0, "authorUserId": 0, "answer": "You can shut off all open network notifications by going to Settings gt Wireless and network gt Wi Fi settings code and unchecking Network notification strong . Since the notification is system level there's no way to leave it enabled and not receive notifications for the one network. But you could probably do something with Tasker to clear the notification automatically similar to this answer a . ", "upModVotes": 4, "answerScore": "4", "id": 8014, "authorUsername": 0}