{"username": "Sergey Vlasov", "accepted": 0, "subtitle": "", "views": 292, "tags": "<htc-desire><htc-one-x><htc>", "userId": "11251", "userReputation": 2064, "title": "", "downModVotes": 0, "authorUserId": 0, "answer": "Unfortunately there is no way to change the IP address range for the builtin tethering support even in CyanogenMod. The Wi Fi hotspot IP is hardcoded in android.net.wifi.WifiStateMachine.startTethering a the USB tethering IP is hardcoded in com.android.server.connectivity.Tethering a . However if your phone is rooted you can try using third party apps for tethering which have the option to change the IP address range. E.g. when the builtin USB tethering was broken in CyanogenMod alphas for Samsung Galaxy W I used Wired Tether for Root Users a which has such option. For Wi Fi tethering you can try the Wireless Tether for Root Users a app from the same authors which also has the option to change the IP address range. ", "upModVotes": 13, "answerScore": "13", "id": 46502, "authorUsername": 0}