{"username": "Qlue", "accepted": 0, "subtitle": "", "views": 1090, "tags": "<rooting><updates><samsung-galaxy-tab><3.1-honeycomb><mobile-network>", "userId": "25443", "userReputation": 176, "title": "", "downModVotes": 0, "authorUserId": 0, "answer": "From what I understand If you use a strong password in either wpa psk or wpa2 psk it's more or less unbreakable . Even if you use a legacy cipher like TKIP you still need to intercept the 4 way handshake to get the authentication packets. When you gotten that then the hashed string need to be brute forced. Android hotspots running wpa2 psk will use the AES cipher by default unless told otherwise by the device requesting access. So as long as you force both of your computers to run AES and pick a strong password. You shouldn't worry about the neighbours cracking your WIFI Recommendations regarding the password strong Don't use any words that can be found in a dictionary li Mix Letters Capitol Letter Numbers amp ? The more randomness the better li The length of password should probably be at least 10 characters long if you follow the advice above then the longer the better li ol Newer android phones can filter by MAC and hide the SSID My Samsung Galaxy SIII can But that's more or less security by obscurity with the tools out there today. Basic sniffing tools can find hidden networks and MAC addresses can easily be spoofed Toms Hardware did an article about it last year Link to article a They show CPU and GPU based cracking the later is the de facto standard these days. ", "upModVotes": 3, "answerScore": "3", "id": 36018, "authorUsername": 0}