{"username": "Omar Kooheji", "accepted": 0, "subtitle": "", "views": 7895, "tags": "<networking><root-access>", "userId": "251", "userReputation": 384, "title": "", "downModVotes": 1, "authorUserId": 0, "answer": "If you want to make skype calls over wifi you can use Fring a or Nimbuzz a both should be available in the market. I think you can also do calls over 3G but YMMV and it will eat into your data plan like a fat kit in a chocolate warehouse. If you are on Verizon Wireless in the US or on Three in the UK Possibly elsewhere you can download an official skype app that only uses data for presence who's logged in etc when you want to make a skype call it calls a toll free number which is then redirected to Skype so it's not using your Data allowance and not killing the network for others. I don't know about the US but in the Uk this only works over 3g and will often fail to work if you have wireless enabled and are within range of a Wifi network. Using this App on Three UK you can make Skype out calls and even configure your phone to automatically use Skype for international phone calls instead of just dialling the number normally. ", "upModVotes": 2, "answerScore": "1", "id": 1353, "authorUsername": 0}