{"username": "Matthew Read", "accepted": 0, "subtitle": "", "views": 790, "tags": "<wi-fi><connection-issues>", "userId": "1465", "userReputation": 43905, "title": "", "downModVotes": 0, "authorUserId": 0, "answer": "If you're asking if you can do remote desktop on a phone and also have the phone output to a TV the answer's yes. I use Remote Desktop Enterprise on my device Samsung Galaxy S Vibrant and my device supports some sort of output from the USB port to HDMI as well as wireless DLNA. ", "upModVotes": 1, "answerScore": "1", "id": 7132, "authorUsername": 0}