{"username": "Juma", "accepted": 0, "subtitle": "", "views": 10161, "tags": "<wi-fi><networking><internet><tethering>", "userId": "39529", "userReputation": 41, "title": "", "downModVotes": 0, "authorUserId": 0, "answer": " Tap the Menu button on your handset. li Tap Settings. li Tap Wireless and Networks. li Tap Wi Fi settings. li Tap the Menu button again. li Tap Advanced Figure B . li Tap the Proxy setting and make sure your Android device is not set up for a Proxy. Unless the Wi Fi network you are on requires a Proxy this setting will get in the way of your device's access to the computer If you tap on Proxy and see an IP address or domain delete it. li ol ", "upModVotes": 0, "answerScore": "0", "id": 51374, "authorUsername": 0}