{"username": "A\u029f \u1d07", "accepted": 0, "subtitle": "", "views": 765, "tags": "<motorola-droid><wifi-hotspot>", "userId": "267", "userReputation": 17484, "title": "", "downModVotes": 0, "authorUserId": 0, "answer": "This community wiki will list all of the known and rumored dates of upgrades for devices that shipped with a prior version of Android. If you have an update make sure to follow the format that's been established and the following guidelines Keep phones in alphabetical order listing the manufacturer and model li Specify if the date is confirmed or rumored and link to the source li If there is an unofficial release link to the site where it can be downloaded li ol If you don't have a high enough reputation score to edit the wiki currently 100 leave your suggestion in a comment or answer and someone will update the list. Phones h2 Acer Liquid E strong Official Nov. 19 2010 confirmed a li ul HTC Aria strong Official Southeast Asia Dec. 17 2010 confirmed a li ul li ul HTC Desire strong Official Cellular South Mar. 18 2011 confirmed a li U.S. Cellular Feb. 8 2011 confirmed a li Virgin Media Nov. 11 2010 confirmed a li UK via HTC Sep. 18 2010 confirmed a li Canada Telus Oct. 25 2010 confirmed a li ul li ul HTC G1 strong OTA Never li Unofficial myTouch 3G port a li ul HTC Legend strong Official Europe Dec. 9 2010 confirmed a li ul HTC Magic strong OTA Vodafone UK 14 Dec 2010 confirmed a li ul HTC myTouch 3G strong Official Jan. 12 2011 confirmed a li ul HTC myTouch Fender LE amp myTouch 3G 3.5mm jack aka myTouch 3G 1.2 strong Official Jan 25 2011 confirmed a li ul HTC myTouch 3G Slide strong OTA planned no date confirmed a li ul HTC Wildfire strong Official United Kingdom Dec. 20 2010 confirmed a li Germany T Mobile Dec. 21 2010 li rest of Europe Week of Dec. 23 2010 confirmed a li ul li ul LG Ally strong Official Jan. 19 2011 source a li ul li ul LG Apex strong Official Q1 2011 confirmed a li ul Motorola CHARM strong Official never strong will remain at Android 2.1 confirmed a li ul Motorola CLIQ XT strong Official never strong will remain at Android 1.5 confirmed a li ul Motorola Defy strong Europe Asia Middle East 2Q 2011 source a li ul Motorola FLIPOUT strong Official never strong will remain at Android 2.1 confirmed a li ul Motorola i1 PTT strong Official never strong will remain at Android 1.5 confirmed a li ul Motorola Milestone strong Europe Mar. 15 2011 confirmed a li Asia Middle East 4Q 2010 initial rollout source a li Asia Pacific Canada Latin America 1Q 2011 source a li ul Motorola Milestone XT720 strong Official Cincinnati Bell Jul. 4 2011 confirmed a li ul li ul Samsung Acclaim strong Official Jan. 19 2011 via download confirmed a li ul Samsung Captivate strong Official via Kies Canada Rogers Jan. 10 2011 confirmed a li U.S. AT amp T Feb. 24 2011 confirmed a li ul li ul Samsung Continuum strong Official Jan. 18 2011 rumored a li ul Samsung Epic 4G strong Official Feb. 22 2011 confirmed a li Unofficial Nov. 7 2010 confirmed a li ul Samsung Fascinate strong Official Canada early 2011 confirmed a li United States Apr. 21 2011 confirmed a li ul li ul Samsung Galaxy 3 I5800 I5801 strong Official some time in November December 2010 source a li Unofficial Dec. 12 2010 instructions a li India 14th April 2011 a li ul Samsung Galaxy 5 I5500 strong Official some time in November December 2010 source a Belgium Luxembourg Apr. 2011 hearsay a li ul li Unofficial Dec. 4 2010 instructions and download a li ul Samsung Galaxy A Korea strong OTA Nov. 15 2010 confirmed a li ul Samsung Galaxy S International strong Official T Mobile 2nd week of Dec. 2010 tentative source a li Europe O2 Nov. 15 2010 confirmed a Vodafone Nov. 15 2010 confirmed a li Korea Nov. 15 2010 confirmed a li Middle East Nov. 15 2010 li UK via Samsung Kies Nov. 4 2010 confirmed a li ul li ul Samsung Intercept strong Official Sprint Dec. 17 2010 confirmed a li Virgin Mobile Mar. 25 2011 confirmed a li ul li ul Samsung Mesmerize strong Official Mar. 24 2011 confirmed a li ul Samsung Moment strong Official never strong confirmed by Sprint a li Unofficial li ul Samsung Vibrant strong Official Canada Dec.9 2010 confirmed a rollout suspended 20 Dec 2010 a li U.S. T Mobile Jan. 21 2011 confirmed a li ul li Unofficial Nov. 9 2010 confirmed a li ul Sony Ericsson Xperia X10 strong Official never strong confirmed a li ul Tablets h2 Archos 28 32 43 70 101 strong Official Nov. 30 2010 confirmed a li ul Dell Streak strong Official unbranded unlocked Nov. 15 2010 confirmed a li AT amp T Jan. 12 2011 confirmed a li O2 Dec. 15 2010 confirmed a li ul li ul ViewSonic ViewPad 10 strong Unofficial Nov. 12 2010 source a li ul Other devices h2 Barnes amp Noble Nook Color strong Official Apr. 20 2011 confirmed a li Unofficial Dec. 6 2010 video a li ul This is not specific to Froyo but this forum posts lists the rough dates for all Android versions for all Motorola models https supportforums.motorola.com community manager softwareupgrades a ", "upModVotes": 28, "answerScore": "28", "id": 3375, "authorUsername": 0}