{"username": "Calvin Fisher", "accepted": 0, "subtitle": "", "views": 358, "tags": "<2.2-froyo><htc-hero><rom><wifi-tethering><wi-fi>", "userId": "5641", "userReputation": 121, "title": "", "downModVotes": 0, "authorUserId": 0, "answer": "Assuming your computer doesn't have a Wi Fi card already and you're not rooted I would probably just buy a USB Wi Fi card. You can almost certainly buy one for less than the cost of PDANet. If you are rooted Cyanogenmod a has had built in tethering in the Wireless amp network settings em menu for a while now. You can enable USB tethering em and connect your phone to the hotspot to essentially have it act like a USB Wi Fi card. For my other tethering needs that aren't covered ROM covered e.g. Bluetooth network tethering I've preferred Android Wi Fi Tether a which is free although I don't know how well it works on the Milestone. ", "upModVotes": 0, "answerScore": "0", "id": 10000, "authorUsername": 0}