{"username": "Vinit Shandilya", "accepted": 0, "subtitle": "", "views": 276, "tags": "<wifi-hotspot>", "userId": "43414", "userReputation": 172, "title": "", "downModVotes": 0, "authorUserId": 0, "answer": "If you are using Windows USB should be your best bet. But several distros of Linux doesn't support MTP protocol ICS and above and hence you can't mount your Android to those computers. There are a number of methods which you can use for wireless file transfers. My favorites Install Airdroid a This is a very simple app which converts your device into a lightweight web server. After installation connect your PC to your Android over WiFi hotspot or existing infrastructure WiFi network. Airdroid will give you a web address. Just type it in your PC web browser and you would get a nice file management interface for your phone. li Use any FTP server for android like remote file management tool of ES File Explorer a The connectivity method is the same as mentioned above. Here you can use FTP for file transfer over USB Tethering mode or WiFi Hotspot mode . This is very handy if you're using Ubuntu due to FTP client integration in Nautilus . In Ubuntu press Ctrl L and type the ftp in file path. You should get full SD card mounted as network drive. li ol I've been using the second method since past few months. Since android WiFi access point always gives the same IP I've managed to put everything in a bash script to facilitate one click mount. BASH Script bin sh nautilus ftp lt device ip gt lt port no gt code pre Don't forget to grant 'execute' permission to your shell script sudo chmod 777 lt path to your script gt code pre ", "upModVotes": 3, "answerScore": "3", "id": 60540, "authorUsername": 0}