{"username": "user47601", "accepted": 0, "subtitle": "", "views": 163, "tags": "<wi-fi><nexus-4><4.3-jelly-bean><4.4-kitkat>", "userId": "47601", "userReputation": 1, "title": "", "downModVotes": 0, "authorUserId": 0, "answer": "Endless hours were spent trying to connect my Motorola Razr to my computer. This finally worked Go to Google Playstore on the phone. Download Motorola PIM all upper case . If you have an extended battery case charger on the phone remove the phone and insert the USB cable into the port on the top of the phone. Or Download AirDroid a and connect wirelessly. ", "upModVotes": 0, "answerScore": "0", "id": 58314, "authorUsername": 0}