{"username": "Flow", "accepted": 0, "subtitle": "", "views": 7917, "tags": "<tablet><asus-eee-pad-transformer><printing>", "userId": "440", "userReputation": 15665, "title": "", "downModVotes": 0, "authorUserId": 0, "answer": "It depends some Android devices have an advanced setting WiFi Sleep Policy strong under Settings gt Wireless gt Wi Fi Settings gt Menu Button Advanced gt Wi Fi Sleep Policy code But I am not sure if this is a vanilla Android feature or an manufacturer modification. At least the Galaxy S series has this setting. Data networks are usually fully active. But Apps like Tasker allow you to define certain profiles to improve battery life. For example Only allow 2G when the display is off because 2G requires less battery then 3G UMTS . ", "upModVotes": 12, "answerScore": "12", "id": 17349, "authorUsername": 0}