{"username": "eldarerathis", "accepted": 0, "subtitle": "", "views": 5189, "tags": "<wi-fi><2.2-froyo><connection-issues><huawei-u8800>", "userId": "981", "userReputation": 31761, "title": "", "downModVotes": 0, "authorUserId": 0, "answer": "Most likely your X8 is broadcasting the wireless network in ad hoc a mode rather than infrastructure AP mode a . Android does not natively support ad hoc wireless connections which is why your tablet cannot see or connect to the hotspot. Your options depend largely on the state of your devices. If your phone is rooted then you can try a custom ROM or kernel that is built with support for infrastructure mode. XDA's X8 sub forum a would be a good place to start looking for a ROM kernel that suits your needs. Custom ROMs may list infrastructure or wifi tethering support in their features though you may have to skim the ROM's thread as a whole to find out. If your tablet is rooted then you could try to find a wireless module that has been built to support ad hoc mode. There are modifications for many mainstream tablets that will enable this functionality usually consisting of a patched version of the wpa supplicant code binary that would need to be installed on your device. If neither device is rooted then there is probably not much you can do. You may want to look into other alternatives such as perhaps Bluetooth tethering a . ", "upModVotes": 3, "answerScore": "3", "id": 24417, "authorUsername": 0}