{"username": "jaamgans", "accepted": 0, "subtitle": "", "views": 716, "tags": "<4.0-ice-cream-sandwich><wi-fi>", "userId": "9091", "userReputation": 294, "title": "", "downModVotes": 0, "authorUserId": 0, "answer": "You can restrict this information by adjusting you location settings i.e. under location services switch off the option to use wireless networks. This should stop most if not all from reporting your current position. ", "upModVotes": 1, "answerScore": "1", "id": 40954, "authorUsername": 0}