{"username": "Vi0", "accepted": 0, "subtitle": "", "views": 271, "tags": "<wi-fi><networking><wifi-tethering><usb-tethering>", "userId": "5387", "userReputation": 780, "title": "", "downModVotes": 0, "authorUserId": 0, "answer": "Use uSipServer a SipDroid a or whatever SIP client configured at an explicit IP address. Like one device has uSipServer started Wi Fi AP in Tethering menu and SipDroid connected to test1 127.0.0.1. Other device connects to Wi Fi and use SIP account test2 192.168.43.1 and calls to test1 . Update b Have just tested that this configuration actually em works Put first device in Portable Hotspot mode Settings Wireless amp networks Tethering amp portable hotspot Portable Wi Fi hotspot li Start uSipServer on the first device li Connect the second device to AP created by the first Setting Wireless amp networks Wi Fi settings Wi Fi networks X10i or whatever name li Start SipDroid on the second device specifying for example qqq as user and 192.168.43.1 as SIP server. The indicator goes green. li Start SipDroid on the first device speciftgin for example eee as user and 192.168.43.1 or 127.0.0.1 as server. The indicator stays yellow. li Can phone from the second device to the first specifying eee in the lower call field can phone from the first device to the second specifying qqq in the lower call field. No external entities like extra access points or cellular provider involved. li ol I tried other SIP clients like CSipSimple and Linphone but they refuse to work on the first device when no normal network is configured. And SipDroid which is fortunately dumb enough to overlook network absence is not codec compatible with everything else I tried. Note that if there are other network connections present SipDroid may confuse them and send the wrong IP to it's peer resulting in one way phone. Test with only Wi Fi hotstop Wi Fi client enabled. ", "upModVotes": 2, "answerScore": "2", "id": 26242, "authorUsername": 0}