{"username": "frntn", "accepted": 0, "subtitle": "", "views": 2193, "tags": "<samsung-galaxy-note><external-keyboard><text-input>", "userId": "33522", "userReputation": 31, "title": "", "downModVotes": 0, "authorUserId": 0, "answer": "I just went through the same issue. Definitely solved now. At first I had a very bad connection speed even on H or 3G. On spotify app the bad connection problem turned to no connection so I decided to investigate. The problem was my network AP which was configured over WAP which is not a real full featured Internet connection. So I had to switch to the good AP I've had to create a new one . I did so on Android ICS like this went to Settings More... Wireless and network Mobile Networks Access Point Names li Switch my AP I only had WAP and MMS . None of these two are recommended for spotify app which doesn't use HTTP protocol to stream data. So I created a new one named Internet and filled in the settings page with informations found on my network provider support page I am in France so my settings won't be suitable for you li ol Now spotify works great I have a new blasting Internet connection for all the other apps Hope it helps ", "upModVotes": 3, "answerScore": "3", "id": 44984, "authorUsername": 0}