{"username": "Mob", "accepted": 0, "subtitle": "", "views": 5048, "tags": "<google-play-store><wi-fi>", "userId": "10102", "userReputation": 172, "title": "", "downModVotes": 0, "authorUserId": 0, "answer": "While most Android OS versions do not support Adhoc You do not need to downgrade or upgrade your OS to connect to your computer or use wireless LAN. Please use Connectify a its a software that creates Wireless Hotspots for your android or any other device you need. ", "upModVotes": 0, "answerScore": "0", "id": 16659, "authorUsername": 0}