{"username": "Rohan Singh", "accepted": 0, "subtitle": "", "views": 104679, "tags": "<settings><dhcp>", "userId": "45", "userReputation": 1420, "title": "", "downModVotes": 0, "authorUserId": 0, "answer": "If you have Android 2.2 the functionality is built in so there usually is no need to install a separate app. Just go to Settings Wireless amp networks Tethering amp portable hotspot. However depending on your phone it is possible that your carrier has locked down this functionality. If this is the case you can either root your phone and install a clean Android 2.2 such as Cyanogenmod or you can call your carrier and pay their fee to enable it. ", "upModVotes": 4, "answerScore": "4", "id": 86, "authorUsername": 0}