{"username": "Matthew Read", "accepted": 0, "subtitle": "", "views": 908, "tags": "<linux>", "userId": "1465", "userReputation": 43905, "title": "", "downModVotes": 0, "authorUserId": 0, "answer": "The Thunderbolt has DLNA so if your TV supports DLNA you can use that. On my Samsung phone you use the AllShare app for DLNA but I think the Thunderbolt has another app built in. Page 275 of the User Manual a describes how to use DLNA. This droidforums thread a has a discussion of ways to use DLNA without a compliant TV I'm not sure how well other ways will work. There's also a multimedia dock that is supposed to be released shortly it's out of stock a until then. That should provide a cable based way of video output. ", "upModVotes": 4, "answerScore": "4", "id": 8756, "authorUsername": 0}