{"username": "Flow", "accepted": 1, "subtitle": "I was wondering how Google Maps on my Android phone can locate me with a good accuracy when my GPS is disabled. At first I though it was with the cell tower but I'm not sure it can achieve this precision and it is way better when the wireless is enabled the accuracy go from 1600m to 100 . What I don't understand is that I have a dynamic IP it's not supposed to be linked to my address. For example wolframalpha locates me with a very bad precision the country is correct and it's the same for all other IP location services. How does this work? ", "views": 13399, "tags": "<google-maps><geolocation>", "userId": "440", "userReputation": 15665, "title": "How does Google Maps estimate my location without GPS?", "downModVotes": 0, "authorUserId": "9133", "answer": "Google and others like Apple and Skyhook a build a Database which links WLAN BSSIDs a to a geographic location. A BSSID is like the MAC Address of a access point that gets broadcast by that access point. It is therefore publicly viewable if the BSSID broadcast is enabled which is the default for most access points. The BSSID operates on a lower layer than the IP stack you don't even have to be connected to an access point to receive these broadcasts. Every time you run Google Maps or Navigation with GPS and WiFi enabled and if your device is able to get a good GPS fix the currently visible WLAN networks and your current location the GPS fix are uploaded to Google to build and update the database. This technique is sometimes called crowdsourcing. Every Android device acts therefore as data collector. Since most access points are static in their position and only cover a small area the coverage radius is approximately 100m they are ideal anchors for a good location fix without GPS. ", "upModVotes": 25, "answerScore": "25", "id": 15010, "authorUsername": "Martin Trigaux"}