{"username": "Matthew Read", "accepted": 0, "subtitle": "", "views": 28954, "tags": "<bluetooth><samsung-galaxy-tab><skype><bluetooth-pairing>", "userId": "1465", "userReputation": 43905, "title": "", "downModVotes": 0, "authorUserId": 0, "answer": "Settings gt Wireless and network gt Mobile networks code pre or Settings gt Wireless Controls gt Mobile Network Settings gt Mode of Operation code pre There should be a Data only EVDO only or similar option in there depending on your phone em . My T Mobile Vibrant does not have this option for example but the HTC Hero does a . Another possibility is Settings gt Call settings gt Voice call code pre There should be Call forwarding or Call barring options there that might do it though they are greyed out for me. ", "upModVotes": 1, "answerScore": "1", "id": 3917, "authorUsername": 0}