{"username": "IAPS", "accepted": 0, "subtitle": "", "views": 596, "tags": "<2.2-froyo><wi-fi><settings><battery-life>", "userId": "12127", "userReputation": 1, "title": "", "downModVotes": 0, "authorUserId": 0, "answer": "its nice U have solved the issue I got some useful hints when i faced the same trouble while debugging HTC I was unable to set well wifi due to wrong vpn configs and these were the steps that i followed to set well a new connection tap the Home icon tap Menu and tap Settings. Tap Wireless amp networks. li tap VPN settings li tap Add VPN li select the type of VPN to add PPTP L2TP L2TP IPSec PSK VPN L2TP IPsec CRT VP li enter VPN details such as VPN name VPN server etc li ul setting up vpn well and debugging android OS solved the issue..this is original source where these steps to be found.... HTC VPN Setup a thnx ", "upModVotes": 0, "answerScore": "0", "id": 18977, "authorUsername": 0}