{"username": "Izzy", "accepted": 1, "subtitle": "I need a way to back up my whole Android device on my PC which is running Windows 7. I don't have USB cable for my phone but I have wireless router so my best option is using Wireless connection. I have encrypted my rooted Nexus S device and now I am locked out of accessing SD card via recovery. The only way to decrypt my device is Factory data reset which will erase all data on my phone. Before doing that I need to backup all my SD Card content Apps App data content to my PC. I need something much like Ultimate Backup Tool a but instead of recovering data through USB cable using wireless instead. ", "views": 305, "tags": "<wi-fi><backup><encryption>", "userId": "16575", "userReputation": 64318, "title": "Backing up Android device on Windows via wireless", "downModVotes": 0, "authorUserId": "29510", "answer": "Summing up the solution from the comments and expanding sup This process basically includes two steps Create a backup li Transfer it to the Windows PC wirelessly li ol A further pre condition for the following is that the device is rooted which is the case here. Create the backup h2 Depending on what you need to backup there are different good solutions available you can see the backup tag wiki a for more information With a custom recovery such as clockworkmod a you can create a nandroid a backup li Helium App Sync and Backup a can be used to create an adb a style backup of all your apps including their settings li Titanium Backup a does backups of all your apps data settings etc. and has proven well over all the years li ul All three options store their backups on the SDCard. So if your device features a microSD slot you could even simply take out the card and attach it to your PC using a card reader. This generally works without a cable and such could also count as wireless One thing you might need to care for manually are the media files and other downloaded manually created stuff. Usually this is stored on the SDCard as well but that could be the internal one so in case of the card reader option you might need to copy stuff to the external card manually which can be done with a good file manager such as ES File Explorer a . Transfer via WiFi h2 Now for the WiFi transfer. This can be done with the just mentioned ES File Explorer em which includes a Samba client to access Windows shares Just share a drive from your computer and then copy all files over. This also can be done the other way round pulling em the files with e.g. Airdroid a you can access your device from any web browser. Airdroid em includes a file manager and lets you upload and download files. Another more elegant variant especially if you want to automate things is to use a sync tool. Here you might want to take a look at FolderSync a As the name suggests this app lets you synchronizes files and folders. Like with ES File Explorer em you can use Samba CIFS here to access a Windows share. Elegant permanent solution Set up scheduled backups with Titanium Backup em and set up a matching sync interval for TiBu's backup directory with FolderSync em . That way you always have an up to date backup off board your device in case of brick loss whatever. ", "upModVotes": 1, "answerScore": "1", "id": 51851, "authorUsername": "xcyteh"}