{"username": "Dan Hulme", "accepted": 0, "subtitle": "", "views": 324, "tags": "<wi-fi><security>", "userId": "12442", "userReputation": 27986, "title": "", "downModVotes": 0, "authorUserId": 0, "answer": "Thanks to datasage for pointing out the official bug report a where many others are reporting the same problem. Some users commenting there have found that if they stop using wireless charging and instead charge the phone with a cable the problem goes away. That might be a useful workaround for you until Google fixes the problem properly with an OTA update. ", "upModVotes": 0, "answerScore": "0", "id": 57057, "authorUsername": 0}