{"username": "Abhirup Manna", "accepted": 0, "subtitle": "", "views": 583, "tags": "<wi-fi><htc><signal><optimization>", "userId": "6476", "userReputation": 495, "title": "", "downModVotes": 0, "authorUserId": 0, "answer": "The Sync feature is for the accounts which are connected to your phone and not the market. If you want to disable the auto updating of new versions of the apps follow the following steps Open market. Click menu and select My Apps. li Select the app which updates itself. After the description of the app there checkbox disable it. li ul If you want to disable account synchronizing follow these steps Open Settings Accounts amp Sync and uncheck the 'Background Data' and 'Auto Sync options'. li ul Alternatively you can just disable the packet data by going to Settings Wireless amp networks Mobile network settings and uncheck 'Use packet data' option. Hope this helps ", "upModVotes": 3, "answerScore": "3", "id": 11296, "authorUsername": 0}