{"username": "Matthew Read", "accepted": 0, "subtitle": "", "views": 26210, "tags": "<wi-fi>", "userId": "1465", "userReputation": 43905, "title": "", "downModVotes": 0, "authorUserId": 0, "answer": "Others are reporting similar issues a . Is your build number 4.06 4.08 or other? I would suspect that if you missed the initial rollout you'll have to wait a bit since they would want to do it gradually and not overload the network. You might get prompted again later or they might enable manual upgrades at some point. Verizon says you can update over Wi Fi a though again it looks to be an automatic thing rather than manual but maybe you'll get a second notification if you connect to Wi Fi. ", "upModVotes": 4, "answerScore": "4", "id": 15664, "authorUsername": 0}