{"username": "Dan Hulme", "accepted": 0, "subtitle": "", "views": 897, "tags": "<2.3-gingerbread><tasker><mac-os-x>", "userId": "12442", "userReputation": 27986, "title": "", "downModVotes": 0, "authorUserId": 0, "answer": "Assisted GPS may cost money it depends on your cellphone provider and you should check with them first. See this old CNET story a for more info. For Vodafone I couldn't find any official information online but this thread by a user on the official forum a suggests they charge A GPS data the same as any other Internet access. If you're worried about the data charges go into Settings strong Wireless and networks strong Mobile networks strong and turn off Data roaming strong the names may be slightly different depending on which device and Android version you have . While data roaming is turned off your phone won't try to use mobile data while you're roaming that is abroad . The GPS will still work fine but it may take longer to fix your position maybe as long as 12 minutes according to Wikipedia a . Whether the app you want to use will still work without an internet connection depends on the app you're trying to use. You should probably test this before getting abroad if it turns out you have to download and use a different app you won't have saved any money at all ", "upModVotes": 1, "answerScore": "1", "id": 42164, "authorUsername": 0}