{"username": "newuser", "accepted": 0, "subtitle": "", "views": 3440, "tags": "<aim><instant-messaging>", "userId": "3522", "userReputation": 2509, "title": "", "downModVotes": 0, "authorUserId": 0, "answer": "The likeliest culprit for your high latency is first and foremost the fact that you're using a wireless carrier's network which are notorious for their high ping times. Switching from one carrier to another probably wouldn't solve your problem and even if you went from a 3G contract to 4G you probably wouldn't see that much of an improvement especially as more and more people start buying 4G capable devices. Additionally trying to do something as data intensive as play World of Warcraft over your cell carrier's network is never going to feel right. Games like that rely heavily on low response times and are best left for wired broadband connections. ", "upModVotes": 2, "answerScore": "2", "id": 7481, "authorUsername": 0}