{"username": "Arthur Ulfeldt", "accepted": 0, "subtitle": "", "views": 583, "tags": "<wi-fi><htc><signal><optimization>", "userId": "5089", "userReputation": 228, "title": "", "downModVotes": 0, "authorUserId": 0, "answer": "broke out the packet sniffer and determined that broadcast arp request from android devices where being dropped in the access point. turned out to be a bug with my Buffalo 300n wireless access point. cheep new AP and problem gone... apparently some APs just don't talk to Android? solved by using the principal of replace the cheapest things first ", "upModVotes": 1, "answerScore": "1", "id": 11321, "authorUsername": 0}