{"username": "ccpizza", "accepted": 0, "subtitle": "", "views": 136080, "tags": "<wi-fi><audio><streaming>", "userId": "20532", "userReputation": 146, "title": "", "downModVotes": 0, "authorUserId": 0, "answer": "Make sure you have USB Debugging enabled in Settings kbd Applications kbd Development kbd . Also you might want to try wireless adb I use it all the time for debugging and find it so much easier than using cables. ROMs like Cyanogen support ADB over network code out of th box. For stock ROMs there are apps like WiFi ADB a . ", "upModVotes": 0, "answerScore": "0", "id": 29795, "authorUsername": 0}