{"username": "Rohan Singh", "accepted": 0, "subtitle": "", "views": 18428, "tags": "<backup><restore><remote-control>", "userId": "45", "userReputation": 1420, "title": "", "downModVotes": 2, "authorUserId": 0, "answer": "There is nothing available. While it is theoretically possible with the hardware in practice it would be very difficult to implement and would probably need a custom ROM that supported it. Even the tools for doing this on a desktop Aircrack etc. generally require specific wireless chipsets and drivers to do wireless packet capture. EDIT There's now a project that got monitor mode working on the Galaxy S2 and the Google Nexus One. See http bcmon.blogspot.de a ", "upModVotes": 14, "answerScore": "12", "id": 432, "authorUsername": 0}