{"username": "tiancheng", "accepted": 0, "subtitle": "", "views": 2348, "tags": "<4.0-ice-cream-sandwich><wi-fi><samsung-galaxy-s-2>", "userId": "15997", "userReputation": 1, "title": "", "downModVotes": 1, "authorUserId": 0, "answer": "I also contributed a lot of time to the ADB problem. Galaxy P7510 vs Win7 64bit After struggling with non offical drivers android winusb.inf 64bit JDK and even having virtualized a 32bit OS.. finally I found a work around just come back to share with anyone concerns. Reference Connect to Android with ADB over TCP a The above instruction requires a PC which can ADB to your tablet over usb. Better work around is root your device firstly and then download a adbWireless utility so you can switch your tablet to ADB TCP mode even without USB connection at all. HTH ", "upModVotes": 0, "answerScore": "-1", "id": 24241, "authorUsername": 0}