{"username": "user931", "accepted": 0, "subtitle": "I can connect to the school's campus wifi but when I try to get on Opera it will not let me connect to any website. Apps that use the internet do not work. I get bars on the wifi. Usually on the first connect from a new device it will ask me to register my device. I am guessing that since I haven't registered with the new device I cannot access the internet with any apps. The problem is that I usually get the page that asks me to register my new device when I try to connect to a website. Opera doesn't take me to that site though. The wifi works on all other devices. Edit When I connect to the home wifi it works. ", "views": 2625, "tags": "<wi-fi><internet><opera-mini>", "userId": "3303", "userReputation": 10029, "title": "Wireless doesn't work on college campus", "downModVotes": 1, "authorUserId": "14067", "answer": "Wi fi is used for just wireless networking not necessarily for internet sharing . So if you get bars on wi fi it doesn't mean you've got internet access. Wi fi can be used to share files or gaming for example. In your case I suppose.. your school's campus wi fi would be providing internet the only purpose they advertise wi fi campus . If you are unable to get to the internet it means access control of wi fi router is blocking you. Why? Ask wi fi administrator. The probable reason You haven't registered your device. But before asking wi fi administrator use Fing Network Tools a to check TCP connection with external host. If there's really a problem contact wi fi administrator. There's nothing more you can do. Disclaimer strong I answered after presuming that your apps can connect to internet over other wi fi networks. blockquote ", "upModVotes": 2, "answerScore": "1", "id": 21504, "authorUsername": "egidra"}