{"username": "pzkpfw", "accepted": 0, "subtitle": "", "views": 90658, "tags": "<4.0-ice-cream-sandwich><wi-fi><connection-issues>", "userId": "15575", "userReputation": 1847, "title": "", "downModVotes": 0, "authorUserId": 0, "answer": "So if you go to Settings the first section should be Wireless amp Networks . Under that I have Wi Fi ON OFF Bluetooth ON OFF followed by Data Usage. How does that look on your phone? If Bluetooth is not there I don't think the ROM you are running recognizes your ability to run Bluetooth if you do indeed have that ability . What device and what ROM are you running? ", "upModVotes": 0, "answerScore": "0", "id": 48282, "authorUsername": 0}