{"username": "Max Weller", "accepted": 0, "subtitle": "", "views": 187, "tags": "<nexus-one><sim-unlocking>", "userId": "5849", "userReputation": 156, "title": "", "downModVotes": 0, "authorUserId": 0, "answer": "You could try to use the static IP settings Go to Settings strong Wireless and network strong Wi Fi settings strong li Press menu button select Advanced strong li Check Use static IP strong li Look for your PC's IP address and enter a similar address for IP address strong e.g. if your PC's one is 192.168.1.2 try 192.168.1.3 . li Enter your router's IP as Gateway strong usually 192.168.1.1 or 192.168.178.1 etc. li Enter 255.255.255.0 as the netmask strong . li ol It is important that the IP address isn't already used in your network. ", "upModVotes": 3, "answerScore": "3", "id": 10345, "authorUsername": 0}