{"username": "Matt", "accepted": 0, "subtitle": "", "views": 538, "tags": "<htc-droid-incredible><wifi-hotspot><wifi-tethering>", "userId": "137", "userReputation": 15815, "title": "", "downModVotes": 0, "authorUserId": 0, "answer": "I ran into the same problem with my archos tab not being able to see an adhoc wireless connection. I was able to effectively connect my unrooted archos running 2.2 and my rooted droid also on 2.2 via the bluetooth tether option of the wireless tether for root app. To be clear this allowed me to access the web on my tab through my phones 3g connection. I wasn't able to get it to work when the tab was on 2.1 but I had read about others that had. ", "upModVotes": 3, "answerScore": "3", "id": 4141, "authorUsername": 0}