{"username": "Trevor Sullivan", "accepted": 0, "subtitle": "", "views": 762, "tags": "<samsung-galaxy-s-3><roaming>", "userId": "16481", "userReputation": 434, "title": "", "downModVotes": 0, "authorUserId": 0, "answer": "Update 2013 04 30 strong I believe the reason I am still able to access IPv4 websites is because of DNS64 NAT64. The public IP address I'm getting from http myglobalip.com a is the public IPv4 interface of the NAT64 gateway. I think the answer to this question is T Mobile uses some sort of transitional technology called 464XLAT strong to provide IPv4 connectivity over an IPv6 only GSM wireless network. There is more information about 464XLAT at this URL https sites.google.com site tmoipv6 464xlat a . Ultimately it doesn't seem possible to disable IPv4 functionality altogether. Obviously doing so would break a lot of applications from functioning properly but I really wanted to do so entirely for testing purposes to see what would and would not work. The part that confuses me is that the 464XLAT RFC requires a CLAT daemon which I don't believe exists on my stock Galaxy Nexus 4.2.2 Jelly Bean ROM. With this in mind I'm not entirely sure what sort of configuration I'm running. Here is the 464XLAT RFC a . If I use an app called Network Info II a to view network interface information for rmnet0 strong on my Galaxy Nexus I can see that I have ONLY an IPv6 address configured. In fact the app even has an IPv6 tab specifically designed for viewing IPv6 information. I cannot see any IPv4 information when I have selected IPv6 as the APN. More T Mobile IPv6 information can be found T Mobile IPv6 is Here and Now a li Top Free Apps on T Mobile IPv6 only Network a li ul ", "upModVotes": 2, "answerScore": "2", "id": 44641, "authorUsername": 0}