{"username": "TronicZomB", "accepted": 0, "subtitle": "", "views": 753, "tags": "<tethering><wifi-tethering><usb-tethering>", "userId": "28670", "userReputation": 498, "title": "", "downModVotes": 0, "authorUserId": 0, "answer": "No this is not possible. In order for your device to be in debug mode connect to the computer with the debug cable it needs to be connected as a slave device. The OTG cable tells the tablet to go into host mode. So now your computer is telling your tablet to be a slave but through the enumeration with the OTG cable the tablet believes it needs to be the master there's a quarrel and it appears the tablet wins and is the master and thus your computer does not acknowledge the tablets existence. If you need the debugging tools have you looked into adv wireless debugging? Sorry I can't find the link right now but I've used it in the past and know it is somewhere on the developer.android.com site s I couldn't find the link so I figured out how to do it again 1 Open the command prompt and navigate to your sdk platform tools em folder. 2 Type adb tcpip 5555 code 3 Type adb connect lt your device ip address gt 5555 code 4 At this point you unplug your device and type adb logcat code 5 At times such as unplugging plugging into a USB device the logcat will become disconnected just redo steps 3 amp 4. ", "upModVotes": 7, "answerScore": "7", "id": 46343, "authorUsername": 0}