{"username": "DarkAjax", "accepted": 0, "subtitle": "", "views": 12677, "tags": "<wi-fi><4.0-ice-cream-sandwich><samsung-galaxy-s-2>", "userId": "12879", "userReputation": 86, "title": "", "downModVotes": 0, "authorUserId": 0, "answer": "Ok I found out the reason for this problem is the band differences on the 3G S5830 HSDPA 900 2100 S5830B HSDPA 850 2100 S5830L HSDPA 850 1900 code pre And the incompatibility with the current firmware I had I updated to CyanogenMod 7.2.0 and still had the same issue so for a quick fix I went to Settings gt Wireless amp networks gt Mobile networks gt Use only 2G networks code pre And that took care of the issue however for a full solution flashing a latin like the Brazilian one with a Modem file like the kp7 or kpl should take care of the problem. ", "upModVotes": 1, "answerScore": "1", "id": 22843, "authorUsername": 0}