{"username": "Sambo", "accepted": 0, "subtitle": "", "views": 1240, "tags": "<2.2-froyo><data-connection><automation>", "userId": "4506", "userReputation": 129, "title": "", "downModVotes": 1, "authorUserId": 0, "answer": "My Samsung Galaxy S II has proxy settings enabled under Settings Wireless amp Network Wifi settings Advanced I can set a proxy address and a port number. The proxy I'm sitting behind requires authentication tho and I'm having trouble finding these settings. ", "upModVotes": 3, "answerScore": "2", "id": 9252, "authorUsername": 0}