{"username": "user606723", "accepted": 0, "subtitle": "", "views": 2079, "tags": "<2.3-gingerbread><wi-fi>", "userId": "7012", "userReputation": 191, "title": "", "downModVotes": 0, "authorUserId": 0, "answer": "The wifi tether strong app supports running in infrastructure mode. Make sure you have the app called wifi tether strong a Not wireless tether or anything li Use of this app requires a rooted phone and netfilter compiled into your kernel which may or may not come stock li ol ", "upModVotes": 1, "answerScore": "1", "id": 24552, "authorUsername": 0}