{"username": "mel", "accepted": 0, "subtitle": "This happened all of a sudden. I could not start the 3g on my phone. The Data Network mode is always deactivated now. Although when I go to Settings Wireless and network settings Mobile network settings the Use packet data option is checked. Unchecking this option and checking again doesn't work. Installing the internet settings again from the service provider also didn't help. Restarting the phone didn't help. Restoring factory settings didn't help. Any idea what's going wrong? ", "views": 31077, "tags": "<samsung-galaxy-ace><3g><data-connection>", "userId": "26754", "userReputation": 11, "title": "Data Network mode doesn't get activated on gingerbread 2.3.4", "downModVotes": 0, "authorUserId": "23439", "answer": "Do not know if you got it sorted but I had the same problem and did this Tap Settings Wireless and Networks Mobile networks strong Access Point Names strong li Then tap on one of the relevant APN's pertaining to your provider such as for example O2 Mobile Web Pre pay or contract li Set the APN Type to 'internet mms em ' li Tap on Menu tap on 'Save'. li ul Back out of the Access Point Names strong screen back out to Mobile networks strong then Tap on Packet data em In some ROMs this could be labeled as Data Enabled em and also Data roaming em to turn them off. li Turn those two options back on li ul And voila its working again ", "upModVotes": 1, "answerScore": "1", "id": 37650, "authorUsername": "blenderous"}