{"username": "Matt", "accepted": 0, "subtitle": "", "views": 765, "tags": "<motorola-droid><wifi-hotspot>", "userId": "137", "userReputation": 15815, "title": "", "downModVotes": 0, "authorUserId": 0, "answer": "It's possible to use it this way but the quality of the results are going to depend on your phone the car and how loud you have the speakers. I have done something similar with my Moto Droid 1 and will share my experience The only difference between my configuration and the one you are inquiring about was that instead of plugging directly into an audio jack in my car I used an FM transmitter that I plugged into my headphone jack on my phone which then wirelessly beamed the phones audio to 88.1 FM on my stereo . In the past I have done the same thing with a tape deck adapter. Needless to say the result was that all audio on my phone was coming out of my car speakers. I did this to listen to music and podcasts and accidentally discovered the hands free component when I got a call while it was hooked up this way. Needless to say I was surprised to find that there was no feedback loop no echo and the person on the other end couldn't hear the speakers at all. It was also reported to me by the person on the other end of the line that my microphone was picking up my voice just fine even though the Droid was sitting in my cup holder. None of this really seem logical to me but it worked. That being said I don't know how a different phone would respond with a different car. I suggest that you bring a male to male 3.5 in headphone cord when you test drive the vehicle and place a test call to someone you've already briefed on the situation so they can help you evaluate the quality of the call. ", "upModVotes": 3, "answerScore": "3", "id": 3413, "authorUsername": 0}