{"username": "Akhil", "accepted": 0, "subtitle": "", "views": 3091, "tags": "<samsung><wifi-hotspot><wifi-tethering>", "userId": "23293", "userReputation": 3034, "title": "", "downModVotes": 0, "authorUserId": 0, "answer": "1.First Turn On your GPS strong 2.Go to Evernote Settings strong 3.Under General Settings strong you can find Other Options strong 4.Uncheck Use GPS Satellites strong option. Also Uncheck Use wireless networks strong If you didn't turn on your GPS Use GPS satellites strong option get greyed out. Now your note will not store your location. ", "upModVotes": 2, "answerScore": "2", "id": 37805, "authorUsername": 0}