{"username": "chromozonex", "accepted": 0, "subtitle": "", "views": 279, "tags": "<applications><wi-fi><file-transfer><ftp>", "userId": "57478", "userReputation": 518, "title": "", "downModVotes": 0, "authorUserId": 0, "answer": "If you have a later version of android it works on 4.4 for sure there is a wireless debugging option in developer tools. You can activate that and type this in terminal adb connect lt ip address of phone gt code It will default to using port 5555 if you don't give it a port. I think that's what you're after. ", "upModVotes": 0, "answerScore": "0", "id": 67948, "authorUsername": 0}