{"username": "eephyne", "accepted": 0, "subtitle": "", "views": 7895, "tags": "<networking><root-access>", "userId": "403", "userReputation": 156, "title": "", "downModVotes": 0, "authorUserId": 0, "answer": "try using gps status go to option capteur manage a gps state choose first reset then redo and choose download . and do it outside for the first time it's important. also check your APN settings in Wireless and network Mobile network APN name . Check that the apn selected have supl in APN type in the bottom of the list for example default supl . ", "upModVotes": 1, "answerScore": "1", "id": 1666, "authorUsername": 0}