{"username": "ce4", "accepted": 0, "subtitle": "", "views": 1090, "tags": "<rooting><updates><samsung-galaxy-tab><3.1-honeycomb><mobile-network>", "userId": "15713", "userReputation": 12542, "title": "", "downModVotes": 0, "authorUserId": 0, "answer": "There's an app project on Google code that does this AndroHID a It doesn't offer you a full keyboard it's meant more as a remote for wireless presenting or audio video controls etc. much like older SonyEricsson feature phones e.g. the K vor W series did . You need root. It seems inactive at the moment last release from 2010 and it is not in the play store. ", "upModVotes": 2, "answerScore": "2", "id": 35842, "authorUsername": 0}