{"username": "ce4", "accepted": 0, "subtitle": "", "views": 5875, "tags": "<roaming>", "userId": "15713", "userReputation": 12542, "title": "", "downModVotes": 0, "authorUserId": 0, "answer": "Yes your phone supports two ways to export its internet connection via bluetooth DUN GW Dial Up Networking Gateway li PAN AP Personal Area Networking Access Point li ul See also this a question its answer about bluetooth . In short PAN is supported from Android 3.0 onwards as client. Android lt 3.0 users may have luck with Wireless tether for root users a . DUN is not supported out of the box there are apps a though. Go for PAN if it works for you DUN requires parameter and possibly eats more battery . ", "upModVotes": 4, "answerScore": "4", "id": 24764, "authorUsername": 0}