{"username": "eldarerathis", "accepted": 0, "subtitle": "", "views": 596, "tags": "<audio><streaming>", "userId": "981", "userReputation": 31761, "title": "", "downModVotes": 0, "authorUserId": 0, "answer": "Regarding the battery there's an LTE toggle on the market which might help. You can find a blog post about it here a . This is a major culprit and from what I've seen there's no native way to disable LTE as you can WiMAX on Sprint's phones I don't own an Thunderbolt I've just been reading about them so I'm not sure how accurate this is . That being said battery life has been a pretty common complaint with the Thunderbolt thus far. For text messages you could try a new SMS client and see if it helps. Handcent a seems to be the popular choice I'm a fan of it but there's also some others like ChompSMS a or Go SMS a . It may be an issue you'd need to bring up with Verizon though if the problem persists across SMS clients. ", "upModVotes": 1, "answerScore": "1", "id": 7877, "authorUsername": 0}