{"username": "ce4", "accepted": 0, "subtitle": "", "views": 5459, "tags": "<tethering>", "userId": "15713", "userReputation": 12542, "title": "", "downModVotes": 0, "authorUserId": 0, "answer": "You need to do 3 things to get a running bluetooth tethered connection Pair both devices as usual and enable Bluetooth on each li Enable BT tethering on the access point device needs to be set each reboot Settings Wireless amp Networks More.. Tethering Enable Bluetooth tethering` li Activate Bluetooth tethering on the client device Settings gt Bluetooth gt John's Phone gt Options gt enable Internet access code li ol If it doesn't work the first time switch off on Bluetooth on both devices and retry. These are the steps as I use them to tether my Nexus 10 to my Google Galaxy Nexus. PS If you don't like to manually enable BT tethering each reboot use Bluetooth Auto Tether a to have it enabled automatically during boot. ", "upModVotes": 0, "answerScore": "0", "id": 55691, "authorUsername": 0}