{"username": "GAThrawn", "accepted": 0, "subtitle": "", "views": 6574, "tags": "<contacts><backup><data-recovery><broken-screen>", "userId": "156", "userReputation": 20128, "title": "", "downModVotes": 0, "authorUserId": 0, "answer": "Do you have any control over the presumably wireless LAN that you're connecting your phone to? It seems to me that the main part of your problem is just that your phone picks up different IP addresses each time it connects to your LAN. If it always had the same IP then you could either make a note of this save it in your SSH client or assign a name to that IP on your other machine s using a HOSTS file or similar. Are you in control of your network or do you know the person that is? You or they should be able to assign a static IP address or a reserved IP address to your device so that every time you connect your phone to the LAN it always picks up the same IP address. If it's a small personal network then this would just be a setting on your device's record on your router if this is a larger network then it would be setup on the DHCP server and a matching A name record could also be setup on their internal DNS to give you a permanent name. ", "upModVotes": 2, "answerScore": "2", "id": 34599, "authorUsername": 0}