{"username": "eidylon", "accepted": 0, "subtitle": "", "views": 571, "tags": "<cyanogenmod><motorola-milestone><usb-tethering>", "userId": "294", "userReputation": 1347, "title": "", "downModVotes": 0, "authorUserId": 0, "answer": "Check out SPB Wireless Monitor a . It can give you reports by date range of which apps have used data how much data they've used and breaks it down so you can see wifi data vs. data plan data. There's a new app My Data Manager a which costs a fraction. You can check that out as well. It does basically the same thing though will also show you roaming data. Also this one allows you to enter a monthly start date so you can align its data tracking with your billing cycle. ", "upModVotes": 2, "answerScore": "2", "id": 11531, "authorUsername": 0}