{"username": "BlargleMonster", "accepted": 0, "subtitle": "Whether I use Google's location services or similar services provided by some third party software do I still need to manually enable anything by selecting one of the settings options as shown below? Settings gt Location and Security gt My location Option1 Use wireless networks Option2 Use GPS satellites code Since there are many GPS software programs available these days what is the role of the onboard GPS chip on an Android phone? Thanks. ", "views": 633, "tags": "<applications><gps>", "userId": "29847", "userReputation": 141, "title": "GPS Chip and GPS Service on Android Phones", "downModVotes": 0, "authorUserId": "29833", "answer": "For your first question strong You can turn on both options use wireless networks and use GPS satellites and leave them on without any fear of battery usage or penalty. This just tells the system that it is permitted to use those when a program asks for them. Then they'll automatically activate and begin working when you use a program that requires them. For your second question strong The GPS chip on board is what talks to the satellites and actually gathers the data. The different GPS programs simply use that data and present it to you in different ways. ", "upModVotes": 0, "answerScore": "0", "id": 41116, "authorUsername": "user29833"}