{"username": "Ryan Conrad", "accepted": 0, "subtitle": "", "views": 392, "tags": "<2.2-froyo><wi-fi><motorola-triumph>", "userId": "1951", "userReputation": 19762, "title": "", "downModVotes": 0, "authorUserId": 0, "answer": "if you go in to Settings Wireless amp network Settings Wi Fi Settins code then press Menu Advanced code you will see Wi Fi Sleep Policy code . Change that to Never code and wi fi will stay connected when the device goes to sleep. ", "upModVotes": 1, "answerScore": "1", "id": 19488, "authorUsername": 0}