{"username": "Roan", "accepted": 0, "subtitle": "", "views": 170, "tags": "<networking><wi-fi><router><troubleshooting>", "userId": "38645", "userReputation": 171, "title": "", "downModVotes": 0, "authorUserId": 0, "answer": "You should be able to connect to 3G networks. I'm not sure who your carrier is but if you are in an area where you cannot pick up LTE then 3G should be the fallback. I used to work for Verizon Wireless and this is how all the 4G LTE phones and tablets worked. In fact when LTE first started rolling out it wasn't in most places including the area where I worked. People were buying LTE devices left and right and they ONLY operated on 3G until the LTE network got built out. ", "upModVotes": 1, "answerScore": "1", "id": 60708, "authorUsername": 0}