{"username": "user26406", "accepted": 0, "subtitle": "I have a Galaxy Nexus and would like to be able to send music from it to speakers or a receiver. Since I use a few different apps to listen to music Spotify and Pandora mostly but sometimes also Audible I don't want to have to use a specific player. And I'd like to do it all over WiFi because Bluetooth doesn't provide enough range for me I've tried many different ways . Is there a way to do this with android? What I'm not strong looking for A way to stream to or from a PC strong . li Anything involving BlueTooth. li A new music player app on android I want to stream music from any app on my phone to a wireless receiver or speaker. li Anything involving software running on a PC. li ul This should work when my PC is off. I should be able to pull out my phone open spotify or pandora or audible or google listen or whatever and hear the output on any speaker in the house. ", "views": 136080, "tags": "<wi-fi><audio><streaming>", "userId": "26406", "userReputation": 1, "title": "How can I stream audio from my phone over wifi to a speaker or receiver?", "downModVotes": 1, "authorUserId": "20377", "answer": "Use a HiFi WiFi box a . Connect it to your HiFi AuxIn then using your smartphone and app view all available devices with music and all available devices with speakers. It's simple costs about 150 but it's worth it. It also works with all devices connected to a WiFi network. ", "upModVotes": 0, "answerScore": "-1", "id": 37191, "authorUsername": "Arnshea"}