{"username": "Richard Borcsik", "accepted": 0, "subtitle": "", "views": 4546, "tags": "<battery-life><3g><2g>", "userId": "13391", "userReputation": 5441, "title": "", "downModVotes": 0, "authorUserId": 0, "answer": "This community wiki will list all of the known and rumored dates for devices. If you have an update make sure to follow the format that's been established and the following guidelines Keep phones in alphabetical order listing the manufacturer and model li Specify if the date is confirmed or rumored and link to the source li If there is an unofficial release link to the site where it can be downloaded li ol Phones h1 HTC h2 One Developer Edition strong skipping to 4.3 source a li One S strong Never em confirmed a li One X strong 2013 06 rumor a li One X strong 2013 08 12 Taiwan confirmed a li ul Samsung h2 Galaxy Nexus strong Released em November 13th 2012 Bell Canada 2013 03 08 confirmed a li Verizon 2013 03 19 official a li ul li Nexus S strong Never source a . There's an unofficial release a see also this thread a . li ul Sony h2 Xperia Z strong 2013 July confirmed a li Xperia ZL strong 2013 July confirmed a li Xperia ZR strong 2013 August confirmed a li ul Tablets h1 Asus h2 Nexus 7 strong Released em November 13 2012 li Transformer Infinity strong April 3 2013 confirmed a li Transformer Pad TF300 strong Released em March 3 2013 source a li ul Motorola h2 Xoom strong Never em source a li ul Samsung h2 Galaxy Note 8.0 strong Wi Fi only 2013 10 07 confirmed a li ul li Galaxy Tab 2 7.0 strong 2013 08 13 UK confirmed a li Galaxy Tab 2 10.1 strong 2013 09 23 confirmed a li ul Sony h2 Xperia Tablet Z strong 2013 August confirmed a li ul Other h1 GoogleTV h2 LG Google TV strong 2013 10 14 source a li All ARM based models 2013 05 16 source a source2 a li All 1st gen Intel based models e.g. Logitech Revue Never em li ul ", "upModVotes": 14, "answerScore": "14", "id": 32590, "authorUsername": 0}