{"username": "Dave Veffer", "accepted": 1, "subtitle": "I've rooted my Droid Incredible and installed both the Wireless Tether and Barnacle Wifi Tether apps but I can't seem to get internet connectivity on any other devices. I can see the connection on my laptop and on my iPad and my devices get ip addresses assigned to them but I can't connect to the internet. Google Chrome reports Name unresolved while Safari on the iPad only states that the device isn't connected to the internet. Why isn't this working? ", "views": 538, "tags": "<htc-droid-incredible><wifi-hotspot><wifi-tethering>", "userId": "1576", "userReputation": 923, "title": "Rooted Incredible WiFi Tethering Not Working", "downModVotes": 0, "authorUserId": "790", "answer": "Did you download Wireless Tether from the Market or from http code.google.com android wifi tether a ? If you are running Android 2.1 you need to take the extra steps listed here http code.google.com android wifi tether wiki Setup HTC Desire Incredible a If you are running 2.2 then in theory it should just work. I would first try the latest release candidate here http code.google.com android wifi tether downloads detail?name wireless tether 2 0 5 RC2.apk amp can 2 amp q a Let me know how it works out. ", "upModVotes": 2, "answerScore": "2", "id": 4096, "authorUsername": "Wesley Wiser"}