{"username": "Izzy", "accepted": 0, "subtitle": "", "views": 10788, "tags": "<internet><wifi-hotspot><proxy>", "userId": "16575", "userReputation": 64318, "title": "", "downModVotes": 0, "authorUserId": 0, "answer": "There are multiple solutions. As you have Android 4.x long pressing on a WiFi APN in Settings rarr Networks amp Wireless rarr WiFi em lets you edit an APN. Check the Advanced box and you can configure the proxy. Though this form does not offer separate fields for username password here's a trick how to do it For the server name enter user pass proxyserver code e.g. if the proxy is 10.11.12.1 code user joe password foo joe foo 10.11.12.1 code this is how it works in some browsers for password protected urls. In case this makes trouble should not but who knows further details can be found at Android Proxy.Blogspot.DE a don't be irritated by .DE it's in English . Another possibility would require your device to be rooted ProxyDroid a offers some comfort in connection with proxies. Next to supporting multiple profiles it is also capable of handling different authentication methods. ", "upModVotes": 2, "answerScore": "2", "id": 43488, "authorUsername": 0}