{"username": "Silveri", "accepted": 0, "subtitle": "", "views": 18126, "tags": "<samsung-galaxy-s><proxy>", "userId": "15610", "userReputation": 131, "title": "", "downModVotes": 0, "authorUserId": 0, "answer": "I don't know how to do what you want with only an Android device but since you mention reverse tethering using USB you could achieve the same thing using only a computer that has an internet connection em and wi fi em . You can use your computer's wi fi to share your internet connection with multiple devices including your android phone using one of two methods Setup your computer to be a virtual wireless router a . All devices could then share internet by connecting to your computer using wi fi. li Setup an ad hoc wireless network but unfortunately Android devices will only be able to connect if you set them up using these instructions a that require your phone to be rooted. li ol If you don't em have wi fi on your computer then a PCI or USB wi fi network card is generally quite cheap to obtain. ", "upModVotes": 3, "answerScore": "3", "id": 23740, "authorUsername": 0}