{"username": "fearphage", "accepted": 0, "subtitle": "", "views": 1360, "tags": "<wi-fi><nexus-one><2.2-froyo>", "userId": "330", "userReputation": 250, "title": "", "downModVotes": 0, "authorUserId": 0, "answer": "The Broadcom bcm4329 chipset in a lot of android phones Nexus One Evo G1 probably many more supports monitor promiscuous mode. The driver needs to be modified to allow monitor mode to be enabled. Here is the source of the current drivers monitor mode flag a method to that sets the mode a In the second link you can see that monitor mode flag is not even in the switch statement so it's just gets ignored when called. Someone also got tcpdump working on a G1 a so it's possible we jsut need to put in some work to get it functional though. A few more links about the chipset drivers and modifications to them http forum.aircrack ng.org index.php?topic 281.0 a li http aircrack ng.org doku.php?id b43 a li http wireless.kernel.org en users Drivers b43 a li ul ", "upModVotes": 15, "answerScore": "15", "id": 2410, "authorUsername": 0}