{"username": "Stephen Schrauger", "accepted": 1, "subtitle": "Is there any way to get rid of the useless little toast announcement informing me that I have put the device in range of the charger? I would prefer a solution that works with the stock ROM JB 4.1 . I do have root. ", "views": 668, "tags": "<4.1-jelly-bean><samsung-galaxy-s-3><wireless-charging>", "userId": "11190", "userReputation": 3980, "title": "Get rid of the wireless charging announcement", "downModVotes": 0, "authorUserId": "23562", "answer": "This answer works for the Galaxy S4 but it will likely work a for your S3 as well. Install the xposed a framework which is a soft mod framework that lets you modify your current rom including the original stock rom without permanently changing it you can enable and disable modules at your discretion . The framework and modules of course require root. After you install the framework install the Nottach Xposed a module. This is designed for the S4 but most of the features work on the S3 as well. After installing the module enable the module within the xposed app. Open the Nottach Xposed app acknowledge the warning that it isn't made for your device enable the checkbox for Framework code Hide wireless charging dialog code . Finally reboot the phone. Your phone should now be able to charge wirelessly without having the dialog pop up every time. Many of the other options in Nottach Xposed will likely work though obviously tweaks for things that only exist on the S4 won't work for the S3. ", "upModVotes": 2, "answerScore": "2", "id": 53174, "authorUsername": "Compro01"}