{"username": "Ed.T", "accepted": 0, "subtitle": "", "views": 908, "tags": "<linux>", "userId": "55", "userReputation": 188, "title": "", "downModVotes": 0, "authorUserId": 0, "answer": "It does require a Samsung printer. From the Android Market description Compatible with Samsung wireless and networked printers only blockquote Thanks for mentioning the app. It did not come pre installed on my phone and I do have a Samsung wireless printer. ", "upModVotes": 1, "answerScore": "1", "id": 8750, "authorUsername": 0}