{"username": "Francisco Alvarado", "accepted": 0, "subtitle": "", "views": 6022, "tags": "<wi-fi><pppoe>", "userId": "12677", "userReputation": 3022, "title": "", "downModVotes": 0, "authorUserId": 0, "answer": "Opera Mini Opera Mobile a are two recommended options for saving money on data charges Opera's mobile browsers are the smart choice for browsing on expensive wireless data plans. Using Opera Mini or Opera Mobile to browse the web with your mobile phone can save you money on your phone bills by reducing your data usage substantially. Opera Mini uses only a tenth of the bandwidth of other browsers compressing webpages by up to 90 . With Opera Mobile turning on Opera Turbo compresses data by up to 80 or leave Opera Turbo off to get full website data as you would on a PC. blockquote Additionaly of course they allow to turn off images via settings. You can download them from http www.opera.com mobile download a li http m.opera.com a li ul ", "upModVotes": 1, "answerScore": "1", "id": 35728, "authorUsername": 0}