{"username": "Mr. Monkey", "accepted": 0, "subtitle": "", "views": 426, "tags": "<linux><vnc><mouse>", "userId": "11477", "userReputation": 614, "title": "", "downModVotes": 0, "authorUserId": 0, "answer": "I believe what you're asking about are similar to the Verizon ringback tones right? Ringback tones are not set from a phone level they are a feature added and managed by the carrier. Your wireless carrier could probably change it for you but there is no way you could manage it all from your phone. I know Verizon offers ringback tones if that's the feature you're looking for you could ask about that. Would be a cool feature if it were possible. ", "upModVotes": 5, "answerScore": "5", "id": 43088, "authorUsername": 0}