{"username": "Brijesh Patel", "accepted": 0, "subtitle": "", "views": 1889, "tags": "<2.3-gingerbread><wi-fi>", "userId": "42289", "userReputation": 101, "title": "", "downModVotes": 0, "authorUserId": 0, "answer": "After enabling Tethering follow the steps below On the Android phone press Home press Menu and touch Settings to open the Settings application. li Touch Wireless amp networks Tethering amp portable hotspot. li Check USB tethering. li ol ", "upModVotes": 0, "answerScore": "0", "id": 55109, "authorUsername": 0}