{"username": "Bryan Denny", "accepted": 0, "subtitle": "", "views": 304, "tags": "<2.2-froyo>", "userId": "10", "userReputation": 20291, "title": "", "downModVotes": 0, "authorUserId": 0, "answer": "Things that Require Root strong h1 Root File Explorers h2 You can remount your system code directory read write which will allow you to remove carrier shipped applications a you don't like and so on. Root file explorers can allow you to view all folders on your phone such as data code which is normally protected. Mount system RO RW a li Root Explorer a li ES File Explorer a li ul Moving amp Removing Apps h2 Access to system also means you can move apps or updates to system apps from data to system with caution if the partition has enough space. Titanium Backup a Back up all of your applications and data. Also allows you to uninstall or freeze system apps integrate updates into your ROM to save space move apps to SD and more. li apps2rom a does for free what the pro version of titanium backup does lets you move apps to the system partition. li Bloatfreezer a Freeze or remove system apps li Link2SD a Move system applications to a second partition in SD card liberating loads of free space in system code partition. li ul Note that moving apps to the sdcard has risks and cons and should be undertaken only if space is needed. Most modern devices have enough memory for many apps 16GB providing that photos videos music are stored on an external sdcard. Tethering h2 Some devices already have Wi Fi tethering out of the box like the Samsung Galaxy S so this isn't such a big deal on them unless the carrier charges for the feature. Android Wi Fi Tether a li Wireless Tether a s li ul Screenshots amp screen recording h2 root is needed for screenshots before 4.0 Ice Cream Sandwich. Most pre lollipop screen recorders also require root. ShootMe a li Dropcap2 a li ul Backups h2 Titanium Backup a Back up all of your applications and data. Also allows you to uninstall system apps integrate updates into your ROM to save space and so on. li ClockworkMod Recovery a Usually requires root to install via ROM Manager. Allows you to backup the entire device including your ROM as well as flash new ROMs and other advanced tasks. li ul There are also many apps that claim to make a full nandroid backup. Application Network Control h2 AdFree a Removes ads by changing the hosts file so both ads in apps and in browser li Adaway a Also blocks in app adds. li Droid Wall a Firewall application. Got an app that's using up all your data when you're not even using it? Block it with this li Orbot a Tor app li Cache Mate a Clear cache of all apps li Droid VNC Server a Connect to your phone via VNC li LBE Privacy Guard a Selectively remove permissions from app li Button Savior a Helps to add on screen button to compensate a failure of a physical button. li ClockSync a to automatically sync the device's time with few predefined atomic clocks. li ul Xposed Framework h2 The xposed framework allows apps with advanced functionality to be installed. gravitybox An app that allows many system tweaks. li xhangouts Improved version of google hangouts li xwhatsapp Mod for the popular whatsapp messenger. li Xprivacy Finegrained app control. li ul CPU Control h2 SetCPU a Control the processor speed of the phone can also setup profiles. It allows underclocking based on conditions e.g. underclock to 125mhz when screen is turned off. It dramatically increases battery life without affecting performance when you're actually using apps the phone or can improve performance via overclocking. li Overclock Widget a Similar to SetCPU but less functional li ul Enable swap file partition h2 ROEHSOFT RAM EXPANDER SWAP a Use SD card for more RAM. li Memory Swapper Free a support swap file. s li ul Advanced and Miscellaneous h2 ROM Manager a Facilitates installing new ROMs with ClockworkMod Recovery and allows you to back up your entire device ROM apps data and other advanced tasks. li Quick Boot a Allows you to reboot into recovery or the bootloader Download Mode. li LED Hack a Disable LED on phone s no longer available on Android Market li Lag fixes Various tweaks and filesystem changes to speed up your phone or prevent issues with your phone pausing freezing temporarily. These are particularly useful on some Samsung phones that use an RFS filesystem. An Ext4 lagfix like Voodoo a is recommended but there are also Ext2 lagfixes like RyanZA's One Click Lag Fix a which also allows you to change advanced memory Wi Fi and disk scheduling options. li TRIM a Some older kernels do not have TRIM. li StickMount a Automatically mount USB flash drives keyboards mouse via USB OTG a cable. li busybox a Makes terminal emulators feel more like linux. li Sideloading apps. Most carriers phones allow this option but AT amp T does not. li ul ROMs h2 Though root is not required for flashing new ROMs many apps that make it easier do require root. CyanogenMod a is a very popular rom that many people put on their phones. It is also easy to install via the ROM Manager a app. First install the Clockwork recovery. Then run a backup before you flash any roms. strong Also check out Where can I find stock or custom ROMs for my device a or the XDA forums a for other custom roms. Most devices have a specific Android Development sub forum where ROMs are posted. Always do a nandroid backup before installing any rom or mod em You may also need to wipe all data and cache from your phone before installing or upgrading a ROM. Custom Kernels strong One popular set of kernels is those provided by ChevyNo1 a . You can also download them via the premium version of the ROM Manager. Make a nandroid ClockworkMod backup before using these kernels strong You'll also want to get SetCPU to make the most out of these kernels. Start with the low voltage kernels at the lowest speed and work your way up to the 1.2ghz. If your phone is stable up to the 1.2ghz range then try some of the ultra low voltage kernels. If you start getting force closes then switch back to a low voltage kernel. Basically each phone of the same phone brand model varies by which kernel it can handle due to the manufacturing differences between processors. So I may have a Motorola Droid that can run ultra low voltage kernels and yours may not be able to run them. These phones weren't necessarily designed to run like this. ", "upModVotes": 226, "answerScore": "226", "id": 13, "authorUsername": 0}