{"username": "Izzy", "accepted": 1, "subtitle": "I got a very long list of free hotspots and friends family networks on my phone. Recently I bought a tablet and I'm trying to find a way to copy the wireless manager list to this new device. Any idea how to do that? Both devices are rooted and running ICS. ", "views": 34996, "tags": "<wi-fi><settings><data-transfer>", "userId": "16575", "userReputation": 64318, "title": "How to copy wireless networks list from one android device to another?", "downModVotes": 0, "authorUserId": "18795", "answer": "As you are rooted Wireless network data are stored in data misc wifi wpa supplicant.conf code so you could basically copy all its network code entries from one device and insert them on the other. The entries look like network ssid Telekom key mgmt NONE priority 42 code pre An easier way would be using the App Wlan Backup amp Recovery root a Backup all entries on one device and restore them on the other. As you can see in below screenshot the tool can even send the backup by mail so transfer to the other device should be easy But reading the comments on this app suggests it does not always work as expected Users even recommend to use the manual way I described above. Another option is using Titanium Backup a and restore the Wifi data on the other device. I did that successfully a couple of times also cross device and cross ROM. Third option is offered by the app Wifi Passwords a about USD 1 which allows you to share networks. ", "upModVotes": 12, "answerScore": "12", "id": 28663, "authorUsername": "Lord_JABA"}