{"username": "Logos", "accepted": 0, "subtitle": "", "views": 271, "tags": "<wi-fi><networking><wifi-tethering><usb-tethering>", "userId": "9160", "userReputation": 3467, "title": "", "downModVotes": 0, "authorUserId": 0, "answer": "No there is no way to track it without having it configured in some way to connect to a wireless source of data. Without a SIM card you can't do that via a service provider and without having the Google account configured and thus an authentication token that identifies your phone you can't do it via WiFi if you have it turned on . ", "upModVotes": 5, "answerScore": "5", "id": 26373, "authorUsername": 0}