{"username": "Matt", "accepted": 0, "subtitle": "", "views": 2464, "tags": "<wi-fi><skype>", "userId": "137", "userReputation": 15815, "title": "", "downModVotes": 0, "authorUserId": 0, "answer": "It's all possible em but it's is going to depend a lot on the particular tablet you buy. I can tell you right now that PDANet is not going to work Android to Android. I emailed them about this and that was their answer. Bluetooth tether is possible and again is going to depend on the device. All the Archos Gen 8 tablets have BT Tethering capability to use your phones internet baked into the stock os however people are getting mixed results by and large this seems to be the most successful way to do it . They had USB tether also to use your phones internet but then removed it but it is possible it must may require some hacking. As far as rooting and using the Wifi tether again this is possible but people are also getting mixed results with this myself included. I am rooted and use Wireless Tether a but my Archos 70 can't see the connection because all of the wireless tether apps create an Ad Hoc network and Android supposedly doesn't support Ad Hoc. From what I've been told in other forums I just need to experiment with other kernels. If you have one of the phones with Hotspot capability and you pay for it through your service provider that signal is discoverable because it's an actual AP and not Ad Hoc. Long story short it is possible but there's no sure bet. Before you buy go to the forums for the particular tablet your interested in and read up on what it takes to get the tethering going. ", "upModVotes": 2, "answerScore": "2", "id": 3803, "authorUsername": 0}