{"username": 0, "accepted": 0, "subtitle": "", "views": 3101, "tags": "<pmp>", "userId": null, "userReputation": 0, "title": "", "downModVotes": 0, "authorUserId": 0, "answer": "This isn't really an option unless you're deaf or hard of hearing but there are plans like this that do exist. On AT amp T it's called the Text Accessibility Plan TAP a 1 sup and it offers you unlimited messaging data while still having calls at 40 per minute. 1. These plans are not exclusive to the iPhone I don't know why it lists those phones as the only options. sub ", "upModVotes": 1, "answerScore": "1", "id": 998, "authorUsername": 0}