{"username": "Zooks64", "accepted": 0, "subtitle": "", "views": 3641, "tags": "<cyanogenmod><samsung-galaxy-s-3><data-connection><signal>", "userId": "9052", "userReputation": 854, "title": "", "downModVotes": 0, "authorUserId": 0, "answer": "Provided you have blue bars for your wireless and or wifi connections and have logged into GTalk you should always be connected. You have to sign out of GTalk or lose connection with the Google Servers gray signal bars in order to be offline. Short story as long as you signed in and have a data connection you are online for GTalk. If that doesn't give you a warm fuzzy feeling then use a third party app like Trillian a and use it for GTalk. Trillian might be able give you a notification icon. ", "upModVotes": 1, "answerScore": "1", "id": 44046, "authorUsername": 0}