{"username": "Logos", "accepted": 0, "subtitle": "i have an bridged internet connection. That is i connect my router and then i have to connect to the internet. There are two steps to be followed. I do that on my computer by first connecting to the router wirelessly and then filling in the credentials to connect to the internet then. The internet connection is of broadband type. when ever i use my android phone to connect to the internet i am able to connect to the router but after that i am not able to connect to the internet. After connecting to the router if i try to access any website on my phone it says failed internet connection. All i see when my phone is trying to connect to the router is obtaining ip address . This usually takes a very long time and after connecting to the router there is still no internet connection. How do i connect to the internet using my android phone. I have HTC Desire Z with Android 2.3. ", "views": 346, "tags": "<htc-desire><internet>", "userId": "9160", "userReputation": 3467, "title": "connect android phone to internet", "downModVotes": 0, "authorUserId": "4125", "answer": "Many ISPs link a modem to the particular MAC address of a connected device. If you're bridging when you switch devices then you'll be sending the MAC address of your phone instead of the one from your PC. If this is what's going on you would need to either power cycle your router and or call up your ISP to register the MAC address change every time you switched devices. If you're worried about wireless security most routers have a mode that will only allow devices with registered MAC addresses to connect wirelessly Wireless Card Access List or the like . That's what I use to lock down my own network. ", "upModVotes": 1, "answerScore": "1", "id": 16483, "authorUsername": "user4125"}