{"username": "t0mm13b", "accepted": 0, "subtitle": "", "views": 18771, "tags": "<external-sd>", "userId": "4003", "userReputation": 12307, "title": "", "downModVotes": 0, "authorUserId": 0, "answer": "To answer this question Is this possible one Android phones and is there a way to block it? blockquote Recently as far back as the start of this year there was uproar over a small piece of software which was hidden in certain handsets and was able to monitor everything strong the infamous Carrier IQ a . A bit about the Carrier IQ as quoted from wikipedia a It provides diagnostic analysis of smartphones to the wireless industry. The company says that its software is deployed in over 150 million devices worldwide. blockquote Thing is no one really know for certain if they actually did as the security world got excited about it and started to slam back on the manufacturers Apple HTC Samsung Sony to name but a few. And exposed the ruse behind it all of a sudden that hype fed its way into the Android world and guess what happened an app appeared on the Google Play Store Carrier IQ detector a . What I was emphasizing is how the paranoia made its way into the norms of human emotions yes a lot of people were really mad and demanded to know was there a breach of privacy? By the way if you look on the main Carrier IQ site here a there's a ticker that states as of now 147 918 175 handsets deployed.... Ok am not really sure if they are trolling us with that ticker but questionable as it was stated on the wikipedia that is deployed in over 150million devices em heck it aint even there Yes it is quite possible that there are back doors available to do just that kind of thing and is commonly associated with stock ROMs straight from the factory Zte had one and was reported a while ago and its publicly available on pastebin a . For the sake of historical information I'll quote it here in case it gets lost. The ZTE Score M is an Android 2.3.4 Gingerbread phone available in the United States on MetroPCS made by Chinese telecom ZTE Corporation. There is a setuid root application at system bin sync agent that serves no function besides providing a root shell backdoor on the device. Just give the magic hard coded password to get a root shell sync agent ztex1609523 id uid 0 root gid 0 root h1 Nice backdoor ZTE. blockquote It does show one thing and one thing alone Stock ROMs All too often people can be naive in thinking that just because its Stock ROM it does its job. Now not to induce fear or paranoia into anyone which I certainly would not wish to do so it helps to have a cool collected thoughts about this. The dose of reality will hit home once you realize how custom ROMs have a better advantage over stock ROMs they are compiled from source code and is publicly available such as CyanogenMod AOSP CAF AOKP rest assured you will be equally better off with those ROMs in the long term. Why? strong For the most part those custom ROMs would be rooted anyway which will enable you as a user to have a tight rein on the handset in the way you want it strong not some fancy schmancy stock skin on top of the ROM such as HTC Sense Samsung TouchWiz Sony TimeScape etc. And if the developer of said ROM is trusted to be good i.e. good community feedback then yes you would be pretty safe. What you can do to re inforce the belief that a custom ROM is better than stock any day is this knowing that the ROM is rooted you can use Droidwall Hi Surfing or another type of firewall to block access to those sneaky apps like that. That will put in a level of assurance but having said that its not about justifying why having a rooted ROM in the first place rather its to empower yourself over the handset and use it in the way you want. If you don't like an app uninstall it if an app requires root then so be it. It does make you think and ponder for a bit in why carriers would rather have you to be stuck with a stock ROM and a locked bootloader i.e. rooting will void the warranty unlock the bootloader you're on your own but there's always two sides to the same coin if anyone can get their hands on a handset and unlock the bootloader it will simply factory reset and wipe the data upon unlocking and reboot So you can see how from a security viewpoint in what's going on and the decisions involved. I know when I made a ROM for Zte Blade I was trusting that the source does not have any malicious code well it was coming from AOSP source on google and yes its rooted and users feedback is good. There's a lot of thought in what was said and yes that kind of thing can be blocked If you want to be really secure block the following under Droidwall here Download Manager Downloads DRM protected content storage Media Storage. li Google Services Framework Network Location Google Calendar Sync Google Contacts Sync. li And finally block the Linux kernel as well. li ul With those criteria selected you will most certainly not be able to download remotely nor sync either. Also pay attention to the permissions that is asked for by the app on Google Play store be prudent and you will have nothing to fear. ", "upModVotes": 6, "answerScore": "6", "id": 27795, "authorUsername": 0}