{"username": "BadCash", "accepted": 0, "subtitle": "", "views": 1569, "tags": "<wi-fi><samsung-galaxy-s-3><internet><gateway>", "userId": "26392", "userReputation": 211, "title": "", "downModVotes": 0, "authorUserId": 0, "answer": "Just a note for others out there the setting is not very easy to find at least on my Samsung Galaxy S3 mini Android 4.1.1 . Go to Wireless and network More settings... Tethering and portable hotspot Portable WiFi hotspot. Once there you'll have to press the Menu button bottom left of your phone and up pops Timeout settings One can only guess why they decided to hide that setting in such a hard to find place.... ", "upModVotes": 5, "answerScore": "5", "id": 52770, "authorUsername": 0}