{"username": "Dylan Yaga", "accepted": 0, "subtitle": "", "views": 4546, "tags": "<battery-life><3g><2g>", "userId": "1522", "userReputation": 2265, "title": "", "downModVotes": 0, "authorUserId": 0, "answer": "Just a few reasons Android uses a lot of power Large Colorful Bright Display li Constant Wireless Connections li Background Applications li Application Cloud Syncing li User Input li Garbageware a Applications running when no one asked them to li Poorly written applications using more CPU cycles than needed li ul Basically everything about your phone that makes it smart uses battery power often a lot. If you were to dim the display to minimum turn off all wireless communications and have no applications running and syncing your smartphone would have outstanding battery life and be quite useless. ", "upModVotes": 4, "answerScore": "4", "id": 32822, "authorUsername": 0}