{"username": "Michael Hampton", "accepted": 0, "subtitle": "", "views": 136080, "tags": "<wi-fi><audio><streaming>", "userId": "16963", "userReputation": 1670, "title": "", "downModVotes": 0, "authorUserId": 0, "answer": "I use OTA Rootkeeper a which includes a feature to backup su code and temporarily unroot the phone. Once temporarily unrooted it can re root by restoring the su code backup. In addition it also attempts to preserve root when you apply an OTA update from your wireless carrier which is a really nice feature. ", "upModVotes": 4, "answerScore": "4", "id": 29883, "authorUsername": 0}