{"username": "Arman", "accepted": 0, "subtitle": "", "views": 3207, "tags": "<sony-ericsson-xperia-x8><sim-unlocking>", "userId": "7407", "userReputation": 21, "title": "", "downModVotes": 0, "authorUserId": 0, "answer": "Easy and simple way is just download application Wifi file Explorer a which is free in android market. It enables you to connect to your phone via WiFi. The app gives you the local ip and port for your phone that you can type into your browser from your computer. For example if ip is 10.0.0.1 and port is 8080 write down 10.0.0.1 8080 in your browser Then you can view your files over your wireless And with the paid version you can download whole folders and send files to your phone ", "upModVotes": 2, "answerScore": "2", "id": 12597, "authorUsername": 0}