{"username": "Nate", "accepted": 0, "subtitle": "", "views": 4055, "tags": "<4.0-ice-cream-sandwich><samsung-galaxy-s-2><usb-connection-mode><data-recovery>", "userId": "25891", "userReputation": 107, "title": "", "downModVotes": 2, "authorUserId": 0, "answer": "I ran into the exact same issue same storm too no doubt . In Android 4.2 you can disable these alerts by going to Settings rarr Wireless Networks More... rarr Cell broadcasts em . The alerts cannot be muted but can be disabled in this screen. ", "upModVotes": 1, "answerScore": "-1", "id": 36603, "authorUsername": 0}