{"username": "Mr. Buster", "accepted": 0, "subtitle": "", "views": 271, "tags": "<wi-fi><networking><wifi-tethering><usb-tethering>", "userId": "11343", "userReputation": 3438, "title": "", "downModVotes": 0, "authorUserId": 0, "answer": "Should this question stay afloat I recently created a VPN tunnel from my Android devices to my home Win7 PC and it was much easier than I thought. I'm running Android 4.1 Jelly Bean but this setup also worked with 4.0 Ice Cream Sandwich and should work with other versions too. First strong I had to find a way to create a VPN server. OpenVPN a looked awesome but several previous a questions a made it look like it might be more hassle than I was interested in respect for those who get it working . I stumbled across two different solutions that would fit my needs and ability Setup DD WRT to run a VPN server straight from a hacked router h2 This How To Geek article a provides a drop dead simple explanation of setting up the DD WRT VPN service. This I think is ideal because my router just sits at home all day and is always on. Alas after checking if my older router was compatable a it turned out that the specific build a of DD WRT I'm running micro in my case doesn't include the VPN server functionality. If yours does I'd say go to town. I'm planning on upgrading my router to someday obtain this very function. Configure a Windows 7 PC to accept incoming VPN connections h2 Alternatively I found a blog post a describing how to set up Windows to accept an incoming connection. There's honestly not much to say this was just a few clicks and now it's up and ready any time the PC is powered on I can log into the VPN created by it with my Windows login credentials. I use the WOL function a built into DD WRT combined with web access to my router to remotely wake my PC whenever I need to use the VPN. Be sure to forward port 1723 to the PC that will be negotiating these incoming requests. Second strong I just had to connect. In ICS JB go to System settings gt Wireless and Networks gt VPN gt Add VPN network code and enter your info. I use DDNS a to work around having to keep up with my ISP's dynamically assigned IP address. With a little reading and a little network know how this was up and working in a few minutes and was much em easier than I thought it was going to be ", "upModVotes": 2, "answerScore": "2", "id": 26117, "authorUsername": 0}