{"username": "Nerds.Dont.Swear", "accepted": 0, "subtitle": "", "views": 41520, "tags": "<4.0-ice-cream-sandwich><file-transfer><vanilla-android>", "userId": "7331", "userReputation": 68, "title": "", "downModVotes": 0, "authorUserId": 0, "answer": "I just thought of posting my solution here as well in order to help others that might face this problem in the future. After troubleshooting the problem for over two months I have finally been able to resolve the problem with the help of a Belkin technical support engineer. Just for clarification the problem is neither with the phones nor the router. It is to do with the Wifi settings that can be accessed via the gateway i address In my case it was 192.168.2.1 . I have followed the below steps that made it work for me Please note that this solution may not help all the other WEP problems it just seemed to help in my case. The best idea is to check up with your router's technical support department unless there is a problem with your phone . Wifi settings changed Disabled Firewall strong li Disabled WAN Ping Blocking strong li The most important part strong li Under Security I changed the Wireless channel from '10' to '9'. strong li Changed the Configuration from 802.11 b g n to 802.11 g only . strong li Changed the SSID name from say Belkin Router to Belkin . strong li Applied changes and hurray my phones got instantly connected. strong li ul Hope this helps others as well. ", "upModVotes": 0, "answerScore": "0", "id": 25217, "authorUsername": 0}