{"username": "CharlesHerdt", "accepted": 0, "subtitle": "", "views": 136080, "tags": "<wi-fi><audio><streaming>", "userId": "20662", "userReputation": 11, "title": "", "downModVotes": 2, "authorUserId": 0, "answer": "If you have access to your router you can clone its wireless MAC address. I did it on mine with DD WRT and now I get the correct location. All I needed to do was to change part of the MAC address. Two things that can go wrong though 1. Your router may not enable you to do it and you may be unable to install DD WRT on it 2. The wi fi network that's causing the wrong location is not from your router. Other than that its a quick fix. ", "upModVotes": 1, "answerScore": "-1", "id": 29923, "authorUsername": 0}