{"username": "Yasser Aljubaily", "accepted": 0, "subtitle": "", "views": 318, "tags": "<4.0-ice-cream-sandwich><networking>", "userId": "35926", "userReputation": 1, "title": "", "downModVotes": 0, "authorUserId": 0, "answer": "Go to the main screen Tap on applications symbol Go to Settings Then Wireless amp Networks. Then now go to the WiFi and then move on advanced settings shown as a symbol below the screen not on the screen but to will popup AFTER PRESSING THE LEFT Button .you will find easily how to control it during sleep ", "upModVotes": 0, "answerScore": "0", "id": 47349, "authorUsername": 0}