{"username": "OmidTahouri", "accepted": 0, "subtitle": "", "views": 1941, "tags": "<2.3-gingerbread><samsung-galaxy-s-2><usb><mount>", "userId": "11392", "userReputation": 151, "title": "", "downModVotes": 0, "authorUserId": 0, "answer": "Isn't really an answer but... There is WiFi Analyzer a which shows more information on the wireless networks your device can reach. It gives you more detail than the average user would require. As far as I know there is no application available on Android yet? that can sniff packets em . Would be an interesting application to have in the pocket. ", "upModVotes": 5, "answerScore": "5", "id": 17746, "authorUsername": 0}