{"username": "Jason Carr", "accepted": 0, "subtitle": "", "views": 7917, "tags": "<tablet><asus-eee-pad-transformer><printing>", "userId": "11966", "userReputation": 1, "title": "", "downModVotes": 0, "authorUserId": 0, "answer": "Keep in mind that the options are available with the stock Samsung Galaxy Nexus but unfortunately they don't always work depending on the various security settings with the corporate network. In fact my corporate wireless network worked just fine on Android 3.0 Honeycomb but now that I've upgrade to 4.0 on my Xoom it's not working again. I also cannot connect my Samsung Galaxy Nexus to the wireless network even though the same settings worked just fine on my Xoom running Honeycomb. ", "upModVotes": 0, "answerScore": "0", "id": 18803, "authorUsername": 0}