{"username": "Zuul", "accepted": 0, "subtitle": "", "views": 271, "tags": "<wi-fi><networking><wifi-tethering><usb-tethering>", "userId": "16265", "userReputation": 8332, "title": "", "downModVotes": 1, "authorUserId": 0, "answer": "If your previous device was setup to backup your personal data such as WiFi passwords Browser bookmarks User dictionary a list of installed Market applications and other customized settings all is backed up to Google's servers. The Automatic restore feature must be Enabled to allow your phone to contact Google's servers an retrieve the previous backup data. So carefully strong access the settings panel by Stating at your home screen select Apps li Select Settings li Go to PERSONAL section select Backup amp reset li From the BACKUP amp RESTORE section configure what you need Ensure the appropriate account is selected from the Backup account field before attempting any configuration settings. Some important considerations strong A setting is Enabled when a check mark is present. li If data back up is disabled existing backups are deleted from Google's servers. li ul li ol Useful and related reading h2 Backup and Restore Service Android a li Google Backup and Restore Options Galaxy Nexus by Samsung a li ul ", "upModVotes": 1, "answerScore": "0", "id": 26197, "authorUsername": 0}