{"username": "Izzy", "accepted": 0, "subtitle": "", "views": 4104, "tags": "<linux><dual-boot>", "userId": "16575", "userReputation": 64318, "title": "", "downModVotes": 0, "authorUserId": 0, "answer": "You can do so e.g. with Tasker a adapting the Wifi Tether Profile a described in the Tasker Wiki provided your phone is rooted Requirements h2 rooted device li Tasker a li Locale Execute Plug In a del no longer available but most likely no longer needed either li Wireless Tether for Root Users a li ul Tasker Tasks h2 Tether On strong Plugin Execute del Script Run Shell data data android.tether tether start 1 code check Use Root with the Locale Execute Plugin em prefix the command with an code to mark it as root command sup li Tether Off strong Plugin Execute del Script Run Shell data data android.tether tether stop 1 code with the Locale Execute Plugin em prefix the command with an code to mark it as root command sup li ul Tasker Profiles h2 You now can attach these tasks to any condition such as e.g. Wifi Near with your networks name. You can also add things like Wifi On Wifi off to above tasks to customize. Detailed descriptions can be found in the linked Wiki. ", "upModVotes": 2, "answerScore": "2", "id": 28039, "authorUsername": 0}