{"username": "Konstantin Schubert", "accepted": 0, "subtitle": "", "views": 30366, "tags": "<wi-fi><samsung-galaxy-nexus><4.1-jelly-bean><troubleshooting>", "userId": "20383", "userReputation": 205, "title": "", "downModVotes": 0, "authorUserId": 0, "answer": "This might not solve the problem but it is the first thing I would look after Many carriers require specific settings in the menu Settings Wireless and network Mobile networks. Usually when you make a contract they send you a message with the necessary configuration settings. Updating your phone might reset them or require new settings. If you think that might be the issue you should have a look around on the website of your network provider. They often publish the necessary settings and or offer a service to send you a configuration message. Also are you sure you need WCDMA? Just asking. ", "upModVotes": 1, "answerScore": "1", "id": 30078, "authorUsername": 0}