{"username": "onik", "accepted": 0, "subtitle": "", "views": 7917, "tags": "<tablet><asus-eee-pad-transformer><printing>", "userId": "475", "userReputation": 14544, "title": "", "downModVotes": 0, "authorUserId": 0, "answer": "There are some incompatibilities between Android devices and wireless routers. I've seen the same behavior on a couple of WLANs and some even go to Acquiring IP Address... and then disconnect. I suspect that your phone works well in other WPA2 secured WLANs? I haven't so far seen a comprehensive list of non functioning routers but at least one Netgear and a locally branded Cisco Cable modem with integrated Wifi have failed for me. ", "upModVotes": 1, "answerScore": "1", "id": 17571, "authorUsername": 0}