{"username": "onik", "accepted": 0, "subtitle": "", "views": 596, "tags": "<audio><streaming>", "userId": "475", "userReputation": 14544, "title": "", "downModVotes": 0, "authorUserId": 0, "answer": "You could check your MMS APN settings they can be found in Settings gt Wireless and network gt Mobile networks gt Access point names code . There should be some reference to MMS settings and it should have your operator's MMS settings. Also check out the settings found in Messaging gt Menu button gt Settings gt Multimedia message MMS settings gt Creation mode code . Verify these and try again ", "upModVotes": 5, "answerScore": "5", "id": 7645, "authorUsername": 0}