{"username": "GAThrawn", "accepted": 1, "subtitle": "Is it possible to print from an Android device specifically an Asus eeePad Transformer without going via the cloud? The ideal is to do it without going via a PC as well as I'd rather not have to keep switching a machine on just to print. My only idea at the moment is something like ePrint or PrinterShare on the eeePad and then print via a print server. Using a PC is one option do any of the apps work with a Samba print share or something Linux based? The other alternative is an Edimax print server to make the printer available on the network either wired or wireless . Will it work? Will any Android apps be able to print like that? Are there any better ways to do it with a USB laser printer? Thanks. ", "views": 7917, "tags": "<tablet><asus-eee-pad-transformer><printing>", "userId": "156", "userReputation": 20128, "title": "Is there a way to print from an Android tablet preferably without a PC cloud ?", "downModVotes": 0, "authorUserId": "10856", "answer": "There's a paid app called ePrint which I believe works locally to printers attached to a wireless network printers themselves don't need to be wireless and doesn't appear to use a cloud service or need a PC in most cases. They have a free ePrint version a that you can use to test the functionality before you pay for the full ePrint version a . Next there's PrintBot a this Network printer driver supports 1 000s of printer types connected to a local network. The free version a lets you print a few pages to test the full paid PrintBot Pro licensed a version is unlimited. Try both of those out and see which one works with your printer and apps. There are also some free proprietary apps that work with specific hardware HP ePrint a should work but only to HP printers both older network enabled ones and newer ePrint enabled networked ones Samsung MobilePrint a should work but only for Samsung printers . MotoPrint a lets you print to a lot of different printer types as long as they're connected to a wireless network don't have to be wireless printers annoyingly you can only install it on Motorola devices so not putting down as an answer for you but someone else might find it useful. ", "upModVotes": 6, "answerScore": "6", "id": 18801, "authorUsername": "IBBoard"}