{"username": "Bob", "accepted": 0, "subtitle": "", "views": 826, "tags": "<audio><headphones><bluetooth-audio>", "userId": "17771", "userReputation": 325, "title": "", "downModVotes": 0, "authorUserId": 0, "answer": "There is now a new attack a that targets wireless networks and devices connected to them. Simply connecting to a corporate wireless network one that uses EAP for security is enough if you are running a vulnerable version of Android. However it is unlikely don't quote me on this that they will be able to retrieve anything particularly sensitive from your Android device with this method. Maybe your wireless connection password. You can use a detection tool a more info a to check if you have a vulnerable system OpenSSL lib on your device. Note that as lars.duesing a mentions a it's possible that specific apps are statically linked against vulnerable versions different from the system library. According to this comment on Reddit a certain versions of Android are em affected by this bug. Worse still some browsers especially the built in one and Chrome possibly use it and are therefore vulnerable. Android 4.1.1 r1 upgraded OpenSSL to version 1.0.1 https android.googlesource.com platform external openssl.git android 4.1.1 r1 a Android 4.1.2 r1 switched off heartbeats https android.googlesource.com platform external openssl.git android 4.1.2 r1 a That leaves Android 4.1.1 vulnerable strong A quick grep on my access logs reveal there is a lot of devices still running 4.1.1. blockquote Some other sources indicate that 4.1.0 is also vulnerable strong . It seems the easiest way to fix it is to upgrade off that version if possible. If you're lucky your carrier will release a new version but I wouldn't count on it. If not you may have to investigate custom ROMs possibly a downgrade or rooting and manually replacing the library. It is highly recommended that you resolve this issue. strong This bug can result in the theft of data including usernames and passwords from your browser by a malicious server. ", "upModVotes": 15, "answerScore": "15", "id": 67162, "authorUsername": 0}