{"username": 0, "accepted": 0, "subtitle": "", "views": 3101, "tags": "<pmp>", "userId": null, "userReputation": 0, "title": "", "downModVotes": 0, "authorUserId": 0, "answer": "You could buy a plan for a data card T Mobile sells PCMCIA cards that pick up a wireless signal or maybe a 3G iPad plan with AT amp T and swap the SIM card out. Haven't heard any stories about this but I don't see why it wouldn't work. AFAIK Google Voice doesn't support VOIP. ", "upModVotes": 2, "answerScore": "2", "id": 997, "authorUsername": 0}