{"username": "Amanda", "accepted": 0, "subtitle": "", "views": 351, "tags": "<cyanogenmod><ssh><busybox>", "userId": "3550", "userReputation": 2540, "title": "", "downModVotes": 0, "authorUserId": 0, "answer": "You can definitely connect to WPA protected wireless and your phone will connect automatically when you're within range of a known wireless network. You can use APNdroid a to cut off your 3G altogether. Take a look at How can I prevent my Google G 1 from using any kind of internet? a If you've got wireless at home and you're there every night your phone will be able to sync your contacts etc. over night. ", "upModVotes": 3, "answerScore": "3", "id": 8256, "authorUsername": 0}