{"username": "Enigma", "accepted": 0, "subtitle": "", "views": 136080, "tags": "<wi-fi><audio><streaming>", "userId": "19168", "userReputation": 1000, "title": "", "downModVotes": 0, "authorUserId": 0, "answer": "Airdroid a will allow you to do this and more. Transfer files to and from your device via web browser. Wireless operation via WiFi connection. li No client required on computer enjoy all functions amp features just in your browser. Free of drivers or computer environment limits. li IM like interface search contacts or copy the messages chat with your friends more conveniently. Quick and easy group texting from the comfort of your desktop. li Organize music photos videos messages and call logs with contacts. Much easier apps install uninstall and even backing up. Play music and video clips stored on device or view your photos on the big computer screen. li Provide convenient management on your device. Including Device Status Processes Manager Apps Manager and SD Card control. li Device screenshot multiple desktops weather calendar url transfer etc. li ul From their site http airdroid.com a ", "upModVotes": 3, "answerScore": "3", "id": 29584, "authorUsername": 0}