{"username": "Sopalajo de Arrierez", "accepted": 0, "subtitle": "", "views": 244, "tags": "<motorola-defy>", "userId": "52712", "userReputation": 250, "title": "", "downModVotes": 0, "authorUserId": 0, "answer": "I think I have finally found a partial solution. By using these commands via ADB what can be done by USB cable or Wireless ADB my case the contents of the internal filesystem of the tablet seems to have become clean adb shell wipe data code pre I hope this info will help anyone. ", "upModVotes": 0, "answerScore": "0", "id": 63108, "authorUsername": 0}