{"username": "antonio081014", "accepted": 0, "subtitle": "", "views": 838, "tags": "<tablet><tethering>", "userId": "4457", "userReputation": 101, "title": "", "downModVotes": 0, "authorUserId": 0, "answer": "I am using Samsung Nexus S. I think most of the android phones are very similar. Please follow the following steps Go to Settings li Go to Wireless amp Networks li Scroll down to the bottom go to Mobile network settings . li ol Now you could enable Data enabled option which is the first option could be selected. Then you could access the network through wifi or 3G. Good luck. ", "upModVotes": 0, "answerScore": "0", "id": 8412, "authorUsername": 0}