{"username": "Webs", "accepted": 0, "subtitle": "", "views": 7895, "tags": "<networking><root-access>", "userId": "316", "userReputation": 1020, "title": "", "downModVotes": 0, "authorUserId": 0, "answer": "When on WiFi you can manually set IP information Settings Wireless amp networks Wi Fi Settings Menu button Advanced. Mind you it would be very easy for anyone to modify those settings. As far as when connected via cellular I do not know of anyway to modify those DNS settings as they come from the carrier and the carrier's towers. I'm pretty sure they don't want their users changing DNS settings which could help them bypass certain restrictions they normally have in place. If it was feasible you would need to do some rooting and hacking of files. Supposedly there are DNS files that exist and can be modified but I wouldn't recommend going this route. system etc dhcpcd dhcpcd hooks 20 dns.conf ", "upModVotes": 1, "answerScore": "1", "id": 1417, "authorUsername": 0}