{"username": "Izzy", "accepted": 0, "subtitle": "", "views": 10489, "tags": "<music-player><headphone-jack>", "userId": "16575", "userReputation": 64318, "title": "", "downModVotes": 0, "authorUserId": 0, "answer": "You didn't name your device but most likely got some China import. There were some readings a little time ago about this issue. Normally a MAC address should be unique em to the device the producer probably wanted to save some license costs... Nevertheless that background isn't going to help you much. There are some apps available on the Playstore which allow you to change the MAC address search the playstore for mac address a to find them all like e.g. Wireless Mac Changer a or Set MAC address a . Note however that all of them require root access on your device. The only alternative known to me would be to return the device s explaining your reason see above and ask for an appropriate replacement. ", "upModVotes": 1, "answerScore": "1", "id": 35486, "authorUsername": 0}