{"username": "Dave Veffer", "accepted": 0, "subtitle": "", "views": 28954, "tags": "<bluetooth><samsung-galaxy-tab><skype><bluetooth-pairing>", "userId": "1576", "userReputation": 923, "title": "", "downModVotes": 0, "authorUserId": 0, "answer": "Looks like there are several options. Here are a couple of the more popular apps WiFiFoFum a strong AppBrain Description strong WiFiFoFum scans for 802.11 WiFi networks and displays information about each including SSID MAC RSSI channel and security. WiFiFoFum also allows you to connect to networks you find and log the location using the GPS. KML logs can be emailed. blockquote WiFi Scanner a strong AppBrain Description strong No ads Option to connect added for open networks Update comming soon A free em WiFi Scanner for wireless networks for Android. The WiFi signal is displayed in dBm format blockquote If you are looking to sniff traffic try Shark for Root a strong AppBrain Description strong Traffic sniffer works on 3G and WiFi works on FroYo tethered mode too . To open dump use WireShark or similar software for preview dump on phone use Shark Reader. Based on tcpdump. Please leave comments send e mail if you have any problems suggestions. blockquote ", "upModVotes": 9, "answerScore": "9", "id": 3884, "authorUsername": 0}