{"username": "GalmWing", "accepted": 0, "subtitle": "", "views": 23808, "tags": "<dlna>", "userId": "12806", "userReputation": 211, "title": "", "downModVotes": 0, "authorUserId": 0, "answer": "Settings Wireless amp Network Wi fi settings. em Press the Menu Options button and select Advanced em Now choose in the Wi fi sleep policy Never em Keep in mind that your battery is going to drain faster because the wifi will never be turned off unless you manually do it and is easy to forget that you changed the sleep policy. ", "upModVotes": 4, "answerScore": "4", "id": 19845, "authorUsername": 0}