{"username": "Izzy", "accepted": 0, "subtitle": "", "views": 13040, "tags": "<usb><internet><wifi-hotspot>", "userId": "16575", "userReputation": 64318, "title": "", "downModVotes": 0, "authorUserId": 0, "answer": "Full backup h3 If your device is equipped with Android 4.0 and you've got the SDK installed on your computer you might want to take a look at Full Backup of non rooted devices a for how to do a full backup using ADB plus adbWireless a WiFi ADB a ADB WiFi a and similar apps which allow you to connect your device to your computer via ADB without the need of an USB cable . I didn't check all of them at least some of these apps require root. But you didn't give enough information to figure out whether that's an issue. Partial backup h3 If you don't care about a full backup there are several other apps available on the playstore featuring amongst others some kind of backup and connect via WiFi. Most of them only backup your .apk code files but some also offer several sets of data. On of those is AirDroid a offers e.g. to backup your apps then there's Webkey a which requires root but then e.g. offers to backup your contacts and call logs . There are a lot more options available and I cannot list them all. Other means h3 Then there's always the possibility to have some server app running on your Android device and trigger actions directly on the device. If your computer runs Linux you might be a bit familiar with SSH a Search the Playstore for sshd a and you find a bunch of server apps. Running one of those on your device you can connect remotely via SSH and directly execute commands from the command line of course you need to find out which ones are suitable to you which very much depends on what you want to back up . Again root on the device will prove very useful here. Setting up some other file server e.g. FTP search the playstore for ftpd a to get a list of possible apps you can access the backup files for transfer to your computer. Last word h3 You asked for Any ideas em so there are some. No complete explanation as that would get a bit long to do for all listed possibilities. But if you decided for one of them and need more details Simply ask a more specific question then P.S. If that all sounds to complicated for a while simply go to the next store and buy some USB cable they are usually not that expensive. This also is an idea to consider ", "upModVotes": 3, "answerScore": "3", "id": 33461, "authorUsername": 0}