{"username": "cadayton", "accepted": 0, "subtitle": "I'd like to be able to push PDF files onto a phone tablet with a Bash script. Is it possible to transfer data using scp or even rsync from a Linux computer to an Android phone over wireless? Could I even run Unison on the phone? And is it possible to run Bash or only POSIX Shell scripts on the phone remotely? ", "views": 11165, "tags": "<ssh><rsync>", "userId": "31888", "userReputation": 1, "title": "scp and rsync to transfer data from Linux to Android", "downModVotes": 0, "authorUserId": "27017", "answer": "For your first question. I use the OASVN Android client a to pull PDF files to my droid from my private Windows based SVN server. Works Great I used rsync before and would favored the SVN solution over rsync. NetApp's FX File Manager Plus handles the SFTP protocol over wireless and will cost you 2 for a license. ", "upModVotes": 0, "answerScore": "0", "id": 43339, "authorUsername": "Martin Ueding"}