{"username": "ce4", "accepted": 0, "subtitle": "", "views": 41520, "tags": "<4.0-ice-cream-sandwich><file-transfer><vanilla-android>", "userId": "15713", "userReputation": 12542, "title": "", "downModVotes": 0, "authorUserId": 0, "answer": "I have a Targus bluetooth keypad that I can connect to my Tablet Phone and use it as a number pad. It has a Num Lock switch so it can also be used to input up down right left and PageUp PageDown. It however depends on your device if your onscreen keyboard vanishes when you connect to a bluetooth device or not my ICS CyanogenMod9 does hide the onscreen keyboard . Price is OK I got that for around 15EURO. Not sure how the availability is at your place. Just search amazon et al. but be sure you get a bluetooth model and not one with a USB wireless adapter like most Logitech accessory . PS The media keys also work nicely. ", "upModVotes": 2, "answerScore": "2", "id": 25372, "authorUsername": 0}