{"username": "Sparx", "accepted": 0, "subtitle": "", "views": 26210, "tags": "<wi-fi>", "userId": "1250", "userReputation": 9687, "title": "", "downModVotes": 0, "authorUserId": 0, "answer": "Go to SETTINGS WIRELESS WIFI SETTINGS. Press MENU ADVANCED. Ensure the WiFi Sleep Policy is set to NEVER. This will make sure that your WiFi remains always connected. This may however result in a marginal increase in battery consumption. ", "upModVotes": 4, "answerScore": "4", "id": 15788, "authorUsername": 0}