{"username": "Karan Raj Baruah", "accepted": 0, "subtitle": "", "views": 3641, "tags": "<cyanogenmod><samsung-galaxy-s-3><data-connection><signal>", "userId": "31626", "userReputation": 1566, "title": "", "downModVotes": 0, "authorUserId": 0, "answer": "Using this as source a Procedure Turn on the Portable Wi Fi Hotspot on your Android smartphone or tablet Go to the Settings screen on your Android phone. You can get there by pressing the menu button on your device when you're on the home screen then tapping Settings . li At the Settings screen tap the Wireless amp networks option. li You should see an option for Portable Wi Fi hotspot . Click the check mark beside it to turn on the hotspot and your phone will start acting like a wireless access point. You should see a message in the notification bar when it's activated. li To adjust and check the settings for the hotspot tap the aptly named Portable Wi Fi hotspot settings option. You'll need to do this if you don't know the default password that will be created for your hotspot so you can make a note of it for connecting your other devices. li You can change the default password security level router name SSID and also manage users connected wirelessly to your phone in the Wi Fi hotspot settings. li ol blockquote ", "upModVotes": 2, "answerScore": "2", "id": 44081, "authorUsername": 0}