{"username": "sickgemini", "accepted": 0, "subtitle": "", "views": 838, "tags": "<tablet><tethering>", "userId": "297", "userReputation": 2095, "title": "", "downModVotes": 0, "authorUserId": 0, "answer": "If it is a Wi Fi issue have the stand by settings changed with the new installation? Settings Wireless amp Networks Wi Fi settings Menu Advanced Wi Fi sleep policy Has this setting changed from to Never Which will keep the Wi Fi on all the time ? ", "upModVotes": 2, "answerScore": "2", "id": 8444, "authorUsername": 0}