{"username": "GAThrawn", "accepted": 0, "subtitle": "", "views": 41520, "tags": "<4.0-ice-cream-sandwich><file-transfer><vanilla-android>", "userId": "156", "userReputation": 20128, "title": "", "downModVotes": 0, "authorUserId": 0, "answer": "According to this review Pocket Lint Kingston Wi Drive review a You are also able to access the files on the Wi Drive on a PC or Mac by visiting it's IP address in your web browser. This again allows you to play any files that are supported in your web browser. MP3s for example play fine but you might struggle more with video files. You can also connect to the Kingston as a regular network drive. We were able to view it as if it was any network attached storage device. That means we could also copy files over wirelessly too. blockquote This suggests that the Kingston at least supports something like SMB a the Windows file sharing protocol . Many Android apps let you connect to an SMB shared drive to copy files on or off I use File Manager a to copy files from my Windows machines to my phone tablet this way and I'm pretty sure Astro supports it too. To do this from your app you just need to include SMB file access support in your Andoird app. How to do that is off topic for this site as that is a developer question. ", "upModVotes": 2, "answerScore": "2", "id": 25376, "authorUsername": 0}