{"username": 0, "accepted": 0, "subtitle": "", "views": 333, "tags": "<bluetooth>", "userId": null, "userReputation": 0, "title": "", "downModVotes": 0, "authorUserId": 0, "answer": "Provided you bought the correct SIM card StraightTalk provides its service using all 4 major US mobile networks ATT TMO Verizon and Sprint from How to Convert Verizon Wireless Phones to Straight Talk a Contact Verizon Wireless. Verify your account information and explain to the representative that you would like to unlock your phone for use with another service. Pay your outstanding balance due and the early termination fee if applicable. Obtain an unlock code from the representative. blockquote ", "upModVotes": 1, "answerScore": "1", "id": 62132, "authorUsername": 0}