{"username": "ce4", "accepted": 0, "subtitle": "", "views": 96070, "tags": "<wi-fi><connection-issues>", "userId": "15713", "userReputation": 12542, "title": "", "downModVotes": 0, "authorUserId": 0, "answer": "Most probably there's no surveillance. Android's corporate device management support is still in its infancy. In case you got it pre setup'ed for you you can wipe factory reset it. You're then sure you got rid of whatever setup was done by anyone after the tablet has been bought. But before you do this Check for device management software. Settings Security Device administrators. You could look for stuff like mobile iron used to enforce policies and monitor installed apps and such on company owned or BYOD phones tablets . li Check for a configured VPN connection. Settings wireless amp networks more VPN. Your company might have set up a VPN that routes all strong traffic including tethered traffic through company servers. Monitoring could be done there then. li Check for a Microsoft Exchange profile. This can only be used to remote wipe your tablet there are however no further options for device management and monitoring. li ul ", "upModVotes": 0, "answerScore": "0", "id": 29146, "authorUsername": 0}