{"username": "jeruane", "accepted": 0, "subtitle": "", "views": 1313, "tags": "<samsung-galaxy-note-3>", "userId": "43668", "userReputation": 11, "title": "", "downModVotes": 0, "authorUserId": 0, "answer": "Have you tried Showing Hidden Files and folders ? Follow these steps to display hidden files and folders. Open Folder Options by clicking the Start button Picture of the Start button clicking Control Panel clicking Appearance and Personalization and then clicking Folder Options. li Click the View tab. li Under Advanced settings click Show hidden files and folders and then click OK. li ol blockquote windows.microsoft.com a li ul Here is a step by step guide on how I took the photos off my Galaxy s4 Connect via USB There should be an option in the notification center which looks like this li Tap on it and it should bring you to another menu which should look like this li Select Camera PTP and move to your computer li In windows explorer under My Computer it should appear similar to this li Next select your phone and it should give you two options. If in your camera settings you've decided to store to Card then select that. li Next select DCIM li and then the camera folder li Your photos should be in that folder li ol Hopefully this worked for you. I'm guessing the samsung phones have similar directory setups considering they're from the same manufacturer and both are running android although I'm running a slightly newer version. edit After reconnecting a couple times I ran into the same problem and fixed it by reconnecting again and before accessing the folders letting it sit connected for a minute. Also If you're sorting the folder by file type the videos will probably be at the bottom of the list under all of the pictures. ANOTHER way you can possibly get the photos on the computer and the way I personally use is using dropbox camera upload feature. Just download the dropbox app on your phone enable photo uploads and download the desktop app fr your computer and every photo you take will be automatically uploaded to dropbox so you can't lose it and it will be on your computer within a couple seconds to a couple minutes depending on your connection. I use this over connecting and copying over because I found connecting it to be a little glitchy. With Camera Upload the photos and videos you take with your camera phone or tablet will upload automatically to Dropboxmeaning they'll be safely backed up and viewable anywhere. Take advantage of Camera Upload in two ways Upload wirelessly from your phone or tablet using the iOS or Android app li Upload by connecting your camera phone or tablet to your computer and using the Mac or Windows desktop app li ol blockquote dropbox.com a li ul ", "upModVotes": 1, "answerScore": "1", "id": 55479, "authorUsername": 0}