{"username": "filoxo", "accepted": 0, "subtitle": "", "views": 26, "tags": "<wi-fi><dhcp>", "userId": "37474", "userReputation": 824, "title": "", "downModVotes": 0, "authorUserId": 0, "answer": "I don't know of any apps that can do that but supposedly any Android 4.2 device can do that with a wireless display adapter connected to an HDMI enabled TV. I also found this project by E.S.R.Labs a which they successfully get a Nexus S to mirror it's screen albeit onto a Raspberry Pi . Mirroring functionality is also sometimes limited due to hardware requirements. I also recently found that a developer was able to get Miracast working on Nexus 7 and 4 variants. Check it out on XDA with videos a . Something cool to note with this project is that the mirroring capabilities are all software based no need for additional hardware. Hopefully that will also lead to further development for mirroring on devices that don't already have the hardware inside of them. ", "upModVotes": 0, "answerScore": "0", "id": 49042, "authorUsername": 0}