{"username": "Junaid Iqbal", "accepted": 0, "subtitle": "What can I do with DLNA on an android smartphone? I understand it allows wireless streaming media but beyond that I have trouble finding details. Will DLNA enabled smartphones receive data from servers? Will I be able to hit play on my smartphone and listen to it on my DLNA enabled stereo? ", "views": 23808, "tags": "<dlna>", "userId": "12756", "userReputation": 11, "title": "What can I do with DLNA on an android smartphone?", "downModVotes": 0, "authorUserId": "2199", "answer": "DLNA enabled TVs for example can be used as an external monitor without HDMI or any cables. I want to show my large family my vacation pics on my phone but the screen is too small for all of them to see at once. My TV should be Wi Fi enabled and DLNA certified and I should have a wireless router too obviously. Connect my phone and TV to the same Wifi network coming from the same router. li Using the brand appropriate device media sharing program sup on my phone and TV I connect them to each other. li Now I select the video picture or music file to play and it will be play through my home Wifi network to my TV and maybe vice versa. So everyone can enjoy at once. li ul sup The same can be done with a DLNA enabled music player or anything. sup Media appropriate app can be found by searching up on Google or Youtube or any other search engine. ", "upModVotes": 1, "answerScore": "1", "id": 19745, "authorUsername": "Alex B"}