{"username": "shambleh", "accepted": 0, "subtitle": "", "views": 315, "tags": "<wi-fi><cyanogenmod><htc-mytouch-3g-slide>", "userId": "2274", "userReputation": 1212, "title": "", "downModVotes": 0, "authorUserId": 0, "answer": "You can connect the device to the PC with a USB cable and access it via Explorer in the same way that you would a thumb drive. In addition I like using Dropbox a to sync files in a wireless fashion. I find this to be much easier and does not restrict movement of handset. ", "upModVotes": 4, "answerScore": "4", "id": 12510, "authorUsername": 0}