{"username": "ivan", "accepted": 1, "subtitle": "My Snow Leopard Mac doesn't recognize my Samsung Galaxy S2 for file transfer over USB and it's starting to drive me nuts. I've tried the following Connect Storage to PC strong Settings gt Wireless and Networks gt USB Utilities gt Connect Storage to PC code I've tried this several times on my phone following the procedure stating that I should only connect after the phone asks me to but it does not work. There is no attach button in the pull down menu like some claim there should be. Yet it seems that the phone notices that the USB cable is connected. However OS X does not. No external storage pops up in Finder. I've also tried waiting for several minutes as I know this sometimes can take a while but to no avail. USB Debugging strong Settings gt Applications gt Development gt USB debugging code When set to on nothing happens. When set to off nothing happens either. It is automatically shut off when using Connect Storage to PC code . Android File Transfer strong I've also downloaded Android File Transfer and while the phone finally recognized something by stating MTP Connected code in the pull down menu nothing happens in OS X nor the Android File Transfer program itself. It just continues to demand that I attach the USB cable. I've also tried it in conjunction with both USB Debugging on and off to no avail. When it's on the phone doesn't detect any MTP. When it's off the phone detects MTP. Either way it seems that OS X doesn't detect jack... USB Prober strong The USB Prober on my Mac does detect something when I connect the USB to my phone but I do not understand the message after the timestamp that is 1 AppleUSBOHCI 0x56f9800 SuspendUSBBus Processing WDH before suspending code . USB Cable strong I've tried with two different brand new cables. Made no difference. Please do not post answers suggesting the use of Kies Bluetooth Wireless and the like. I want my phone to work over USB for a reason speed and convenience . ", "views": 51704, "tags": "<usb><connection-issues><mac-os-x>", "userId": "20341", "userReputation": 86, "title": "My Mac doesn't recognize my Galaxy S2 through USB", "downModVotes": 0, "authorUserId": "18869", "answer": "tested on mac osx snow leopard and Mountain Lion with your device unplugged go to settings developer options disable usb debugging Go to Settings in wireless and network section go to more usb utilities Tap on Connect storage to PC . Plug in your device to your mac and the tap on Turn on USB storage and OK. You should see your device just like an USB pen. ", "upModVotes": 7, "answerScore": "7", "id": 29513, "authorUsername": "Kebman"}