{"username": "Matt", "accepted": 0, "subtitle": "", "views": 265, "tags": "<2.2-froyo><bluetooth><att><htc-aria>", "userId": "137", "userReputation": 15815, "title": "", "downModVotes": 0, "authorUserId": 0, "answer": "I don't know of any way to make your phone a remote speaker alone but there are methods that would achieve basically the same result. Without knowing your exact goal it's hard to give you a specific recommendation but here is one way to have audio stored on a seperate device play through you phones speaker headphones Setting up a wireless media server will allow you to stream media from your computer to you phone. So while it's not simply acting as a speaker you are able to hear media that is stored on your computer on your phone. There are numerous ways to do this like using DLNA a strong or any of the number of apps that serve media a strong over wifi or 3G. ", "upModVotes": 1, "answerScore": "1", "id": 7317, "authorUsername": 0}