{"username": "Akhil", "accepted": 0, "subtitle": "", "views": 4276, "tags": "<samsung-galaxy-s-3><bluetooth><linux><file-transfer>", "userId": "23293", "userReputation": 3034, "title": "", "downModVotes": 0, "authorUserId": 0, "answer": "Steps strong Go to Settings strong Under em Wireless amp Networks strong select Data Usage strong click Menu strong check Auto Sync strong . li Then go back to Settings strong Accounts strong Google strong uncheck Gmail strong . li ol Or else you can uncheck Auto sync option strong to disable automatic synchronizing all options strong . ", "upModVotes": 0, "answerScore": "0", "id": 41566, "authorUsername": 0}