{"username": "GAThrawn", "accepted": 0, "subtitle": "", "views": 4597, "tags": "<wi-fi><game-controllers>", "userId": "156", "userReputation": 20128, "title": "", "downModVotes": 0, "authorUserId": 0, "answer": "There are definitely Android DLNA clients and servers which will allow you to share or receive videos or other media over a wireless network see these previous questions DLNA enabled media player? a What can I do with DLNA on an android smartphone? a Can I get DLNA on my Droid? a What is the Android Answer to Air Video Server? a If you have a TV with a USB port you should definitely be able to mount your phone's SD card as a drive and play the files on it assuming they're encoded with codecs that your TV understands . Also if you have a phone with video or HDMI out functionality you can play videos direct to the TV over a video or HDMI cable. But I don't think you'll be able to do things quite the way you describe. I don't know of any TVs that will mount a USB device as anything other than a mass storage device USB drive or a network adapter normally only specific manufacturer approved adaptors and it sounds like you want to stream movies via your phone rather than just play them from its storage. One problem you're going to face is that on an unmodified Android phone the moment you mount your phone as mass storage to one device eg your TV it's no longer accessible to other apps on your phone such as whatever's receiving it from your PC . TL DR three realistic options Plug phone into PC copy movies onto SD card unplug phone plug into TV play as files li If your phone has TV out video out or HDMI out plug your phone into the TV that way instead of USB and then either play from its storage or from a streaming video client li If your TV is network connectible use a DLNA client on your phone see above question links to push the movie from a DLNA server on the PC eg Windows Media Player on Win 7 or Twonky server a to a DLNA compatible network attached TV or media streamer box attached to TV . li ol ", "upModVotes": 1, "answerScore": "1", "id": 8874, "authorUsername": 0}