{"username": "Dr G", "accepted": 1, "subtitle": "I've just arrived at some place which offers wireless internet. When I try to connect my computer it sends me to some specific URL in which I need to accept some terms of use and then the Internet works fine. When I try to connect to that network with my Android however it's stuck on the obtaining IP address stage of the connection for long minutes. After a few tries it just gives up and moves that SSID to a disabled status which I haven't seen until now in which it is remembered but it doesn't attempt to connect to it. I can't navigate to any special address on the device's browser because it outright refuses to connect to the network. How can I solve this issue? ", "views": 994, "tags": "<wi-fi>", "userId": "1420", "userReputation": 1024, "title": "Device stuck on obtaining IP address then sets network to disabled ", "downModVotes": 0, "authorUserId": "511", "answer": "The issue is not with your device but with the wireless provider. That is the typical behavior when connecting to a defective hotspot either over capacity or just a tad too far for a reliable connection... Sadly there is nothing you can do about it. It happens a lot to BT hotspots in the UK in London most of them are overloaded during working hours. ", "upModVotes": 3, "answerScore": "3", "id": 13800, "authorUsername": "Oak"}