{"username": "Liam W", "accepted": 0, "subtitle": "", "views": 12677, "tags": "<wi-fi><4.0-ice-cream-sandwich><samsung-galaxy-s-2>", "userId": "11209", "userReputation": 7100, "title": "", "downModVotes": 1, "authorUserId": 0, "answer": "Do you definitely have a sim in your device? If you do not then you cannot disable airplane mode. Also is the item in the Power Options menu and the Wireless and Networks settings menu disabled? If so it is likely a sim error. ", "upModVotes": 1, "answerScore": "0", "id": 22736, "authorUsername": 0}