{"username": "yrajabi", "accepted": 0, "subtitle": "", "views": 2461, "tags": "<windows><bluetooth><voip>", "userId": "8041", "userReputation": 1977, "title": "", "downModVotes": 0, "authorUserId": 0, "answer": "In Android AFAIK when you connect to an active Wi Fi network mobile data GPRS 3G etc will be disabled even if are turned on temporary. So it would be OK to just connect to the Wi Fi network. But if you want to be sure about disabling mobile data you should go to Settings Wi Fi and Networks Mobile Data and uncheck the option to disable mobile data. in ICS it's in Settings Wireless and Networks More Mobile Networks ", "upModVotes": 10, "answerScore": "10", "id": 28533, "authorUsername": 0}