{"username": "Josh", "accepted": 0, "subtitle": "", "views": 1162, "tags": "<bluetooth><battery-life><tethering><wifi-tethering>", "userId": "50", "userReputation": 390, "title": "", "downModVotes": 0, "authorUserId": 0, "answer": "I'm going to say no. From the article you linked EGNOS is primarily designed for airborne use and has limited ground applications. li EGNOS looks to be designed more for commercial applications e.g. embedded navigation systems in vehicles airline etc. not so much consumer devices li Nexus One's GPS is provided from the QualCom QSD8250 SnapDragon chip specs a . The specs for that chip do not mention any WAAS a capabilities. Furthermore there aren't any Qualcom chips listed on the EGNOS registered devices list a . li ol If I'm wrong about the chip then it should just be a matter of software to enable it. I haven't seen anything like that in the Android source but that doesn't mean it isn't hiding there or in some third party bolt on. What the Nexus DOES use to improve both response time and accurace is A GPS a Assisted GPS . This basically just means it us using the presence of other location clues cellular towers wifi networks etc to help triangulate a better faster position. You can see this in action with the Google Maps application. If you have GPS enabled and WiFi disabled and open the maps application it will prompt you to turn on WiFi even if you're not connected to a network. It uses a location database of wifi hotspots to help get a fix on your position similar to Skyhook a ", "upModVotes": 8, "answerScore": "8", "id": 2947, "authorUsername": 0}