{"username": "Liam W", "accepted": 0, "subtitle": "", "views": 117, "tags": "<4.0-ice-cream-sandwich>", "userId": "11209", "userReputation": 7100, "title": "", "downModVotes": 0, "authorUserId": 0, "answer": "This would indicate that you are not connected to the Internet. When you did the factory reset the APN data for your network carrier might have been erased. You will have to check with your network carrier for the correct APN settings. You can also connect to a wifi network to connect your Google Account. You can enter the APN settings by going to System Settings gt Wireless and Networks gt Mobile Networks gt Access Point Names gt Menu Button gt Add New code . ", "upModVotes": 0, "answerScore": "0", "id": 35163, "authorUsername": 0}