{"username": "bmdixon", "accepted": 0, "subtitle": "", "views": 1313, "tags": "<samsung-galaxy-note-3>", "userId": "30530", "userReputation": 6829, "title": "", "downModVotes": 0, "authorUserId": 0, "answer": "I'm assuming you mean your photos music etc. that are stored on the 'sdcard' even though it may not be an actual SD card . If so there are a number of apps that can do this. I personally use FolderSync a There is a lite a version with some limitations Others include Cheetah Sync a and SyncMe Wireless a but i've not used these so can't comment on how good they are. ", "upModVotes": 1, "answerScore": "1", "id": 55308, "authorUsername": 0}