{"username": "GAThrawn", "accepted": 0, "subtitle": "", "views": 104, "tags": "<2.3-gingerbread><calls>", "userId": "156", "userReputation": 20128, "title": "", "downModVotes": 0, "authorUserId": 0, "answer": "For things like Podcasts the experience should be far more slick than the clunky Apple need to plug into a PC and use iTunes. Most services on Android are about the device itself doing all of the syncing directly with the internet not needing to have a PC in the middle that you have to plug into to get updates. For Podcasts you can use something like Google Listen a this keeps the list of your Podcast subscriptions in Google Reader a and syncs and downloads new episodes wirelessly throughout the day though if you're concerned about data usage you can configure it to only download when you're on a wifi network . I haven't personally used it but other apps like DoggCatcher a keep your subscriptions on the device and wirelessly sync throughout the day in similar ways. For music syncing there's nothing built in but apps like WinAmp a allow you to do a wireless music sync with a PC running WinAmp again other apps also allow that but I haven't used them. ", "upModVotes": 3, "answerScore": "3", "id": 14285, "authorUsername": 0}