{"username": "Ruben Roy", "accepted": 0, "subtitle": "", "views": 26251, "tags": "<4.0-ice-cream-sandwich><samsung-galaxy-nexus><wifi-hotspot><ad-hoc-networks>", "userId": "14467", "userReputation": 1629, "title": "", "downModVotes": 0, "authorUserId": 0, "answer": "Disable usb debugging in settings applications development and select samsung kies in settings wireless and network usb settings and try connecting the device again ", "upModVotes": 0, "answerScore": "0", "id": 22166, "authorUsername": 0}