{"username": "Lie Ryan", "accepted": 0, "subtitle": "", "views": 33973, "tags": "<wifi-hotspot><htc-one-x><ad-hoc-networks>", "userId": "482", "userReputation": 17576, "title": "", "downModVotes": 0, "authorUserId": 0, "answer": " How do I know if I am off the internet after using the phone to browse? blockquote You can look at the signal bar the signal bar would be grayscale when it's not connected to the internet green if it's connected and have arrows when actively transmitting data. How do I switch off the internet after use on the Samsung Spica? blockquote The phone will only connect when it needs to such as when you're browsing or when an app needs to check for update. Unless you're charged by connection time I don't know any carrier that does that most critters charge by amount of transmitted data there's no need to disable them manually when you're not using it. If you need to disable Mobile Data though you can do that in the Settings Wireless amp Network. ", "upModVotes": 1, "answerScore": "1", "id": 40264, "authorUsername": 0}