{"username": "Izzy", "accepted": 1, "subtitle": "I am using HTC One X and I was trying to enable mobile hotspot function so I could enjoy internet from my PC adhoc wireless network but it says There is a temporary network problem that prevents the enablement of the Mobile Hotspot function. Please retry later. code pre ", "views": 33973, "tags": "<wifi-hotspot><htc-one-x><ad-hoc-networks>", "userId": "16575", "userReputation": 64318, "title": "Could not enable mobile hotspot function on HTC One X", "downModVotes": 0, "authorUserId": "25278", "answer": "Looks like you've messed up some terms I was trying to enable mobile hotspot function so I could enjoy internet from my PC adhoc wireless network blockquote First the mobile hotspot function is to share your Android device's mobile Internet connection to other devices not having Internet on their own e.g. a tablet or laptop via WiFi. Second only few Android devices support ad hoc networks. There are solutions but all of them require your device to be rooted. Third if you wanted to use your PC's Internet connection on your Android device that would be reverse tether a and again require root to be established. ", "upModVotes": 2, "answerScore": "2", "id": 40118, "authorUsername": "hsuk"}