{"username": "Izzy", "accepted": 0, "subtitle": "", "views": 336, "tags": "<custom-roms><reboot><htc-desire-hd><overclocking>", "userId": "16575", "userReputation": 64318, "title": "", "downModVotes": 0, "authorUserId": 0, "answer": "Easiest way I use is installing a good eBook reader which simply accesses files you place in its directory in my case Moon Reader a in its payed version a currently 50 off its price . Then I can easily transfer my reading material Moon em supports a bunch of formats including PDF ePub Mobi FB2 and many more either... via CardReader li via USB when connected li wirelessly e.g. using a sync app like FolderSync a or a network file manager like ES File Explorer a or a remote management tool like Airdroid a li via Dropbox is also available according to the description never tried have no Dropbox account li ul You even can highlight and annotate with PDFs this goes directly into the PDF file for other formats it's stored separately integrate dictionaries like ColorDict a and much more. ", "upModVotes": 0, "answerScore": "0", "id": 51524, "authorUsername": 0}