{"username": "Cry Havok", "accepted": 0, "subtitle": "", "views": 5189, "tags": "<wi-fi><2.2-froyo><connection-issues><huawei-u8800>", "userId": "793", "userReputation": 1041, "title": "", "downModVotes": 0, "authorUserId": 0, "answer": "Disabling the SSID broadcast doesn't provide any meaningful security to your wireless network. The days that it might help make your network harder to spot are long long past. As such the best fix is to re enable the SSID broadcast. ", "upModVotes": 1, "answerScore": "1", "id": 8396, "authorUsername": 0}