{"username": "Ace", "accepted": 0, "subtitle": "", "views": 5875, "tags": "<roaming>", "userId": "9921", "userReputation": 594, "title": "", "downModVotes": 0, "authorUserId": 0, "answer": "In addition to what the others have already answered if you just want to access the files on the phone's storage and SD card you can just mount the file system. Unplug the USB cable then Settings Wireless and network USB utilities Connect storage to PC strong ", "upModVotes": 3, "answerScore": "3", "id": 24831, "authorUsername": 0}