{"username": "neildeadman", "accepted": 0, "subtitle": " Possible Duplicate strong How to set up reverse tethering over USB? a blockquote Is there a way to do this? I'm trying to reverse tether my Android phone. I'd like it to use my PC connection. Many guides on the net say that I should root my phone but I don't want to do that. What I would like to happen connect Android to the Internet via wireless li attach to PC via USB in tethering usb mode li PC is already connected to the Internet in another way cable li when I disconnect the wireless connection on the Android phone then the Android phone uses the connection of my PC li ul With no internet connection on my phone I can't connect successfully to the PC. So I'd like to know if there is a way to let the Android device believe it is connected to the Internet. I'm using Ubuntu 11.04 ", "views": 1396, "tags": "<networking><internet><reverse-tether>", "userId": "2770", "userReputation": 118, "title": "Let Android believe it is connected to internet", "downModVotes": 0, "authorUserId": "6802", "answer": "I tried this a while back when I first got an Android phone but it didn't fully work. In windows 7 I use http www.connectify.me a and that works perfectly so I never continued with it in Ubuntu. Try these anyway https help.ubuntu.com community WifiDocs WirelessAccessPoint a http www.esrun.co.uk blog ubuntu gateway access point server a Let us know how you get on... would be interesting to know ", "upModVotes": 1, "answerScore": "1", "id": 14200, "authorUsername": "the_candyman"}