{"username": "Propeller", "accepted": 0, "subtitle": "", "views": 4546, "tags": "<battery-life><3g><2g>", "userId": "14368", "userReputation": 1226, "title": "", "downModVotes": 0, "authorUserId": 0, "answer": "I make it a habit to reinstall Wifi Keyboard a everytime I reflash my phone. It doesn't require root as far as I know. Basically you set it as your default keyboard if you want to use it. Then you will see a notification and clicking that should reveal an IP address port to you. Open that address on a browser in your computer and you should see a big text entry box. Whatever you type on that entry box will be sent to your phone as keystrokes. So yeah you basically use your pc laptop keyboard as a wireless keyboard. It doesn't let you browse the phone remotely though but you can use it to navigate your phone via arrow keys . And your devices also need to be on the same LAN for the IP to work. ", "upModVotes": 1, "answerScore": "1", "id": 32975, "authorUsername": 0}