{"username": "t0mm13b", "accepted": 0, "subtitle": "I have a very simple problem when I run Wifi Tether code on my Galaxy S3 the computer won't get the IP address unless I disable DroidWall code firewall. DW runs in whitelist mode but I ran across its menu to enable all wireless related applications it found. Nothing. I have to stop it at all to make DHCP server work. What application in Android 4.1 or at least in the stock GS3 ROM governs DHCP in wireless tethering and should be enabled with DroidWall? Or else how do I find it out without try and fail across a large number of applications. ", "views": 10106, "tags": "<wifi-tethering><firewall><dhcp>", "userId": "4003", "userReputation": 12307, "title": "DroidWall and Wireless Tethering", "downModVotes": 0, "authorUserId": "7813", "answer": "It is normal to disable Droidwall for the reason that it blocks any incoming packets for port 67 to allow Wifi Tethering to work. Or quite simply allow a custom script a that matches the port number 67 which is dhcp to pass through. FYI about Droidwall the functionality and development efforts have been discontinued and the author sold it off to Avast. The fork of Droidwall is called AFWall which can be found here a and found on Google Play a which is apparently better than the old Droidwall. Edit h1 Since Wifi Tether operates on both TCP UDP's port number 67 for dhcp to work here's the rules necessary IPTABLES A droidwall wifi TCP destination port 67 j RETURN IPTABLES A droidwall wifi UDP destination port 67 j RETURN code pre This rule here enables adbWireless to work with DroidWall enabled. IPTABLES A droidwall wifi destination 0.0.0.0 destination port 5555 j RETURN code pre You also have to enable Wi Fi access for Apps running as root for this to work. ", "upModVotes": 2, "answerScore": "2", "id": 37502, "authorUsername": "usr-local-\u0395\u03a8\u0397\u0395\u039b\u03a9\u039d"}