{"username": "Izzy", "accepted": 0, "subtitle": "", "views": 716, "tags": "<4.0-ice-cream-sandwich><wi-fi>", "userId": "16575", "userReputation": 64318, "title": "", "downModVotes": 0, "authorUserId": 0, "answer": "On some devices which do support WiFi Direct the corresponding binaries come pre installed e.g. the wpa cli code command see also How can I install wpa cli on my rooted device? a . If you have those ready you can use them on your Android device as you would do on a Linux machine find a closer description e.g. in the blog post How To Use wpa cli To Connect To A Wireless Network a . Of course that would require a terminal emulator to be installed on your device take e.g. a look at Android Terminal Emulator a for a good candidate at least if you want to issue the commands directly. As the linked How To describes you can use wpa cli code in interactive mode by directly executing it . On the wpa cli shell you then can execute different commands scan code scans for available networks with add network code you can select an available network to configure with set network code . An example could look like this gt add network 0 gt set network 0 ssid WLAN Network gt set network 0 psk SupahSecretPassphrase code pre This would trigger a connection phase which could look like gt lt 2 gt Trying to authenticate with 00 55 ab 25 ac 5a SSID 'WLAN Network' freq 2437 MHz gt lt 2 gt Trying to associate with 00 55 ab 25 ac 5a SSID 'WLAN Network' freq 2437 MHz gt lt 2 gt Associated with 00 55 ab 25 ac 5a gt lt 2 gt WPA Key negotiation completed with 00 55 ab 25 ac 5a PTK CCMP GTK CCMP gt lt 2 gt CTRL EVENT CONNECTED Connection to 00 55 ab 25 ac 5a completed reauth id 0 id str code pre Another good source to take a look at is Android from the command line a which gives some more examples not only restricted to WiFi. ", "upModVotes": 6, "answerScore": "6", "id": 41071, "authorUsername": 0}