{"username": "Chahk", "accepted": 0, "subtitle": "", "views": 2239, "tags": "<samsung-galaxy-s-2><usb-connection-mode>", "userId": "3646", "userReputation": 17836, "title": "", "downModVotes": 0, "authorUserId": 0, "answer": "It should be possible to do what you want. Try this pair both of the devices with your phone then go to Settings Wireless amp networks Bluetooth Settings and long press on the paired device and select Options . From there you can choose which service you'd like for this particular device. ", "upModVotes": 1, "answerScore": "1", "id": 11904, "authorUsername": 0}