{"username": "eldarerathis", "accepted": 0, "subtitle": "", "views": 24258, "tags": "<wi-fi><bluetooth><file-system><file-management>", "userId": "981", "userReputation": 31761, "title": "", "downModVotes": 0, "authorUserId": 0, "answer": "There's probably tons of ways to do this but here's what I can think of offhand If you have adb code set up on your computer then use it to push the ROM file over adb push path to ROM sdcard code li Upload it to Dropbox a Box a or any other cloud file storage service and then download it via the associated Android app li Upload it to a file sharing service like Mediafire and then download it in your browser li If you downloaded the ROM from somewhere visit that site in the browser on your tablet and download it directly li Install a file manager or other app that supports FTP and send it over via a wifi LAN connection one example a li Try Kies Air a I think it supports wireless file transfer li ul ", "upModVotes": 5, "answerScore": "5", "id": 20757, "authorUsername": 0}