{"username": "ManicSocratic", "accepted": 0, "subtitle": "My D2G updated to 2.3 today and I'm no longer able to tether. Prevously I had no problem using Wireless Tether a 2.0.7 with Android 2.2. Now that I'm on 2.3 Wireless Tether 2.0.7 will start up and I'm able to connect my laptop to its WiFi network but Verizon redirects me to the self provisioning page a I have no internet access. li Wireless Tether 3.1 beta6 doesn't work. It says tethering is enabled but the WiFi network does not show up on any other devices. li ul How can I fix this? Edit strong This appears to be a reported issue a . ", "views": 5278, "tags": "<2.3-gingerbread><motorola-droid-2><verizon><wifi-tethering>", "userId": "7867", "userReputation": 21, "title": "Tethering Droid 2 Global with Wireless Tether after 2.3 Gingerbread update", "downModVotes": 0, "authorUserId": "2300", "answer": "We have here two situations colliding. For Wireless Tether to have worked in the first place it means that you were rooted. It is typical behavior of OTA updates to remove root access. You must re root your device in order to ensure that Wireless Tether will work properly again. The root access portion of Wireless Tether is what helps it work its magic that prevents that Verizon hijack page from coming up. ", "upModVotes": 1, "answerScore": "1", "id": 13224, "authorUsername": "josh3736"}