{"username": "Rohan Singh", "accepted": 0, "subtitle": "", "views": 104679, "tags": "<settings><dhcp>", "userId": "45", "userReputation": 1420, "title": "", "downModVotes": 0, "authorUserId": 0, "answer": "Go to Settings Wireless amp networks Mobile networks. Make sure the Data roaming checkbox is unchecked. That will keep you from roaming accidentally since you will have to enable it. If you want to enable it and use roaming lightly there are some apps in the Market that will track your data usage for you. However in my experience roaming abroad has been so expensive that even roaming for a few minutes of data is not worth it. I usually either try to find a public hotspot or get a prepaid SIM card with data. ", "upModVotes": 8, "answerScore": "8", "id": 48, "authorUsername": 0}