{"username": "eldarerathis", "accepted": 0, "subtitle": "", "views": 5459, "tags": "<tethering>", "userId": "981", "userReputation": 31761, "title": "", "downModVotes": 0, "authorUserId": 0, "answer": "It means that you have NFC enabled a . Some manufacturers LG and HTC I know for certain have started adding an icon to let you know that you have NFC enabled since it can have potential security implications related to mobile payment systems. It would also be useful to know if you intend to use features like Android Beam. If you'd like to get rid of the icon you can disable NFC in your settings by selecting More... in the Wireless amp Networks subheading and then unchecking the NFC option you can view Sprint's official instructions here a . The icon they're using is the official logo of the NFC Forum a . ", "upModVotes": 13, "answerScore": "13", "id": 55955, "authorUsername": 0}