{"username": "GAThrawn", "accepted": 0, "subtitle": "", "views": 8414, "tags": "<google-play-store><installation><system-error><htc-droid-incredible-2>", "userId": "156", "userReputation": 20128, "title": "", "downModVotes": 0, "authorUserId": 0, "answer": "Sounds like there's something funny with either your USB cable the charger or the socket on your phone that's causing it to detect it as a full PC connection rather than just a dumb charger. You should be able to get rid of that prompt for the moment by going into Settings strong Wireless and Network strong USB Settings strong and selecting the Mass Storage strong mode rather than the Samsung Kies strong mode. However you really ought to try with another charger and cable to see if that fixes the actual problem pure charger cables shouldn't be detected as a PC the signal on the cable is different and the phone should detect that. ", "upModVotes": 1, "answerScore": "1", "id": 13670, "authorUsername": 0}