{"username": "user931", "accepted": 1, "subtitle": "I'm looking for a way to connect my Galaxy Nexus Android 4.0.x to my laptop via adhoc wifi. The laptop will act as my wireless NAS. The WiFi Ad Hoc enabler for Android a does not work on the Galaxy Nexus. The statistics at at that link show 0 successes and 13 failures for GNex owners who tried it. However it works for many other devices. I also see this advice a You need a modified wpa supplicant file in system bin. What modifications are needed to the wpa supplicant file in system bin? I see a couple proposed solutions for other devices but nothing for the Galaxy Nexus. http android.stackexchange.com a 19133 12444 a http android.stackexchange.com a 4147 12444 a http www.slatedroid.com topic 2973 ad hoc network a However I see this response a patching the wpa suplicant isn't generic and frankly I'd call that method useless. What is the best solution? Can anyone shed more light on the problem here? ", "views": 26251, "tags": "<4.0-ice-cream-sandwich><samsung-galaxy-nexus><wifi-hotspot><ad-hoc-networks>", "userId": "3303", "userReputation": 10029, "title": "Enabling AdHoc Networking on ICS to Connect to AdHoc Devices", "downModVotes": 0, "authorUserId": "12444", "answer": "If you can tether mobile data of your Galaxy Nexus over Wi Fi you have full featured ad hoc network. If you are not sure install Wireless Tether a root access is required . After connecting Laptop to this MobileAP code look for IPs of client and Default Gateway code ipconfig all code cmd command works fine with Windows Fing a can also be used . IP of Default Gateway code is IP of your Android device. You can use these IPs in any networking service you want. It works. Another Approach strong In ad hoc networking it doesn't matter which point is broadcasting SSID. So you can make your laptop virtual router too. Connect your Galaxy Nexus to it amp do whatever you want. To make your laptop virtual router with NAS support I'd recommend you to install Connectify Pro a not free . There's a nice free alternative too mHotspot a . After connecting your Galaxy Nexus to virtual hotspot created by it you can use any networking service over it. ", "upModVotes": 3, "answerScore": "3", "id": 22374, "authorUsername": "MountainX"}