{"username": "Dan Hulme", "accepted": 0, "subtitle": "", "views": 302, "tags": "<nexus-7><car-dock>", "userId": "12442", "userReputation": 27986, "title": "", "downModVotes": 0, "authorUserId": 0, "answer": "There are two levels of technical reason why this wouldn't work. Not all mobile phones allow the software to control the audio that gets sent over a voice call the microphone feeds directly into the cell radio. This is the same reason that apps to record calls or play sound over calls don't work on every phone. li GSM lossily compresses the sound signal using methods that are specifically designed to work with voice. If you were to try to send arbitrary data such as an encrypted signal over GSM it would come out garbled at the other end. li ol If you want to make a phone call that your carrier can't eavesdrop there are apps available to do this but they work over wireless Internet not over GSM i.e. they use data not voice . ", "upModVotes": 3, "answerScore": "3", "id": 57795, "authorUsername": 0}