{"username": "geffchang", "accepted": 0, "subtitle": "", "views": 112, "tags": "<contacts><sync>", "userId": "5342", "userReputation": 14263, "title": "", "downModVotes": 0, "authorUserId": 0, "answer": "GPS eat up battery as described in How much does GPSing drain the battery? a . But I have no clue is poor GPS reception decreases battery significantly. em And I also read this somewhere GPS only takes up battery life when something uses the fine position permission code . However it drains more battery if you allow the GPS to be assisted by your network provider. In the Samsung Galaxy S4 this is found in System settings gt More gt Location Services gt Use wireless networks code . It will use network information to make GPS location even more accurate based on network cell sites that are found nearby. And if network is poor e.g. 1 bar signal the phone works harder and drains more power. ", "upModVotes": 1, "answerScore": "1", "id": 51429, "authorUsername": 0}