{"username": "eldarerathis", "accepted": 0, "subtitle": "", "views": 412, "tags": "<usb><networking><reverse-tether>", "userId": "981", "userReputation": 31761, "title": "", "downModVotes": 0, "authorUserId": 0, "answer": "It sounds like you're trying to broadcast a wireless signal using your laptop so that your mobile devices can connect to it. If you set this up via the standard Windows 7 networking tools it would have created an ad hoc network and Android does not support ad hoc connections out of the box. You can however use a softAP that is software access point to broadcast a signal as an AP instead of in ad hoc mode. Connectify a works great for me and I would recommend giving it a try. A list of their supported wireless cards can be found here a . Additionally you can try to enable ad hoc networking on the Nexus One using the steps described in this forum thread a . These steps will require that you have rooted your device however. ", "upModVotes": 3, "answerScore": "3", "id": 9781, "authorUsername": 0}