{"username": "Ben Griffiths", "accepted": 0, "subtitle": "", "views": 596, "tags": "<audio><streaming>", "userId": "3001", "userReputation": 725, "title": "", "downModVotes": 0, "authorUserId": 0, "answer": "If you've got root access and you're running a custom ROM you should be able to run scripts at boot time. Here a is a thread on xda that discusses boot time scripts. Then you'd just need to figure out the commands to disable wifi. On my Desire HD the wireless interface is called eth0. This command should disable wireless ifconfig eth0 down code pre Whether or not that will disable it permanently i.e. the system won't just do the equivalent of ifconfig eth0 up code pre in the background I do not know... I'm afraid I don't know much about how the android system handles networking or at least not enough to help more directly with what to put in the the script ", "upModVotes": 2, "answerScore": "2", "id": 7717, "authorUsername": 0}