{"username": "Izzy", "accepted": 0, "subtitle": "", "views": 244, "tags": "<motorola-defy>", "userId": "16575", "userReputation": 64318, "title": "", "downModVotes": 0, "authorUserId": 0, "answer": "There are plenty solutions for that. Unfortunately you didn't specify the options WiFi? Bluetooth? USB only? Other means? A first check should bring you to our nice file transfer tag wiki a linking to questions already having answers on this topic How can I send a file wirelessly without bluetooth or a Wi Fi network in ICS? a li How can I transfer photos to my Android Jelly Bean device while preserving the original timestamp? a li ul Also the Related section of your question to the right if you use a web browser has some pointers. And of course there are already several questions tagged file transfer a just click on the tag Is there a way to copy files directly between two Android devices on the same wifi network? a would be one example. If WiFi is an option you might want to take a look at Airdroid a . That's an app you install on your Android device start it and it gives you an URL to type into your browser on your Mac. From there you can manage your device easily copy files to and from check the call log write an SMS and much more. If your device which you did not mention has an SDCard you could also unmount that put it into a card reader and attach that to your Mac. Then copy the files to the card safely unmount and put it back into your Android device. For more other options please follow the links above or use the search box ", "upModVotes": 0, "answerScore": "0", "id": 63226, "authorUsername": 0}