{"username": "Greg", "accepted": 0, "subtitle": "", "views": 838, "tags": "<tablet><tethering>", "userId": "4646", "userReputation": 128, "title": "", "downModVotes": 0, "authorUserId": 0, "answer": "Gingerbread 2.3 has the setting Settings Wireless amp network settings Mobile Networks Data Enabled blockquote for turning off mobile data without needing an app. Dunno if this is specific to Gingerbread it's my first android and I've had it for less than a week ... ", "upModVotes": 2, "answerScore": "2", "id": 8647, "authorUsername": 0}