{"username": "Brad Hekman", "accepted": 0, "subtitle": "", "views": 9430, "tags": "<wi-fi><samsung-galaxy-tab><certificates>", "userId": "15384", "userReputation": 171, "title": "", "downModVotes": 0, "authorUserId": 0, "answer": "The current best known solution is to use adbWireless to connect the device with one's computer over a network. Be careful to connect both devices to the same network. If you do not have access to a wireless network the .apk can be transferred in harddrive mode after exporting the project from eclipse. However this route does not allow use of adb for logging debug mode or any other tools. See application aLogcat if logcat logs are wanted If anyone finds other solutions please edit this answer. ", "upModVotes": 2, "answerScore": "2", "id": 23855, "authorUsername": 0}