{"username": "MountainX", "accepted": 1, "subtitle": "I want to run an SFTP server on my GSM Galaxy Nexus Cyanogenmod 9 RC2 . I plan to connect to the Galaxy Nexus from a Kubuntu 12.04 PC via USB cable not wireless . It is my understanding that Dropbear does not include SFTP at this time. What are my other options? If anyone knows how to do this I would appreciate a tutorial or a link to a tutorial. Thanks. ", "views": 2606, "tags": "<usb><ssh>", "userId": "12444", "userReputation": 342, "title": "How to run an SFTP server on my CM9 RC2 Galaxy Nexus", "downModVotes": 0, "authorUserId": "12444", "answer": "The reason for using SFTP over USB is speed and convenience. MTP is unsatifactory and transfering files over WiFi is slow. For those of you who have my setup GSM Galaxy Nexus with Cyanogenmod 9 RC2 or later here's how to manage files on your device with maximum convenience and speed. Install DigiSSHd and DigiControl on phone li connect phone to PC via USB cable li On phone go to Settings Wireless amp Networks More... Tethering and portable hotspot check Enable USB tethering Done. Exit settings. li ul The first time setting up DigiSSHd on phone open DigiSSHd and enable it so it becomes active . Since I'm running KDE I use Dolphin. Here's how to manage files on my phone with Dolphin. You could do the same with Nautilus but the syntax may be different. sftp android 192.168.99.199 2222 mnt sdcard li ul This assumes the default port of 2222. You can change password port etc. in DIgiSSHd settings. Once it is set up establishing the connection is super easy. And managing files via a real file manager is way superior to using MTP. See more here http forum.xda developers.com showpost.php?p 29267792 amp postcount 12 a ", "upModVotes": 2, "answerScore": "2", "id": 26537, "authorUsername": "MountainX"}