{"username": "Chris", "accepted": 0, "subtitle": "", "views": 538, "tags": "<htc-droid-incredible><wifi-hotspot><wifi-tethering>", "userId": "1760", "userReputation": 51, "title": "", "downModVotes": 0, "authorUserId": 0, "answer": "iSyncr does this. They also do wireless sync. lifehacker article a Unfortunately for me at least it uses iTunes and I hate iTunes but it does work. I think I hated iTunes so much I bought an Android to avoid it but now have to use it anyway because of the smart playlists. It is the only thing I've found that keeps smart playlists playcounts and ratings updated. Everything you said you wanted. Plus you already use iTunes and seem to not hate it. I think iSyncr could work for you. You should be able to use the stock music player MixZing or a half dozen other popular other android players in combination with the sync app which pushes playcounts and ratings to iTunes. ", "upModVotes": 5, "answerScore": "5", "id": 4138, "authorUsername": 0}