{"username": "Henry", "accepted": 0, "subtitle": "", "views": 7895, "tags": "<networking><root-access>", "userId": "208", "userReputation": 245, "title": "", "downModVotes": 0, "authorUserId": 0, "answer": "I discovered one thing that absolutely killed em my battery life Setting Wi Fi Sleep Policy strong to When screen turns off strong . lt Don't do this Make sure it is set to Never strong sleep or else it will power the Wi Fi radio on off every time it needs to sync something. On my Samsung Galaxy S Captivate this can be found under Settings Wireless and network Wi Fi Settings MenuKey Advanced ", "upModVotes": 19, "answerScore": "19", "id": 1326, "authorUsername": 0}