{"username": "Logos", "accepted": 0, "subtitle": "", "views": 1444, "tags": "<samsung-galaxy-s-2><usb><linux>", "userId": "9160", "userReputation": 3467, "title": "", "downModVotes": 0, "authorUserId": 0, "answer": "Have you tried manually choosing a network in Network amp Wireless code or manually setting the APNs for your new carrier? Also is the phone unlocked? If it locked to another carrier you won't be able to use it on your current carrier until it's unlocked. ", "upModVotes": 0, "answerScore": "0", "id": 18332, "authorUsername": 0}