{"username": "Francisco Alvarado", "accepted": 0, "subtitle": "", "views": 117, "tags": "<4.0-ice-cream-sandwich>", "userId": "12677", "userReputation": 3022, "title": "", "downModVotes": 0, "authorUserId": 0, "answer": "Try a free app called AirDroid a which lets you control wirelessly your Android device from a desktop browser. This is a fragment of Play Store app description Realtime Android screen experimental feature root permission required strong View your Android's screen take a screenshot or even record a screencast. blockquote Here's a video a showing some of its features. ", "upModVotes": 2, "answerScore": "2", "id": 34934, "authorUsername": 0}