{"username": "Michael Hampton", "accepted": 0, "subtitle": "", "views": 2193, "tags": "<samsung-galaxy-note><external-keyboard><text-input>", "userId": "16963", "userReputation": 1670, "title": "", "downModVotes": 1, "authorUserId": 0, "answer": "In ICS and JB a menu item exists which you can use to disable mobile data. Go to Settings strong then in the Wireless amp Networks em section touch More... strong . Next touch Mobile networks strong . Finally you can touch Data enabled strong to enable disable mobile data. If you need more fine grained control over the mobile radio many Android phones have secret menus a which among other things allow you to control the mobile radio e.g. you can switch it between 4G LTE 3G EvDO 1xRTT or just turn it off. In some circumstances if you merely need to simulate a total loss of connectivity you can simply enable airplane offline mode. But this takes down Wi Fi as well so may not work for you. ", "upModVotes": 1, "answerScore": "0", "id": 44913, "authorUsername": 0}