{"username": "user54546", "accepted": 0, "subtitle": "", "views": 90, "tags": "<4.0-ice-cream-sandwich><internet>", "userId": "54546", "userReputation": 138, "title": "", "downModVotes": 0, "authorUserId": 0, "answer": "Please try this. To setup Proxy address on AVD strong Go to Settings WIRELESS amp NETWORKS Mobile networks Mobile networks settings Access Point Names li add access point by clicking button and then type favorite name for Name favorite name for APN fixed Proxy and port. If necessary put user name and password. li ol To setup DNS address on AVD strong Run below command. emulator avd lt MACHINE NAME gt dns server lt DNS IP ADDRESS gt li ol FYI strong https developer.android.com tools devices emulator.html dns a ", "upModVotes": 2, "answerScore": "2", "id": 64335, "authorUsername": 0}