{"username": "Aeyoun", "accepted": 0, "subtitle": "", "views": 2037, "tags": "<wi-fi>", "userId": "23686", "userReputation": 289, "title": "", "downModVotes": 1, "authorUserId": 0, "answer": "SnooZy Charger a also in the Play Store a takes care of this. The free app as in beer and speech a that lets you manage behavior during charger connection and disconnection. It requires no permissions but does require you giving it device admin permissions. These permissions are only used for to control device locking as verifiable in its source code a . From quickly going through the apps source code it looks totally harmless and benign. If the app does not behave as you want make sure to go through the Settings. For example Turn off screen only when locked is enabled by default. This means that the app will not kick into effect if you have an on off button press lock delay or other related settings. It works perfectly for my on a wireless charging pad and with micro USB cable using a LG Nexus 4 device. I am very satisfied. Update I documented additional issues here a . ", "upModVotes": 6, "answerScore": "5", "id": 60254, "authorUsername": 0}