{"username": "RossC", "accepted": 0, "subtitle": "", "views": 2037, "tags": "<wi-fi>", "userId": "40036", "userReputation": 4497, "title": "", "downModVotes": 0, "authorUserId": 0, "answer": "The functionality is different with Kitkat as you can choose your default SMS application in the Wireless amp Network settings. Below is for 4.4 and for 4.3 and below. Open the google plus hangouts a application. For Android 4.4 Kitkat strong As per the above Click on Menu strong then Settings strong . Click on SMS strong . Click on the setting SMS Enabled strong under the General heading and change your default SMS application. For 4.3 Jelly Bean and Below strong Click on Menu then Settings. Click on SMS. Untick the setting Turn On SMS strong ", "upModVotes": 0, "answerScore": "0", "id": 60336, "authorUsername": 0}