{"username": "Lie Ryan", "accepted": 0, "subtitle": "", "views": 838, "tags": "<tablet><tethering>", "userId": "482", "userReputation": 17576, "title": "", "downModVotes": 0, "authorUserId": 0, "answer": "If you enabled My Location in Settings gt Location amp Security gt Use wireless networks code then your Cell Wifi and or GPS data will be sent to Google to triangulate your location if there is an application in the phone that requested for location. Your GPS data may also be sent to Google if you're using Google Latitude Google Navigation location aware search or use other location based services. Third party applications may also track your location read their privacy policy before installing those applications if you're concerned. EDIT According to Android Central a Android does the same sort of thing boys and girls. And it's supposed to. But it does it right. Instead of saving days and weeks and months of location data it saves the 50 most recent cellular GPS locations and 200 most recent Wifi fixes. And it's stored in a little file on your phone. ... You can shut off Android's location services and stop further caching of location data. It's in Settings Location amp Security. blockquote ", "upModVotes": 11, "answerScore": "11", "id": 8547, "authorUsername": 0}