{"username": "Sergey Benner", "accepted": 1, "subtitle": "I want an android phone to have both 'normal wi fi' and 'portable hotspot' turned on at the same time so that I will be able to get the RSSI values of wireless networks as well as involve in an hotspot connection. Scenario 4 rooted android phones in CyanogenMod 2 Nexus One 2 Galaxy S2 consider A B C D . Kernel version 2.3.3 in all the phones Portable wi fi hot spot enabled in all the phones. code pre I wrote an application to find the RSSI values of available wireless signals. But as the phones A B C D are using wi fi hot spot the normal wifi does not turn on. Either wi fi hot spot can be on or normal wi fi can be on. i.e. If each phone A B C and D have a wifi hotspot created AH BH CH DH then I am not able to use my application as normal wifi connection needs to be turned on to find the wireless networks. So I want the phones to scan available wireless networks with portable wi fi hot spot enabled. Is there a way to do this.? ", "views": 11578, "tags": "<wi-fi><wifi-hotspot>", "userId": "12582", "userReputation": 144, "title": "Enabling both normal wifi and wifi hotspot to get RSSI values of wi fi hotspots", "downModVotes": 1, "authorUserId": "10071", "answer": "What you probably want is your phone work as adhoc and as an AP at the same time I guess it's called bridging http compnetworking.about.com cs wirelessproducts f apbridgingmode.htm a I don't think that at first android phones support the adhoc mode at all yet. http stackoverflow.com questions 1932150 can android do peer to peer ad hoc networking a The bridging is only possible for normal wifi routers not for android phones. Routers also support WDS http en.wikipedia.org wiki Wireless distribution system a There's no such thing as WDS for android phones yet AFAK. hope it clarifies the matter abit. thanks. ", "upModVotes": 3, "answerScore": "2", "id": 19537, "authorUsername": "SyncMaster"}