{"username": "sickgemini", "accepted": 0, "subtitle": "", "views": 5189, "tags": "<wi-fi><2.2-froyo><connection-issues><huawei-u8800>", "userId": "297", "userReputation": 2095, "title": "", "downModVotes": 0, "authorUserId": 0, "answer": "You can turn off all internet data over the mobile network using Settings Wireless amp Networks Mobile Networks Data enabled Personally I connect to WIFI at home and with reasonably heavy use of email chat and web browsing when away from home I only use about 200M of data a month. ", "upModVotes": 0, "answerScore": "0", "id": 8319, "authorUsername": 0}