{"username": "John", "accepted": 0, "subtitle": "", "views": 2860, "tags": "<printing>", "userId": "32427", "userReputation": 1306, "title": "", "downModVotes": 0, "authorUserId": 0, "answer": "Some other people have had a similar problem http androidforums.com samsung galaxy s3 615395 wifi keeps auto connecting.html a li ul It is possible that your phone connected to it because it is an open network which means that no password is required to connect. You can disable this feature by going to Settings Wireless amp Network settings Wifi Settings There should be a checkbox for automatically joining an open wifi network just uncheck it. If your device does not have a checkbox for this then your device does not have that function and it is not the source of your problem. It is also possible that you joined the network on accident. Most phones have a setting that sends a notification when an open network is available. If you click on the notification it will connect to the network. If you want your device to forget a network then just go to wifi settings then click on the remembered network and select forget. ", "upModVotes": 1, "answerScore": "1", "id": 44540, "authorUsername": 0}