{"username": "Matthew Read", "accepted": 0, "subtitle": "", "views": 8414, "tags": "<google-play-store><installation><system-error><htc-droid-incredible-2>", "userId": "1465", "userReputation": 43905, "title": "", "downModVotes": 0, "authorUserId": 0, "answer": "Your phone will default to WiFi when it's available. If you're paranoid you can disable data while using WiFi but it's not necessary. I'm not sure how to do it on the Bionic but you could see if it's in the menu that pops up when you hold the power button for a couple seconds or something like unchecking Use packet data strong in Settings gt Wireless and network gt Mobile networks code . ", "upModVotes": 5, "answerScore": "5", "id": 13613, "authorUsername": 0}