{"username": "Izzy", "accepted": 0, "subtitle": "", "views": 5182, "tags": "<wi-fi><networking><nexus-5>", "userId": "16575", "userReputation": 64318, "title": "", "downModVotes": 0, "authorUserId": 0, "answer": "CyanogenMod versus Android h2 To ask how CyanogenMod is different from Android em is comparable to ask How is a cat different from an animal em . CyanogenMod is an Android custom rom a . See our rom tag wiki a for what a ROM is li our custom rom tag wiki a for details on Custom ROMs li our cyanogenmod tag wiki a for details on CyanogenMod li ul Quoting the latter which quotes from the CyanogenMod website a CyanogenMod is an aftermarket firmware for a number of cell phones based on the open source Android operating system. It offers features not found in the official Android based firmwares of vendors of these cell phones. blockquote As you're asking about Ecosystems CyanogenMod meanwhile is a company. There might be multiple Ecosystems using the same resources. As will be shown below Google versus Android versus CyanogenMod h2 Android is not Google and Google is not Android. Behind Android em stands the AOSP a team. So Android is Open source which is why other groups like CyanogenMod can use it. The iron grip of your question doesn't go to Android itself it's rather the additions Google puts on top the so called Google Apps em see google apps a and its tag wiki a . Those apps are not em open source but closed source. CyanogenMod started shipping their own counter parts for several of the Google Apps and features and here you've got your ecosystem Apps and Services. CyanogenMod is not permitted to ship the Google Apps with their ROMs you have to install them manually if you want them or leave them out. There are many substitutes available so you can use Android without Google a Android OS without Google Services? a li Can an Android phone run without Google? a li Guide How To Use Your Android Phone Without Google a li Android Without Google Discussion XDA a li Android without Google How to do it a li ul Can I trust X with my data? h2 Google earns its money with advertisements. If you can trust them with your data IMHO you can trust CyanogenMod even more. If you don't want to trust either of them there are alternatives a such as OwnCloud a Funambol a and more which you can use with any ROM CyanogenMod included setting up your own cloud as one of the names suggests. Concerning the google play store a and where to get my apps from As with the other google apps a custom ROMs are not permitted to bundle them with their distributions. But there are a lot of alternative and open source markets like F Droid a etc. see our alternative markets a tag wiki a . There have been rumours about a CyanogenMod app market a but I must have missed that taking off. ", "upModVotes": 17, "answerScore": "17", "id": 58408, "authorUsername": 0}