{"username": "GAThrawn", "accepted": 0, "subtitle": "", "views": 1884, "tags": "<nexus-one><cyanogenmod><vpn>", "userId": "156", "userReputation": 20128, "title": "", "downModVotes": 0, "authorUserId": 0, "answer": "If your computer has Bluetooth most laptops do and some wireless keyboards and mice connect through a bluetooth adaptor then there are apps that will allow you to share your phone's GPS device to the PC as a bluetooth GPS adaptor. See this previous question for some of them Can I use the Nexus S GPS as an external GPS for another device via Bluetooth ? a ", "upModVotes": 4, "answerScore": "4", "id": 8983, "authorUsername": 0}