{"username": "A\u029f \u1d07", "accepted": 0, "subtitle": "", "views": 117, "tags": "<4.0-ice-cream-sandwich>", "userId": "267", "userReputation": 17484, "title": "", "downModVotes": 0, "authorUserId": 0, "answer": "There's a relatively new app out called Silence a . There is also an ad free paid version a . Silence allows you to toggle your ringer Wi fi Bluetooth and airplane mode settings automatically over scheduled intervals. Features Simple intuitive Holo themed interface li Schedule events that occur once or repeat on certain days of the week li Change your ringer to silent vibrate or normal mode li Turn Wi fi Bluetooth and airplane mode on and off li Change your settings back automatically when the scheduled event ends li ul blockquote Lifehacker had a review a . ", "upModVotes": 0, "answerScore": "0", "id": 35164, "authorUsername": 0}