{"username": "w3dk", "accepted": 0, "subtitle": "", "views": 2606, "tags": "<usb><ssh>", "userId": "12427", "userReputation": 960, "title": "", "downModVotes": 0, "authorUserId": 0, "answer": "This is really a continuation of Zuul's answer to cover the DNS settings in Android 4.0 ICS which is a little harder to find IMO. AFAIK Zuul's answer covers Android lt 2.3 settings. From the Android side Android 4.0 ICS h2 Settings li WiFi click on word WiFi not ON OFF switch li Press and hold long tap your wireless network until dialog pops up li Select Modify Network li Check Show advanced options checkbox at the bottom li Switch IP settings to Static li Fill in your local network static IP details and DNS server details li Tap Save li ol Whoever made long taps a standard interface feature is a dummy em ", "upModVotes": 4, "answerScore": "4", "id": 26699, "authorUsername": 0}