{"username": "Zuul", "accepted": 0, "subtitle": "", "views": 2606, "tags": "<usb><ssh>", "userId": "16265", "userReputation": 8332, "title": "", "downModVotes": 0, "authorUserId": 0, "answer": "You can solve this issue either from the Android side or from the Windows side From the Android side h2 Tap your device menu button and select settings li Tap Wireless amp networks li Tap Wi Fi settings li Tap your device menu to bring up extra options and select advanced li Tap Use static IP li Fill in your local network static IP details and dns server details li Tap your device menu to bring up extra options and select save . li ol From the Windows side h2 Open the DNS management li Add a new Forward Lookup Zone a for the Google DNS and set a Host A record to your local IP. li ol ", "upModVotes": 5, "answerScore": "5", "id": 26615, "authorUsername": 0}