{"username": "Roan", "accepted": 0, "subtitle": "", "views": 1495, "tags": "<wi-fi><networking><4.4-kitkat><internet><samsung-nexus-10>", "userId": "38645", "userReputation": 171, "title": "", "downModVotes": 0, "authorUserId": 0, "answer": "This actually sounds pretty normal to me. If this screenshot was taken shortly after you woke up then it would make sense for the OS to have used more battery since the screen would have been off for a long while. I've owned several Android phones having worked for Verizon Wireless before becoming a developer and I've never had an Android phone that I would trust to leave unplugged at night. Without fail whenever I've done this always by accident whatever phone I was using lost a lot of charge by the time I woke up. Having said that I would check and see how frequently your phone is checking for new emails as well as checking how often any other apps like news apps Facebook whatever are refreshing in the background. Checking your sync settings on any apps you are using or even ones you may not be actively using could make a big difference in battery life. ", "upModVotes": 1, "answerScore": "1", "id": 63782, "authorUsername": 0}