{"username": "aditya", "accepted": 0, "subtitle": "", "views": 378, "tags": "<motorola-droid-x>", "userId": "1072", "userReputation": 111, "title": "", "downModVotes": 0, "authorUserId": 0, "answer": "What do you mean by auto enabling? Does it get enabled every time you unlock your phone? Otherwise did you try changing this option Settings Wireless and Networks Wi Fi settings press menu key Advanced Wi Fi sleep policy I have Android 2.1 so your menu path may differ slightly ", "upModVotes": 0, "answerScore": "0", "id": 2821, "authorUsername": 0}