{"username": "ajgarn", "accepted": 1, "subtitle": "I have an android 2.2 phone. The other day I was using a wi fi connection on my phone and had it tethered to my laptop. For whatever reason the wi fi connection dropped and my phone starting using my phones 3g connection to continue the internet connection tethered to my laptop... Is it possible to stop this from happening? i.e. if the wireless connection drops don't use the 3g connection automatically? ", "views": 740, "tags": "<2.2-froyo><wi-fi><tethering><wifi-tethering><usb-tethering>", "userId": "11720", "userReputation": 381, "title": "Stop automaticaly switching to 3g if wi fi drops", "downModVotes": 0, "authorUserId": "2688", "answer": "If you have no reason to why the wifi drops you might try changing the wifi sleep policy. The wifi sleep policy handles when or if the wifi connection shall switch to mobile data. If this option is set to the default value When screen turns off em wifi connection automatically switches off when the phone has been idle for a while. You can try setting this to Never em which will keep the connection on even when the phone is not used. To change this setting navigate to Settings strong Wireless amp networks strong Wi Fi settings strong Menu Advanced strong Wi Fi sleep policy strong . ", "upModVotes": 5, "answerScore": "5", "id": 18512, "authorUsername": "oshirowanen"}