{"username": "Lie Ryan", "accepted": 0, "subtitle": "", "views": 8976, "tags": "<sync>", "userId": "482", "userReputation": 17576, "title": "", "downModVotes": 0, "authorUserId": 0, "answer": "I had neither Android 4.0 nor uses WPA2 Enterprise but according to this tutorial a it is possible to connect to WPA2 Enterprise even though there is no indication about the support in the UI. The underlying wifi stack have always supported WPA2 Enterprise as it uses the wpa supplicant only that there is not yet any support in the configuration GUI. I do not know if Android 4.0 have a new GUI that might support WPA2 Enterprise. ", "upModVotes": 3, "answerScore": "3", "id": 17949, "authorUsername": 0}