{"username": "Karan Raj Baruah", "accepted": 0, "subtitle": "", "views": 3641, "tags": "<cyanogenmod><samsung-galaxy-s-3><data-connection><signal>", "userId": "31626", "userReputation": 1566, "title": "", "downModVotes": 0, "authorUserId": 0, "answer": "If you want to go the wireless route I'd recommend Wi Fi File Explorer pro. Just make a Tethered WiFi network or be on the same router use the app on your phone to get a local IP and transfer all files directly. It needs no installation on your computer just install it on your phone and use it. ", "upModVotes": 2, "answerScore": "2", "id": 44027, "authorUsername": 0}