{"username": "PP.", "accepted": 0, "subtitle": "", "views": 765, "tags": "<motorola-droid><wifi-hotspot>", "userId": "1144", "userReputation": 604, "title": "", "downModVotes": 1, "authorUserId": 0, "answer": "Note answering my own question as nobody knew. I did a packet capture after selecting Menu Accounts amp Sync Auto sync also accessible via the Power Control widget . What did I discover? To my horror em http requests from phone displayed below GET proxy calendar feeds myaccount 40gmail.com HTTP 1.1 Accept Encoding gzip Authorization GoogleLogin auth hidden Host android.clients.google.com Connection Keep Alive User Agent Android GData Calendar 1.4 vision FRF91 gzip code pre and GET proxy contacts groups myaccount gmail.com base2 property android?showdeleted true amp orderby lastmodified amp updated min 2010 12 01T08 3A49 3A00.561Z amp sortorder ascending amp max results 10000 amp requirealldeleted true HTTP 1.1 Accept Encoding gzip Authorization GoogleLogin auth hidden GData Version 3.0 Host android.clients.google.com Connection Keep Alive User Agent Android GData Contacts 1.3 vision FRF91 gzip code pre My contacts em and calendar em are being transmitted unencrypted strong I don't currently synchronize gmail so I couldn't say if that is unencrypted either. Also the stock market application which must be a service because I don't have the widget displayed or the application active POST dgw?imei TEST amp apptype finance amp src HTC01 HTTP 1.1 User Agent curl 7.19.0 i586 pc mingw32msvc libcurl 7.19.0 zlib 1.2.3 Content Type text xml Content Length 338 Host api.htc.go.yahoo.com Connection Keep Alive Expect 100 Continue lt ?xml version 1.0 encoding UTF 8 ? gt lt request devtype HTC Model deployver HTCFinanceWidget 0.1 app HTCFinanceWidget appver 0.1.0 api finance apiver 1.0.1 acknotification 0000 gt lt query id 0 timestamp 0 type getquotes gt lt list gt lt symbol gt VOD.L lt symbol gt lt symbol gt BARC.L lt symbol gt lt list gt lt query gt lt request gt code pre Completely em unencrypted request for stock quotes just think you could sit in Starbucks in the financial centre of your city and packet sniff what quotes were important to all the smart phone users around you.. Other items that were not encrypted http request to htc.accuweather.com code li time a request to time nw.nist.gov 13 code doesn't even use NTP li ul About the only em data that is encrypted on my phone are the mail accounts I set up with the K 9 application because all my mail accounts use SSL and fortunately gmail accounts are by default SSL and yahoo mail supports imap using SSL a too . But it seems none em of the auto sync'd data from the out of box phone is encrypted. This is on a HTC Desire Z a with Froyo 2.2 installed. Lesson do not use phone on open wireless network without VPN encrypted tunnelling em Note packet capture taken by using tshark on ppp0 interface on virtual node running Debian connected to Android phone via OpenSwan IPSEC xl2tpd L2TP . ", "upModVotes": 13, "answerScore": "12", "id": 3264, "authorUsername": 0}