{"username": "Stephen Schrauger", "accepted": 0, "subtitle": "", "views": 117, "tags": "<4.0-ice-cream-sandwich>", "userId": "11190", "userReputation": 3980, "title": "", "downModVotes": 0, "authorUserId": 0, "answer": "Looks like someone already figured this out and made a script a using Script Manager a that runs the script on boot. It turns the radio cell off just the same as activating airplane mode except that it leaves all other wireless settings alone that is bluetooth wifi etc . Or you can install a flashable zip described in this forum a that you load in recovery mode. Removes unnecessary apps Messaging.apk Phone.apk TelephonyProvider.apk Mms.apk TelocationProvider.apk li Completely turns off cell radio on bootup li Installs the radiooptions binary in case your ROM does not include it li Prevents emergency calls and 911 calls good for giving your kids your old phone to play with li ul blockquote ", "upModVotes": 5, "answerScore": "5", "id": 35378, "authorUsername": 0}