{"username": "guest guest", "accepted": 0, "subtitle": "", "views": 36642, "tags": "<networking><wi-fi><lan>", "userId": "31183", "userReputation": 11, "title": "", "downModVotes": 0, "authorUserId": 0, "answer": "The comment on the question My guess is that your carrier has installed some sort of connection optimizer onto your device with the most recent update. Which actually just means that it will use wifi when it is available because that will result in less overall traffic on their 3g 4g network. On sprint device you can go to Settings wireless amp networks more... mobile networks connection optimizer to enable disable this. try poking around your wireless settings to see if you have something like this. blockquote This solution worked for me. I have had the same problem as the OP since I upgraded to Android 4.0.4 a couple months ago on the Sprint network. 4G and Wifi would both turn on by themselves at random times no matter how many times I turned them off. ", "upModVotes": 1, "answerScore": "1", "id": 42565, "authorUsername": 0}