{"username": "A\u029f \u1d07", "accepted": 0, "subtitle": "", "views": 2079, "tags": "<2.3-gingerbread><wi-fi>", "userId": "267", "userReputation": 17484, "title": "", "downModVotes": 0, "authorUserId": 0, "answer": "This community wiki will list all of the known and rumored dates for devices. If you have an update make sure to follow the format that's been established and the following guidelines Keep phones in alphabetical order listing the manufacturer strong and model strong li Specify if the date is confirmed or rumored and link to the source strong li If there is an unofficial release link to the site where it can be downloaded li ol Note that devices that do not meet Google's Compatibility Definition will not receive a Google sanctioned update. In the case of the major manufacturers and many others that means they won't release an update at all since Google's certification is important to their business. Phones strong h1 Asus h2 Padfone h3 Official 2013 03 25 confirmed a li ul Google h2 Nexus S h3 Official mid July confirmed a li ul HTC h2 Desire C h3 Official Never confirmed a li ul One S h3 Official unknown date em confirmed a li ul One V h3 Official Never confirmed a li ul One VX h3 AT amp T 2013 08 02 announced a li ul One X h3 Official 2013 03 07 confirmed a li ul One XL h3 Official unknown date em confirmed a li ul LG h2 Optimux 4X HD P880 h3 Official 2013 04 07 MyLGPhones.Com a li ul Optimus G h3 Sprint 2013 March em confirmed a li ul Micromax h2 A110 Canvas 2 h3 Official 2013 March em confirmed a li ul Motorola h2 DROID 4 h3 Released to Verizon customers March 19 2013 confirmed a li ul DROID BIONIC h3 Official 2013 04 16 confirmed a li ul DROID RAZR h3 Official 2012 03 07 confirmed a li ul DROID RAZR HD h3 Official 2012 12 confirmed a li ul DROID RAZR MAXX h3 Official 2012 03 07 confirmed a li ul RAZR MAXX HD h3 Official 2012 12 confirmed a li ul Pantech h2 Discover h3 Official 2013 07 31 confirmed a li ul Samsung h2 Epic 4G Touch h3 Official via Samsung Kies 2013 03 28 em confirmed a li ul Galaxy Ace 2 h3 available 2013 05 15 SamMobile a li ul Galaxy Nexus h3 HSPA yakju takju Official 10 July 2012 officially confirmed a li Unofficial 28 June 2012 RootzWiki a XDA a li ul li yakjuxw yakjukr etc... Official Unknown em li Unofficial 30 June 2012 XDA a li ul li ul li CDMA Sprint Official 2012 09 06 confirmed a li Unofficial 2012 06 28 ACSyndicate a li ul li Verizon Wireless Official 2012 09 21 confirmed a li Unofficial 28 June 2012 RootzWiki ROM 1 a ROM 2 a li ul li ul li ul Galaxy Note N7000 h3 Official Unknown date em li Unofficial 2012 08 10 a li ul Galaxy S II h3 Official Sweden Norway and Denmark November 2012 facebook post a via GSMArena a li ul Galaxy S III h3 Official Verizon Wireless 15 Dec 2012 confirmed a li Confirmed a 29 August 2012 international models specifically li Official Sweden Norway and Denmark October 2012 facebook post a via GSMArena a li Official Bell Rogers Sasktel Telus and associated brands in Canada December 3 2012 twitter post a li Official Mobilicity Vidotron and Wind Mobile in Canada December 14 2012 twitter post a li ul Galaxy Stellar h3 Official March 2 2013 source a li ul Sony h2 2011 line up Xperia Arc S Ray Mini pro Neo V ... h3 Declined by Sony UK for the top model Arc S source a li ul Xperia T TX V h3 Official Feb March 2013 confirmed a li ul Xperia P J Go h3 Official End of March 2013 confirmed a li ul Xperia S SL ion acro S h3 Official After March 2013 confirmed a li ul Xperia U Miro Tipo Sola h3 Official Declined source a li ul Xperia TL h3 Official 1 Mar 2013 confirmed a li ul Tablets strong h1 Acer h2 Iconia Tab A500 h3 Unofficial 30 Jun 2012 confirmed a li ul ASUS h2 Transformer TF101 SL101 h3 Official unknown date em confirmed a li ul Transformer TF201 TF300T TF700T h3 Official unknown date em source a source English a li ul Transformer Pad TF300 h3 Official 18 August 2012 confirmed a li ul Lenovo h2 Thinkpad Tablet h3 Official Never staff post a li ul Motorola h2 Xoom h3 Official Wi Fi variant 23 July 2012 confirmed a li Official 3G LTE variant Q4 2012 Motorola blog post a li ul ", "upModVotes": 34, "answerScore": "34", "id": 24576, "authorUsername": 0}