{"username": "user43738", "accepted": 0, "subtitle": "", "views": 1821, "tags": "<wi-fi><nexus-7><windows>", "userId": "43738", "userReputation": 1, "title": "", "downModVotes": 0, "authorUserId": 0, "answer": "Currently my phone doesn't connect to WiFi connection it always on and off everytime I open my WiFi connection. Solution for the i5801 Go to Settings Wireless and Network WiFi em li Use the menu button to open the Advanced em option li Click on Use static IP em li You will see IP address Gateway Netmask DNS1 DNS2. Fill all these things and to see their value left click on signal strength left or right to battery or sound sign li right click on your network to which you connected li you should see status click on this li now a page is open wireless network connection status here click on details em li now you should see IPv4 IP address IPv4 default gateway gateway IPv4 subnet mask for netmask IPv4 DNS servers DNS1 DNS2 li ol li Save all these setting by clicking on menu then save. li ol If this does not work check this also open 192.168.1.1 li open Wireless Security check em network authentication WPA personal auto li after that your password li then next WPA group rekey interval 3600 in my case this is the problem in my modem here is 4 so i remove it and type 3600 li after this wpa wapi encryption tkip aes li then save this setting. li ol ", "upModVotes": 0, "answerScore": "0", "id": 55537, "authorUsername": 0}