{"username": "Izzy", "accepted": 0, "subtitle": "", "views": 2132, "tags": "<google-play-store><apk>", "userId": "16575", "userReputation": 64318, "title": "", "downModVotes": 0, "authorUserId": 0, "answer": "ADB is the acronym for Android Debug Bridge a which is part of the Android SDK a Software Development Kit . It uses a client server model i.e. adbd code the ADB daemon is running on the device and can be connected to and in most cases is used via an USB connection. It is also possible to use it via WiFi wireless adb . There's nothing you need to install on your Android device as the ADB daemon adbd code is already integrated into the Android OS. It is usually accessed via a command line interface from the PC where either the full Android SDK em is installed several 30 MB download archive currently or a massively stripped down version for non developers sometimes referred to as Mini ADB or ADB essentials for Linux this is only the adb code executable for Windows it's adb.exe code plus two or three .dll code files adb d e s lt serialNumber gt lt command gt code pre serialNumber is only needed if there are multiple devices connected at the same time so you have to specify the target sup It would become a rather long answer to explain all the options commands available to adb code . So I will only name em some of the more important adb backup code adb restore code To backup restore your device either single apps with without their data or data with without their apps up to a full backup of all apps and data including system apps li adb push code adb pull code copy files to from the device li adb shell code open a shell on the device to execute commands directly li adb logcat code adb bugreport code display the system log or generate a complete bug report including system log device information and more li adb un install code un install an app li ul This is just a small selection. There are additional commands for scripting and especially adb shell code has a lot of options basically all Linux and Java commands available on the device can be run through it . Useful references h2 Everything about ADB a A reference for everyone em at XDA Developers li ADB for Dummies a again available via SDK Developers. If you miss the guides as I did firstly The first article is consisting of links only colorful as they might look li Android ADB Quick Guide a li ul ", "upModVotes": 8, "answerScore": "8", "id": 40051, "authorUsername": 0}