{"username": "Izzy", "accepted": 0, "subtitle": "", "views": 2606, "tags": "<usb><ssh>", "userId": "16575", "userReputation": 64318, "title": "", "downModVotes": 0, "authorUserId": 0, "answer": "One solution to your problem probably is Reverse Tether a Other than your hotspot functionality which lets you use your phones Internet connection with other devices via Wifi this allows you to use your computers network via USB as the screenshots imply. Thus your phone gets a configurable IP address pic1 Desired IP matching your computers pic1 Gateway IP it is important that both are part of the same subnet and then you can access your computers web services from your Android device as described before using the computer's IP . Drawback This solution requires your device to be rooted. I will check further maybe I find a similar solution not requiring root and then will update my answer with that new information. UPDATE strong If your computer is equipped with Wifi an adhoc connection a could also provide a solution. You might want to take a look at the question How to connect android wifi to adhoc wifi? a for details on this. And there is a brand new article just published today at PC Advisor Connect Android phone to Ad Hoc network a which might be even more helpful to you. ", "upModVotes": 4, "answerScore": "4", "id": 26698, "authorUsername": 0}