{"username": "RAVI CHAWLA", "accepted": 0, "subtitle": "", "views": 8865, "tags": "<gps><google-maps><geolocation>", "userId": "14397", "userReputation": 1, "title": "", "downModVotes": 4, "authorUserId": 0, "answer": "Disable location Caching on Android These devices are provided with an opt in feature for tracking ones location. This option may or may not enabled and one can decide it when ones phone is being set up for use. If one wants to disable the tracking then Go to Settings menu location and security uncheck use wireless networks. With this Google would not be in a position to either collect the information about ones location or it stores the same in the phone but the app of Maps helps it to grab the info but it cannot be rendered accurate. However if one wants to erase all the previously stored cached locations then rooting of the device must be done that means one can run more apps like backup tethering a flash customs ROM etc. After installing the free cache location app one can get a view of a map filled with tracked locations clear them finally by disabling the cache with one tap. ", "upModVotes": 0, "answerScore": "-4", "id": 22007, "authorUsername": 0}