{"username": "Lie Ryan", "accepted": 0, "subtitle": "", "views": 4597, "tags": "<wi-fi><game-controllers>", "userId": "482", "userReputation": 17576, "title": "", "downModVotes": 0, "authorUserId": 0, "answer": "I believe this is simply because Android puts the Wifi to sleep to save power when the screen is turned off. You can try setting the Wifi Sleep Policy Settings gt Wireless amp Network Setting gt Wifi Settings gt Press Menu button gt Advanced gt Wifi sleep policy code to Never code and see if your problem still persists. Alternatively though instead of having your server ping your phone I think it will be easier for the phone to ping or make a HTTP request or through other methods the server when it is connecting to your Wifi network. Your application can register to the system to receive a broadcast Intent when certain Wifi events occurred. ", "upModVotes": 4, "answerScore": "4", "id": 8855, "authorUsername": 0}