{"username": "est", "accepted": 0, "subtitle": "", "views": 4546, "tags": "<battery-life><3g><2g>", "userId": "9413", "userReputation": 236, "title": "", "downModVotes": 0, "authorUserId": 0, "answer": "okay since no one is willing to answer this question I figured something out myself. Here's the key points DLNA TCP level HTTP SOAP interface based on UPnP technology li pull amp push media contents li remote control play pause seek li ul Miracast transport layer protocol li AP makes two device handshake then two device communicate directly via wireless li not only stream video audio contents but also mirro device screens from one to another. li ul ", "upModVotes": 7, "answerScore": "7", "id": 32791, "authorUsername": 0}