{"username": "onik", "accepted": 0, "subtitle": "", "views": 136080, "tags": "<wi-fi><audio><streaming>", "userId": "475", "userReputation": 14544, "title": "", "downModVotes": 0, "authorUserId": 0, "answer": "It hasn't. The status would change if the message went through. Now you'll have to check you MMS settings from Messaging gt code menu kbd gt Settings gt Multimedia message settings code and your MMS APN from Settings gt Wireless gt Mobile networks gt Access point names code or Settings gt More.. gt Mobile networks gt Access point names code in newer versions . After you have corrected these and verified that your carrier operator has enabled MMS on your account the message should be sent. Or you have to long press it and select Retry code . ", "upModVotes": 2, "answerScore": "2", "id": 29946, "authorUsername": 0}