{"username": "BrianCooksey", "accepted": 0, "subtitle": "", "views": 7895, "tags": "<networking><root-access>", "userId": "382", "userReputation": 1916, "title": "", "downModVotes": 0, "authorUserId": 0, "answer": "Wi Fi Hotspot allows you to share your phone's internet connection with other devices which have Wi Fi adapters. For example of you have a laptop with Wi Fi and you want to connect to the net you can enable Wi Fi Hotspot on the phone then connect the laptop wirelessly to the phone. There may be carrier restrictions or costs for doing this... like Sprint which requires you to activate the Wi Fi option for your EVO's account which costs an additional 30 month. Other carriers may assess charges by amount of data consumed or block the feature altogether. Some users have rooted their phones to bypass the enablement restrictions but that may still result in charges for bandwidth used. ", "upModVotes": 5, "answerScore": "5", "id": 2071, "authorUsername": 0}