{"username": "Dan Hulme", "accepted": 0, "subtitle": "", "views": 24066, "tags": "<wifi-hotspot>", "userId": "12442", "userReputation": 27986, "title": "", "downModVotes": 0, "authorUserId": 0, "answer": "As you've found out a Hall sensor detects a magnetic field. It could be that in this case it's referring to a sensor for a magnetic cover like those in the Nexus 7 and Nexus 10. Such sensors detect the proximity of a magnet embedded in the cover or case for the device in order to automatically turn the screen off when the cover is closed. That would be unusual as that kind of magnetic switch is usually a simple reed switch which wouldn't normally be described as a Hall effect sensor. A Hall sensor would give more data about the strength of the magnetic field which could be used by software to detect the opening or closing of the case more reliably. However I've not seen any claim that the Nexus 5 has such a switch anyway which is much less common on phones than tablets. Another just as far fetched guess is that it's related to the wireless charging capability. It could be that the Hall sensor is specifically there to locate the wireless charging point in relation to the phone's position. ", "upModVotes": 5, "answerScore": "5", "id": 56539, "authorUsername": 0}