{"username": "rishi", "accepted": 0, "subtitle": "", "views": 8967, "tags": "<camera>", "userId": "10555", "userReputation": 1, "title": "", "downModVotes": 1, "authorUserId": 0, "answer": "Even I had tried but didn't work for me. However you can try this http www.linuxreaders.com 2011 03 09 android access internet from computer via usb a Another option is to set up your laptop as a wifi hotspot. This might help http keithmac.com ?p 125 a I have set up the same way at home without a wifi router. I have a wireless adapter on my desktop and set up an adhoc network and I can access my internet connection on my phone. But there's a catch. It might not work without rooting your phone. ", "upModVotes": 0, "answerScore": "-1", "id": 16880, "authorUsername": 0}