{"username": "ulmas", "accepted": 0, "subtitle": "", "views": 5862, "tags": "<wi-fi>", "userId": "17476", "userReputation": 164, "title": "", "downModVotes": 0, "authorUserId": 0, "answer": "Give a try to Onavo Count it can block certain apps to use only WiFi cap data usage provide alerts on data hogging apps has widgets and more. Link https play.google.com store apps details?id com.onavo.android.onavoid a Overall it's a very handy app for data management. It also comes with a companion app Onavo Extend to save on data usage https play.google.com store apps details?id com.onavo.android.onavoics a I would also suggest to keep data turned off as a pre caution and turning it on periodically even if you use Onavo. Settings Wireless amp Networks Mobile Networks and tick off the Data roaming checkbox. Enjoy your trip ", "upModVotes": 11, "answerScore": "11", "id": 27820, "authorUsername": 0}