{"username": "Mr. Buster", "accepted": 0, "subtitle": "", "views": 668, "tags": "<4.1-jelly-bean><samsung-galaxy-s-3><wireless-charging>", "userId": "11343", "userReputation": 3438, "title": "", "downModVotes": 0, "authorUserId": 0, "answer": "I don't think the stock app will let you change the channel but it looks like other tethering apps will. Try Wireless Tether for Root Users a FEATURES ... Settings for wifi ssid wifi channel lan network and more. blockquote ", "upModVotes": 1, "answerScore": "1", "id": 53194, "authorUsername": 0}