{"username": "patchie", "accepted": 0, "subtitle": "", "views": 98, "tags": "<settings>", "userId": "10227", "userReputation": 517, "title": "", "downModVotes": 0, "authorUserId": 0, "answer": "Go to Settings gt Wireless and network gt USB utilities code and choose Connect storage to PC . Or if you want to automatically sync files via wifi from phone to your Dropbox or FTP account you can use a super app called RealSync . You can get this app here a . ", "upModVotes": 1, "answerScore": "1", "id": 16420, "authorUsername": 0}