{"username": 0, "accepted": 0, "subtitle": "", "views": 447, "tags": "<wi-fi><archos-gen8>", "userId": null, "userReputation": 0, "title": "", "downModVotes": 0, "authorUserId": 0, "answer": "As Rohan said you need at least a device with a wireless card that can be set on monitor or promiscuous mode so you can sniff the packets sent between the clients and servers of the wireless network. So technically it is possible but at the beginning it would be a very device specific solution ", "upModVotes": 1, "answerScore": "1", "id": 2407, "authorUsername": 0}