{"username": "Muhammad Mahbubur Rahman", "accepted": 0, "subtitle": "", "views": 4546, "tags": "<battery-life><3g><2g>", "userId": "18994", "userReputation": 227, "title": "", "downModVotes": 1, "authorUserId": 0, "answer": "IP address conflict can be turned out at first check that address conflict was or was not the problem. how to use arp scan to see if two pieces of hardware were claiming the same IP address. a li ul For this please have a look http askubuntu.com questions 30080 how to solve connection refused errors in ssh connection a li ul Regarding your network check var log messages for ethernet link up downs or wlan in case of wireless . If so try changing the cables. It's not a simple connectivity issue. The ethernet link does not change state server is reachable via ping ssh connects flawlessly occasionally then seemingly randomly does not connect or existing ssh session drops. Change adapter from DHCP to static. li Try ssh v ip and check the output li ul ", "upModVotes": 1, "answerScore": "0", "id": 32804, "authorUsername": 0}