{"username": 0, "accepted": 0, "subtitle": "", "views": 264, "tags": "<keyboard><hardware>", "userId": null, "userReputation": 0, "title": "", "downModVotes": 0, "authorUserId": 0, "answer": "Never tried it myself but maybe it helps Funambol a wirelessly syncs contacts calendars email and pictures between mobile phones PCs tablets and connected devices via the cloud. blockquote They offer a free cloud service or you can install the OS Version yourself. ", "upModVotes": 1, "answerScore": "1", "id": 10086, "authorUsername": 0}