{"username": "Simon", "accepted": 0, "subtitle": "", "views": 324, "tags": "<wi-fi><security>", "userId": "24120", "userReputation": 1005, "title": "", "downModVotes": 0, "authorUserId": 0, "answer": "Now Google is focusing on the educational side offering a special version of its app store called Google Play for Education a . Initially applicable to USA only I believe . It makes it easier for educators to find apps books videos and other content appropriate for K 12 students enables bulk purchasing and the ability to distribute apps to a group of students tablets wirelessly. At launch Google is offering Play for Education bundled with Google Nexus 7 tablets. In early 2014 the company plans to offer Asus Transformer Pad and HP Slate 8 Pro tablets as well. Teachers can find apps by grade level subject or other criteria and content can be paid for using a purchase order. Video Introducing Tablets with Google Play for Education a ", "upModVotes": 1, "answerScore": "1", "id": 56991, "authorUsername": 0}