{"username": "Flow", "accepted": 0, "subtitle": "I created an unsecured ad hoc network from my Mac machine and scanned for networks using my LG Optimus 3D tried Samsung Galaxy Pop also. But unfortunately both the phone doesn't seem to pick up the private access point I have created. But the network is detectable by other laptops and phones except Android . I need this connection to happen via Wi Fi but seems I am not able to get out of this problem. I tried Wi Fi tether to do this the other way round but it seems to be buggy. The tether works for some time but fails some other time pretty unstable . Is there any stable solution to this problem? ", "views": 26210, "tags": "<wi-fi>", "userId": "440", "userReputation": 15665, "title": "Why is my Android phone unable to detect some wireless access points?", "downModVotes": 0, "authorUserId": "7833", "answer": "If it is an Ad hoc network h1 Vanilla Android does not support Ad hoc Wi Fi networks. a But there is a patch for the wpa supplicant that allows you to connect to Ad hoc networks root required em http www.xda developers.com android android ad hoc wireless network support a li http forum.xda developers.com showthread.php?t 754961 a li http szym.net 2010 12 adhoc wifi in android a li http szym.net 2010 12 prospects of ad hoc wifi in android a li ul But Android 4.0 supports a Wi Fi Direct a which can be seen as a more enhanced version of the Ad hoc protocol. strong If you have an soft AP h1 This sounds like you AP is transmitting on a channel that is not avaiable on your Android phones. strong Try setting the Wi Fi channel to something lt 12 e.g. 5. ", "upModVotes": 4, "answerScore": "4", "id": 15522, "authorUsername": "Julius Canute"}