{"username": "ZnewmaN", "accepted": 0, "subtitle": "", "views": 10788, "tags": "<internet><wifi-hotspot><proxy>", "userId": "21310", "userReputation": 1224, "title": "", "downModVotes": 0, "authorUserId": 0, "answer": "On the original Kindle Fire Airplane mode does not seem to exist but you can turn off wireless using these directions Tap the Quick Settings the Gear icon in the top right hand corner of the Home screen. li Tap Wi Fi strong . li Ensure Wireless Networking switch is in the off strong position. li ol On the new Kindle Fire you can enable airplane mode by doing the following Swipe down from the top of the screen and tap Wireless strong . li Tap On strong next to Airplane Mode li ol ", "upModVotes": 1, "answerScore": "1", "id": 43478, "authorUsername": 0}