{"username": "Bryan Denny", "accepted": 0, "subtitle": "", "views": 538, "tags": "<htc-droid-incredible><wifi-hotspot><wifi-tethering>", "userId": "10", "userReputation": 20291, "title": "", "downModVotes": 0, "authorUserId": 0, "answer": "The Galaxy Tab runs the Android OS so no you won't be able to install any software that is made for a PC unless they have re made it for Android . I do not believe you can connect a printer to it but there may be ways to print wirelessly I have no experience with this . No mouse support that I know of as it is a touch screen device. ", "upModVotes": 4, "answerScore": "4", "id": 4097, "authorUsername": 0}