{"username": "Zuul", "accepted": 0, "subtitle": "", "views": 1783, "tags": "<wifi-hotspot><logging>", "userId": "16265", "userReputation": 8332, "title": "", "downModVotes": 0, "authorUserId": 0, "answer": "The method your are describing doesn't seem possible you are trying to have your photos printed as they arrive to your computer What you can do is to print data directly from your android device to a printer Print directly from an Android device with the right Wi Fi or Bluetooth printer that are available to the device. li Print to a printer connected to a computer by using the Google's free Cloud Print technology Google Cloud Print a h1 Google Cloud Print is a new technology that connects your printers to the web. Using Google Cloud Print you can make your home and work printers available to you and anyone you choose from the applications you use every day. Google Cloud Print works on your phone tablet Chromebook PC and any other web connected device you want to print from. blockquote Requirements h2 You will need to have a computer where the printer is connected to with Google Chrome installed and connected to the Google Cloud Print service in order to have it receiving files from your devices. Printer Connected and installed on your OS li Google Chrome Installed li Cloud Print set up on Google Chrome li Logged on with the same user as your device. li ul Setup the computer h2 Launch Google Chrome li Access the menu icon in the upper right corner li select Settings li On the Settings page scroll down until your see Show advanced settings... and click it li Keep scrolling down until you find the Google Cloud Print section The available options may vary but usually you will see a Add printers or a Manage print settings button. The first will add your installed printers to the list. The second will allow you to see what printers are there. li ol Start Printing from your Android device h2 To start printing what you want you'll need to install the following app Cloud Print a h3 Description strong With Cloud Print for Android you can Print from any compatible Android device to any Google Cloud Print connected printer li Share a picture or a document from apps like Gallery directly to Cloud Print li Track the status of your print jobs li ul Printing from Android has never been easier. blockquote You open the document photo etc on your device and access the Share options where you will find the Cloud Print option. li ol Links h1 Cloud Print Google Play Store a li Google Cloud Print Homepage a li PCWorld Answer Line How to print from Android a li TabletPC Review How to Print from a Tabet Google Cloud Print amp Android Solutions a li LifeHacker Add Wireless Printing to Your Android Phone with Cloud Print a li ul ", "upModVotes": 1, "answerScore": "1", "id": 49966, "authorUsername": 0}