{"username": "Akhil", "accepted": 0, "subtitle": "", "views": 2601, "tags": "<connection-issues>", "userId": "23293", "userReputation": 3034, "title": "", "downModVotes": 0, "authorUserId": 0, "answer": "First switch on your PC's and your phone's Bluetooth. Make sure that your phone is paired up in your PC. Goto System Preferences code strong In that goto Sharing code strong Then goto Internet Sharing code strong Now Select USB Dongle code strong as the source Now Airport Wireless code strong as share via And now you can connect your phone to the internet. ", "upModVotes": 0, "answerScore": "0", "id": 61301, "authorUsername": 0}